DBA,STATE_ABBR,FIPS,2G,3G,4G_LTE,4G_NON_LTE,ANY
Bluesky_Communications,AS,600109501001004,55.768,55.768,,,55.768
Bluesky_Communications,AS,600109501001005,6.949,6.949,,,6.949
Bluesky_Communications,AS,600109501001006,33.641,33.641,,,33.641
Bluesky_Communications,AS,600109501001007,5.375,5.375,,,5.375
Bluesky_Communications,AS,600109501001011,7.4,7.4,,,7.4
Bluesky_Communications,AS,600109501002000,100.0,100.0,,,100.0
Bluesky_Communications,AS,600109501002001,99.496,99.496,,,99.496
Bluesky_Communications,AS,600109501002002,100.0,100.0,,,100.0
Bluesky_Communications,AS,600109501002003,100.0,100.0,,,100.0
Bluesky_Communications,AS,600109501002004,99.317,99.317,,,99.317
Bluesky_Communications,AS,600109501002005,100.0,100.0,,,100.0
Bluesky_Communications,AS,600109501002006,100.0,100.0,,,100.0
Bluesky_Communications,AS,600109501002007,0.899,0.899,,,0.899
Bluesky_Communications,AS,600109501002008,0.345,0.345,,,0.345
Bluesky_Communications,AS,600109501002013,100.0,100.0,,,100.0
Bluesky_Communications,AS,600109501002014,100.0,100.0,,,100.0
Bluesky_Communications,AS,600109501002015,100.0,100.0,,,100.0
Bluesky_Communications,AS,600109501002016,99.636,99.636,,,99.636
Bluesky_Communications,AS,600109501002017,100.0,100.0,,,100.0
Bluesky_Communications,AS,600109501002018,100.0,100.0,,,100.0
Bluesky_Communications,AS,600109501002019,100.0,100.0,,,100.0
Bluesky_Communications,AS,600109501002020,0.558,0.558,,,0.558
Bluesky_Communications,AS,600109501002023,0.399,0.399,,,0.399
Bluesky_Communications,AS,600109501002024,0.286,0.286,,,0.286
Bluesky_Communications,AS,600109501002025,97.849,97.849,,,97.849
Bluesky_Communications,AS,600109501002026,100.0,100.0,,,100.0
Bluesky_Communications,AS,600109501002027,100.0,100.0,,,100.0
Bluesky_Communications,AS,600109501002028,100.0,100.0,,,100.0
Bluesky_Communications,AS,600109501002029,0.705,0.705,,,0.705
Bluesky_Communications,AS,600109501002030,0.31,0.31,,,0.31
Bluesky_Communications,AS,600109501002031,10.632,10.632,,,10.632
Bluesky_Communications,AS,600109501002032,100.0,100.0,,,100.0
Bluesky_Communications,AS,600109501002033,100.0,100.0,,,100.0
Bluesky_Communications,AS,600109501002034,99.999,99.999,,,99.999
Bluesky_Communications,AS,600109501002035,7.309,7.309,,,7.309
Bluesky_Communications,AS,600109501002036,0.099,0.099,,,0.099
Bluesky_Communications,AS,600109501002037,6.561,6.561,,,6.561
Bluesky_Communications,AS,600109501002040,100.0,100.0,,,100.0
Bluesky_Communications,AS,600109501002041,0.256,0.256,,,0.256
Bluesky_Communications,AS,600109502001003,1.318,1.384,,,1.386
Bluesky_Communications,AS,600109502001005,1.365,1.36,,,1.365
Bluesky_Communications,AS,600109502001006,87.862,87.891,,,87.892
Bluesky_Communications,AS,600109502001007,100.0,100.0,,,100.001
Bluesky_Communications,AS,600109502001008,100.0,100.0,,,100.0
Bluesky_Communications,AS,600109502001009,100.0,100.0,,,100.0
Bluesky_Communications,AS,600109502001010,100.0,100.0,,,100.0
Bluesky_Communications,AS,600109502001011,100.0,100.0,,,100.0
Bluesky_Communications,AS,600109502001012,100.0,100.0,,,100.0
Bluesky_Communications,AS,600109502001013,100.0,100.0,,,100.0
Bluesky_Communications,AS,600109502001014,100.0,100.0,,,100.0
Bluesky_Communications,AS,600109502001015,0.096,0.1,,,0.1
Bluesky_Communications,AS,600109502001016,14.134,14.156,,,14.16
Bluesky_Communications,AS,600109502001019,4.617,4.589,,,4.621
Bluesky_Communications,AS,600109502001020,1.176,1.176,,,1.176
Bluesky_Communications,AS,600109502001021,6.171,6.171,,,6.171
Bluesky_Communications,AS,600109502001022,0.034,0.034,,,0.034
Bluesky_Communications,AS,600109502001023,9.613,9.719,,,9.726
Bluesky_Communications,AS,600109502001024,91.711,92.022,,,92.069
Bluesky_Communications,AS,600109502001025,3.552,3.552,,,3.552
Bluesky_Communications,AS,600109502001026,100.0,100.0,,,100.0
Bluesky_Communications,AS,600109502001027,92.442,92.442,,,92.442
Bluesky_Communications,AS,600109502001028,100.0,100.0,,,100.0
Bluesky_Communications,AS,600109502001029,100.0,100.0,,,100.0
Bluesky_Communications,AS,600109502001030,100.0,100.0,,,100.0
Bluesky_Communications,AS,600109502001031,100.0,100.0,,,100.0
Bluesky_Communications,AS,600109502002002,0.507,0.507,,,0.507
Bluesky_Communications,AS,600109502002003,1.322,1.322,,,1.322
Bluesky_Communications,AS,600109502002004,0.394,0.394,,,0.394
Bluesky_Communications,AS,600109502002005,1.614,1.614,,,1.614
Bluesky_Communications,AS,600109502002006,98.838,98.838,,,98.838
Bluesky_Communications,AS,600109502002007,10.808,10.808,,,10.808
Bluesky_Communications,AS,600109502002008,2.665,2.665,,,2.665
Bluesky_Communications,AS,600109502002009,3.314,3.314,,,3.314
Bluesky_Communications,AS,600109502002010,3.83,3.83,,,3.83
Bluesky_Communications,AS,600109502002011,8.614,8.614,,,8.614
Bluesky_Communications,AS,600109502002012,99.988,99.988,,,99.988
Bluesky_Communications,AS,600109502002013,100.0,100.0,,,100.0
Bluesky_Communications,AS,600109502002014,100.0,100.0,,,100.0
Bluesky_Communications,AS,600109502002015,99.113,99.113,,,99.113
Bluesky_Communications,AS,600109502002016,99.991,99.991,,,99.991
Bluesky_Communications,AS,600109502002017,100.0,100.0,,,100.0
Bluesky_Communications,AS,600109502002018,100.0,100.0,,,100.0
Bluesky_Communications,AS,600109502002019,100.0,100.0,,,100.0
Bluesky_Communications,AS,600109502002020,46.851,46.851,,,46.851
Bluesky_Communications,AS,600109503001001,0.149,0.149,,,0.149
Bluesky_Communications,AS,600109503001002,53.176,53.176,,,53.176
Bluesky_Communications,AS,600109503001003,78.174,78.174,,,78.174
Bluesky_Communications,AS,600109503001004,0.601,0.601,,,0.601
Bluesky_Communications,AS,600109503001005,73.7,73.7,,,73.7
Bluesky_Communications,AS,600109503001006,6.0,6.0,,,6.0
Bluesky_Communications,AS,600109503001007,3.68,3.68,,,3.68
Bluesky_Communications,AS,600109503001008,4.37,4.37,,,4.37
Bluesky_Communications,AS,600109503001009,97.856,97.856,,,97.856
Bluesky_Communications,AS,600109503001010,76.369,76.369,,,76.369
Bluesky_Communications,AS,600109503001011,3.969,3.969,,,3.969
Bluesky_Communications,AS,600109503001012,2.453,2.453,,,2.453
Bluesky_Communications,AS,600109503001013,98.247,98.247,,,98.248
Bluesky_Communications,AS,600109503001014,79.394,79.394,,,79.394
Bluesky_Communications,AS,600109503001015,0.661,0.661,,,0.661
Bluesky_Communications,AS,600109503001016,1.291,1.291,,,1.291
Bluesky_Communications,AS,600109503001017,100.0,100.0,,,100.0
Bluesky_Communications,AS,600109503001018,100.0,100.0,,,100.0
Bluesky_Communications,AS,600109503001019,83.227,83.227,,,83.227
Bluesky_Communications,AS,600109503001020,0.218,0.218,,,0.218
Bluesky_Communications,AS,600109503001021,0.675,0.675,,,0.675
Bluesky_Communications,AS,600109503001023,0.235,0.235,,,0.235
Bluesky_Communications,AS,600109503002001,0.529,0.529,,,0.529
Bluesky_Communications,AS,600109503002002,96.796,96.796,,,96.796
Bluesky_Communications,AS,600109503002003,98.268,98.268,,,98.268
Bluesky_Communications,AS,600109503002004,5.459,5.459,,,5.459
Bluesky_Communications,AS,600109503002005,100.0,100.0,,,100.0
Bluesky_Communications,AS,600109503002006,84.94,84.94,,,84.94
Bluesky_Communications,AS,600109503002007,99.794,99.794,,,99.794
Bluesky_Communications,AS,600109503002008,5.706,5.706,,,5.706
Bluesky_Communications,AS,600109503003003,0.547,0.547,,,0.547
Bluesky_Communications,AS,600109503003004,1.882,1.882,,,1.882
Bluesky_Communications,AS,600109503003005,0.281,0.281,,,0.281
Bluesky_Communications,AS,600109503003006,2.587,2.587,,,2.587
Bluesky_Communications,AS,600109503003008,53.017,53.017,,,53.017
Bluesky_Communications,AS,600109503003009,99.903,99.903,,,99.903
Bluesky_Communications,AS,600109503003010,2.223,2.223,,,2.223
Bluesky_Communications,AS,600109503003011,100.0,100.0,,,100.0
Bluesky_Communications,AS,600109503003013,14.532,14.532,,,14.532
Bluesky_Communications,AS,600109503003014,100.0,100.0,,,100.0
Bluesky_Communications,AS,600109503003015,47.88,47.88,,,47.88
Bluesky_Communications,AS,600109503003016,100.0,100.0,,,100.0
Bluesky_Communications,AS,600109503003017,99.692,99.692,,,99.692
Bluesky_Communications,AS,600109503003018,1.008,1.008,,,1.008
Bluesky_Communications,AS,600109503003020,1.571,1.571,,,1.571
Bluesky_Communications,AS,600109503003021,7.432,7.432,,,7.432
Bluesky_Communications,AS,600109503003022,1.372,1.372,,,1.372
Bluesky_Communications,AS,600109503003026,0.392,0.392,,,0.392
Bluesky_Communications,AS,600109503003027,9.738,9.738,,,9.738
Bluesky_Communications,AS,600109503003028,2.37,2.37,,,2.37
Bluesky_Communications,AS,600109503003029,2.258,2.258,,,2.258
Bluesky_Communications,AS,600109503003030,96.559,96.559,,,96.559
Bluesky_Communications,AS,600109503003031,100.0,100.0,,,100.0
Bluesky_Communications,AS,600109503003032,100.0,100.0,,,100.0
Bluesky_Communications,AS,600109503003033,100.0,100.0,,,100.0
Bluesky_Communications,AS,600109503003034,100.0,100.0,,,100.0
Bluesky_Communications,AS,600109503003035,100.0,100.0,,,100.0
Bluesky_Communications,AS,600109503003036,61.597,61.597,,,61.597
Bluesky_Communications,AS,600109503003037,29.151,29.151,,,29.151
Bluesky_Communications,AS,600109503003038,100.0,100.0,,,100.0
Bluesky_Communications,AS,600109503003039,99.982,99.982,,,99.982
Bluesky_Communications,AS,600109503003040,13.043,13.043,,,13.043
Bluesky_Communications,AS,600109503003041,80.606,80.606,,,80.606
Bluesky_Communications,AS,600109503003042,68.271,68.271,,,68.271
Bluesky_Communications,AS,600109503003043,95.485,95.485,,,95.485
Bluesky_Communications,AS,600109503003044,41.132,41.132,,,41.132
Bluesky_Communications,AS,600109503003045,100.0,100.0,,,100.0
Bluesky_Communications,AS,600109503003046,90.808,90.808,,,90.808
Bluesky_Communications,AS,600109503003047,100.0,100.0,,,100.0
Bluesky_Communications,AS,600109505001000,7.942,7.942,,,7.942
Bluesky_Communications,AS,600109505001001,15.112,15.112,,,15.113
Bluesky_Communications,AS,600109505001002,3.143,3.143,,,3.143
Bluesky_Communications,AS,600109505001003,100.0,100.0,,,100.0
Bluesky_Communications,AS,600109505001004,100.0,100.0,,,100.0
Bluesky_Communications,AS,600109505001005,100.0,100.0,,,100.0
Bluesky_Communications,AS,600109505001006,98.901,98.901,,,98.902
Bluesky_Communications,AS,600109505001007,85.763,85.763,,,85.763
Bluesky_Communications,AS,600109505001008,98.356,98.356,,,98.356
Bluesky_Communications,AS,600109505001009,99.532,99.532,,,99.532
Bluesky_Communications,AS,600109505001010,100.0,100.0,,,100.0
Bluesky_Communications,AS,600109505002000,4.098,4.098,,,4.098
Bluesky_Communications,AS,600109505002001,2.587,2.587,,,2.587
Bluesky_Communications,AS,600109505002002,1.232,1.232,,,1.232
Bluesky_Communications,AS,600109505002003,4.198,4.198,,,4.198
Bluesky_Communications,AS,600109505002004,100.0,100.0,,,100.0
Bluesky_Communications,AS,600109505002005,100.0,100.0,,,100.0
Bluesky_Communications,AS,600109505002006,100.0,100.0,,,100.0
Bluesky_Communications,AS,600109505002007,100.0,100.0,,,100.0
Bluesky_Communications,AS,600109505002008,76.895,76.895,,,76.895
Bluesky_Communications,AS,600109505002009,100.0,100.0,,,100.0
Bluesky_Communications,AS,600109505003000,7.448,7.448,,,7.448
Bluesky_Communications,AS,600109505003001,2.478,2.478,,,2.478
Bluesky_Communications,AS,600109505003002,99.999,99.999,,,99.999
Bluesky_Communications,AS,600109505003003,90.618,90.618,,,90.618
Bluesky_Communications,AS,600109505003004,100.0,100.0,,,100.0
Bluesky_Communications,AS,600109506001000,100.0,100.0,,,100.0
Bluesky_Communications,AS,600109506001001,94.46,94.46,,,94.46
Bluesky_Communications,AS,600109506001002,96.35,96.35,,,96.35
Bluesky_Communications,AS,600109506001003,100.0,100.0,,,100.0
Bluesky_Communications,AS,600109506001004,100.0,100.0,,,100.0
Bluesky_Communications,AS,600109506001005,100.0,100.0,,,100.0
Bluesky_Communications,AS,600109506001006,100.0,100.0,,,100.0
Bluesky_Communications,AS,600109506001007,100.0,100.0,,,100.0
Bluesky_Communications,AS,600109506001008,100.0,100.0,,,100.0
Bluesky_Communications,AS,600109506001009,96.408,96.408,,,96.408
Bluesky_Communications,AS,600109506001010,100.0,100.0,,,100.0
Bluesky_Communications,AS,600109506001011,100.0,100.0,,,100.0
Bluesky_Communications,AS,600109506001012,100.0,100.0,,,100.0
Bluesky_Communications,AS,600109506001013,100.0,100.0,,,100.0
Bluesky_Communications,AS,600109506001014,100.0,100.0,,,100.0
Bluesky_Communications,AS,600109506001015,82.123,82.123,,,82.123
Bluesky_Communications,AS,600109506001016,2.179,2.179,,,2.179
Bluesky_Communications,AS,600109506001017,4.584,4.584,,,4.584
Bluesky_Communications,AS,600109506001018,25.436,25.436,,,25.436
Bluesky_Communications,AS,600109506001019,0.208,0.208,,,0.208
Bluesky_Communications,AS,600109506001025,100.0,100.0,,,100.0
Bluesky_Communications,AS,600109506002000,99.806,99.806,,,99.806
Bluesky_Communications,AS,600109506002001,94.14,94.14,,,94.14
Bluesky_Communications,AS,600109506002002,100.0,100.0,,,100.0
Bluesky_Communications,AS,600109506002003,100.0,100.0,,,100.0
Bluesky_Communications,AS,600109506002004,100.0,100.0,,,100.0
Bluesky_Communications,AS,600109506002005,11.787,11.787,,,11.787
Bluesky_Communications,AS,600109506003000,100.0,100.0,,,100.0
Bluesky_Communications,AS,600109506003001,57.884,57.884,,,57.884
Bluesky_Communications,AS,600109506003002,100.0,100.0,,,100.0
Bluesky_Communications,AS,600109506003003,100.001,100.001,,,100.001
Bluesky_Communications,AS,600109506003004,100.0,100.0,,,100.0
Bluesky_Communications,AS,600109506003005,100.0,100.0,,,100.0
Bluesky_Communications,AS,600109507001000,100.0,100.0,,,100.0
Bluesky_Communications,AS,600109507001001,100.0,100.0,,,100.0
Bluesky_Communications,AS,600109507001002,100.0,100.0,,,100.0
Bluesky_Communications,AS,600109507001003,2.929,2.929,,,2.929
Bluesky_Communications,AS,600109507001004,5.576,5.576,,,5.576
Bluesky_Communications,AS,600109507001005,100.0,100.0,,,100.0
Bluesky_Communications,AS,600109507001006,99.205,99.205,,,99.205
Bluesky_Communications,AS,600109507001007,100.0,100.0,,,100.0
Bluesky_Communications,AS,600109507001008,100.0,100.0,,,100.0
Bluesky_Communications,AS,600109507001009,100.0,100.0,,,100.0
Bluesky_Communications,AS,600109507001010,100.0,100.0,,,100.0
Bluesky_Communications,AS,600109507001011,100.0,100.0,,,100.0
Bluesky_Communications,AS,600109507001012,100.0,100.0,,,100.0
Bluesky_Communications,AS,600109507001013,100.0,100.0,,,100.0
Bluesky_Communications,AS,600109507001014,100.0,100.0,,,100.0
Bluesky_Communications,AS,600109507002000,6.834,6.834,,,6.834
Bluesky_Communications,AS,600109507002001,11.849,11.849,,,11.849
Bluesky_Communications,AS,600109507002002,98.713,98.713,,,98.713
Bluesky_Communications,AS,600109507002003,100.0,100.0,,,100.0
Bluesky_Communications,AS,600109507002004,58.804,58.804,,,58.804
Bluesky_Communications,AS,600109507002005,100.0,100.0,,,100.0
Bluesky_Communications,AS,600109507002006,100.0,100.0,,,100.0
Bluesky_Communications,AS,600109507002007,100.0,100.0,,,100.0
Bluesky_Communications,AS,600109507002008,100.0,100.0,,,100.0
Bluesky_Communications,AS,600109507002009,100.0,100.0,,,100.0
Bluesky_Communications,AS,600109507002010,100.0,100.0,,,100.0
Bluesky_Communications,AS,600109507002011,100.0,100.0,,,100.0
Bluesky_Communications,AS,600109507002012,89.611,89.611,,,89.611
Bluesky_Communications,AS,600109507002013,100.0,100.0,,,100.001
Bluesky_Communications,AS,600109507002014,64.587,64.587,,,64.587
Bluesky_Communications,AS,600109507002015,6.909,6.909,,,6.909
Bluesky_Communications,AS,600109507002016,100.0,100.0,,,100.0
Bluesky_Communications,AS,600109507002017,100.0,100.0,,,100.001
Bluesky_Communications,AS,600109507002018,100.0,100.0,,,100.0
Bluesky_Communications,AS,600109507002019,100.0,100.0,,,99.999
Bluesky_Communications,AS,600109507003000,2.834,2.834,,,2.834
Bluesky_Communications,AS,600109507003001,2.46,2.46,,,2.46
Bluesky_Communications,AS,600109507003002,100.0,100.0,,,100.0
Bluesky_Communications,AS,600109507003003,100.0,100.0,,,100.0
Bluesky_Communications,AS,600109507003004,79.507,79.507,,,79.507
Bluesky_Communications,AS,600109507003005,100.0,100.0,,,100.0
Bluesky_Communications,AS,600109507003006,100.0,100.0,,,100.0
Bluesky_Communications,AS,600109507003007,100.0,100.0,,,100.0
Bluesky_Communications,AS,600109507003008,1.283,1.283,,,1.283
Bluesky_Communications,AS,600109507003009,98.407,98.407,,,98.407
Bluesky_Communications,AS,600109507003010,100.0,100.0,,,100.0
Bluesky_Communications,AS,600109507003011,100.0,100.0,,,100.0
Bluesky_Communications,AS,600109507003012,100.0,100.0,,,100.0
Bluesky_Communications,AS,600109509001004,19.232,19.232,,,19.232
Bluesky_Communications,AS,600109509001005,65.818,65.818,,,65.818
Bluesky_Communications,AS,600109509001006,100.0,100.0,,,100.0
Bluesky_Communications,AS,600109509001007,100.0,100.0,,,100.0
Bluesky_Communications,AS,600109509001010,0.012,0.012,,,0.012
Bluesky_Communications,AS,600109509001012,4.99,4.99,,,4.99
Bluesky_Communications,AS,600109509001013,0.74,0.74,,,0.74
Bluesky_Communications,AS,600109509001014,14.266,14.266,,,14.266
Bluesky_Communications,AS,600109509001015,71.503,71.503,,,71.503
Bluesky_Communications,AS,600109509001016,59.924,59.924,,,59.924
Bluesky_Communications,AS,600109509001017,100.0,100.0,,,100.0
Bluesky_Communications,AS,600109509001018,87.743,87.743,,,87.743
Bluesky_Communications,AS,600109509001019,1.195,1.195,,,1.195
Bluesky_Communications,AS,600109509002000,100.0,100.0,,,100.0
Bluesky_Communications,AS,600109509002001,61.356,61.356,,,61.356
Bluesky_Communications,AS,600109509002002,100.0,100.0,,,100.0
Bluesky_Communications,AS,600109509002003,100.0,100.0,,,100.0
Bluesky_Communications,AS,600109509003000,100.0,100.0,,,100.0
Bluesky_Communications,AS,600109509003001,99.129,99.129,,,99.129
Bluesky_Communications,AS,600109509003002,100.0,100.0,,,100.0
Bluesky_Communications,AS,600109509003003,100.0,100.0,,,100.0
Bluesky_Communications,AS,600109509003004,99.986,99.986,,,99.986
Bluesky_Communications,AS,600109509003005,3.366,3.366,,,3.366
Bluesky_Communications,AS,600109509003006,0.886,0.886,,,0.886
Bluesky_Communications,AS,600109509003010,0.128,0.128,,,0.128
Bluesky_Communications,AS,600109509003011,7.736,7.736,,,7.736
Bluesky_Communications,AS,600109509003012,95.913,95.913,,,95.913
Bluesky_Communications,AS,600109509003013,99.34,99.34,,,99.34
Bluesky_Communications,AS,600109509003014,18.217,18.217,,,18.217
Bluesky_Communications,AS,600109509003015,100.0,100.0,,,100.0
Bluesky_Communications,AS,600109509003016,100.001,100.001,,,100.001
Bluesky_Communications,AS,600109509003017,100.0,100.0,,,100.0
Bluesky_Communications,AS,600109509003018,100.0,100.0,,,100.0
Bluesky_Communications,AS,600109509003019,100.0,100.0,,,100.0
Bluesky_Communications,AS,600109509003020,100.0,100.0,,,100.0
Bluesky_Communications,AS,600109509003021,100.0,100.0,,,100.0
Bluesky_Communications,AS,600109509003022,100.0,100.0,,,100.0
Bluesky_Communications,AS,600109509003023,100.001,100.001,,,100.001
Bluesky_Communications,AS,600109509003024,100.0,100.0,,,100.0
Bluesky_Communications,AS,600109509003025,100.0,100.0,,,100.0
Bluesky_Communications,AS,600109509003026,100.0,100.0,,,100.0
Bluesky_Communications,AS,600109509003027,91.482,91.482,,,91.482
Bluesky_Communications,AS,600109509003028,6.814,6.814,,,6.814
Bluesky_Communications,AS,600109509003029,1.069,1.069,,,1.069
Bluesky_Communications,AS,600109509003030,100.0,100.0,,,100.0
Bluesky_Communications,AS,600109509003031,96.98,96.98,,,96.98
Bluesky_Communications,AS,600109509003032,100.0,100.0,,,100.0
Bluesky_Communications,AS,600109509003033,100.0,100.0,,,100.0
Bluesky_Communications,AS,600109509003034,98.539,98.539,,,98.539
Bluesky_Communications,AS,600109509003035,9.567,9.567,,,9.567
Bluesky_Communications,AS,600109509003036,99.809,99.809,,,99.809
Bluesky_Communications,AS,600109509003037,14.618,14.618,,,14.618
Bluesky_Communications,AS,600109509003038,100.0,100.0,,,100.0
Bluesky_Communications,AS,600109509003039,99.999,99.999,,,99.999
Bluesky_Communications,AS,600109509003040,100.0,100.0,,,100.0
Bluesky_Communications,AS,600109509003041,100.0,100.0,,,100.0
Bluesky_Communications,AS,600109509003042,100.0,100.0,,,100.0
Bluesky_Communications,AS,600109509003043,99.544,99.544,,,99.544
Bluesky_Communications,AS,600109509003044,100.0,100.0,,,100.0
Bluesky_Communications,AS,600109509003045,100.0,100.0,,,100.0
Bluesky_Communications,AS,600109509003046,100.0,100.0,,,100.0
Bluesky_Communications,AS,600109509003047,100.0,100.0,,,100.0
Bluesky_Communications,AS,600109509003048,1.265,1.265,,,1.265
Bluesky_Communications,AS,600109509003049,100.0,100.0,,,100.0
Bluesky_Communications,AS,600109509003050,100.0,100.0,,,100.0
Bluesky_Communications,AS,600109509004000,100.0,100.0,,,100.0
Bluesky_Communications,AS,600109509004001,100.0,100.0,,,100.0
Bluesky_Communications,AS,600109509004002,3.239,3.239,,,3.239
Bluesky_Communications,AS,600109509004003,0.138,0.138,,,0.138
Bluesky_Communications,AS,600109509004004,0.742,0.742,,,0.742
Bluesky_Communications,AS,600109509004007,100.0,100.0,,,100.0
Bluesky_Communications,AS,600109509004008,5.772,5.772,,,5.772
Bluesky_Communications,AS,600109509004009,99.214,99.214,,,99.214
Bluesky_Communications,AS,600109509004010,85.125,85.125,,,85.126
Bluesky_Communications,AS,600109509004011,56.782,56.782,,,56.782
Bluesky_Communications,AS,600109509004012,79.139,79.139,,,79.139
Bluesky_Communications,AS,600109509004013,100.0,100.0,,,100.0
Bluesky_Communications,AS,600209518002001,21.181,,,,21.181
Bluesky_Communications,AS,600209518002002,100.0,,,,100.0
Bluesky_Communications,AS,600209518002003,94.305,,,,94.305
Bluesky_Communications,AS,600209518002004,0.762,,,,0.762
Bluesky_Communications,AS,600209518002005,100.0,,,,100.0
Bluesky_Communications,AS,600209518002006,100.0,,,,100.0
Bluesky_Communications,AS,600209518002007,85.712,,,,85.712
Bluesky_Communications,AS,600209518002008,100.0,,,,100.0
Bluesky_Communications,AS,600209518002009,100.0,,,,100.0
Bluesky_Communications,AS,600209518002010,0.008,,,,0.008
Bluesky_Communications,AS,600209518002021,21.662,,,,21.662
Bluesky_Communications,AS,600209518002022,81.498,,,,81.498
Bluesky_Communications,AS,600209518002023,3.279,,,,3.279
Bluesky_Communications,AS,600209518002031,0.007,,,,0.007
Bluesky_Communications,AS,600209518002032,0.259,,,,0.259
Bluesky_Communications,AS,600509510001000,100.0,100.0,,,100.0
Bluesky_Communications,AS,600509510001001,87.187,87.187,,,87.187
Bluesky_Communications,AS,600509510001002,100.0,100.0,,,100.0
Bluesky_Communications,AS,600509510001003,100.0,100.0,,,100.0
Bluesky_Communications,AS,600509510001004,100.0,100.0,,,100.0
Bluesky_Communications,AS,600509510001005,100.0,100.0,,,100.0
Bluesky_Communications,AS,600509510001006,100.0,100.0,,,100.0
Bluesky_Communications,AS,600509510001007,100.0,100.0,,,100.0
Bluesky_Communications,AS,600509510001008,100.0,100.0,,,100.0
Bluesky_Communications,AS,600509510001009,100.0,100.0,,,100.0
Bluesky_Communications,AS,600509510001010,100.0,100.0,,,100.0
Bluesky_Communications,AS,600509510002000,100.0,100.0,,,100.0
Bluesky_Communications,AS,600509510002001,100.0,100.0,,,100.0
Bluesky_Communications,AS,600509510002002,100.0,100.0,,,100.0
Bluesky_Communications,AS,600509510002003,100.0,100.0,,,100.0
Bluesky_Communications,AS,600509510002004,100.0,100.0,,,100.0
Bluesky_Communications,AS,600509510002005,100.0,100.0,,,100.0
Bluesky_Communications,AS,600509510002006,100.0,100.0,,,100.0
Bluesky_Communications,AS,600509510002007,100.0,100.0,,,100.0
Bluesky_Communications,AS,600509510002008,100.0,100.0,,,100.0
Bluesky_Communications,AS,600509510002009,100.0,100.0,,,100.0
Bluesky_Communications,AS,600509510002010,100.0,100.0,,,100.0
Bluesky_Communications,AS,600509510002011,100.0,100.0,,,100.0
Bluesky_Communications,AS,600509510002012,93.788,93.788,,,93.788
Bluesky_Communications,AS,600509510002013,100.0,100.0,,,100.0
Bluesky_Communications,AS,600509510002014,100.0,100.0,,,100.0
Bluesky_Communications,AS,600509510002015,100.0,100.0,,,100.0
Bluesky_Communications,AS,600509510002016,100.0,100.0,,,100.0
Bluesky_Communications,AS,600509510002017,99.999,99.999,,,99.999
Bluesky_Communications,AS,600509510002018,97.57,97.57,,,97.57
Bluesky_Communications,AS,600509510002019,100.0,100.0,,,100.0
Bluesky_Communications,AS,600509511001000,100.0,100.0,,,100.0
Bluesky_Communications,AS,600509511001001,100.0,100.0,,,100.0
Bluesky_Communications,AS,600509511001002,100.0,100.0,,,100.0
Bluesky_Communications,AS,600509511001003,100.0,100.0,,,100.0
Bluesky_Communications,AS,600509511001004,100.0,100.0,,,100.0
Bluesky_Communications,AS,600509511001005,100.0,100.0,,,100.0
Bluesky_Communications,AS,600509511001006,100.0,100.0,,,100.0
Bluesky_Communications,AS,600509511001007,100.0,100.0,,,100.0
Bluesky_Communications,AS,600509511001008,100.0,100.0,,,100.0
Bluesky_Communications,AS,600509511001009,100.0,100.0,,,100.0
Bluesky_Communications,AS,600509511001010,100.0,100.0,,,100.0
Bluesky_Communications,AS,600509511001011,100.0,100.0,,,100.0
Bluesky_Communications,AS,600509511001012,100.0,100.0,,,100.0
Bluesky_Communications,AS,600509511002000,100.0,100.0,,,100.0
Bluesky_Communications,AS,600509511002001,100.0,100.0,,,100.0
Bluesky_Communications,AS,600509511002002,100.0,100.0,,,100.0
Bluesky_Communications,AS,600509511002003,100.0,100.0,,,100.0
Bluesky_Communications,AS,600509511002004,100.0,100.0,,,100.0
Bluesky_Communications,AS,600509511002005,100.0,100.0,,,100.0
Bluesky_Communications,AS,600509511002006,100.0,100.0,,,100.0
Bluesky_Communications,AS,600509511002007,100.0,100.0,,,100.0
Bluesky_Communications,AS,600509511002008,100.0,100.0,,,100.0
Bluesky_Communications,AS,600509511002009,100.0,100.0,,,100.0
Bluesky_Communications,AS,600509511003000,100.0,100.0,,,100.0
Bluesky_Communications,AS,600509511003001,100.0,100.0,,,100.0
Bluesky_Communications,AS,600509511003002,100.0,100.0,,,100.0
Bluesky_Communications,AS,600509511003003,100.0,100.0,,,100.0
Bluesky_Communications,AS,600509511003004,100.0,100.0,,,100.0
Bluesky_Communications,AS,600509511003005,100.0,100.0,,,100.0
Bluesky_Communications,AS,600509511003006,100.0,100.0,,,100.0
Bluesky_Communications,AS,600509511003007,100.0,100.0,,,100.0
Bluesky_Communications,AS,600509512011000,0.074,0.074,,,0.074
Bluesky_Communications,AS,600509512011001,99.0,99.0,,,99.0
Bluesky_Communications,AS,600509512011002,100.0,100.0,,,100.0
Bluesky_Communications,AS,600509512011003,100.0,100.0,,,100.0
Bluesky_Communications,AS,600509512011004,100.0,100.0,,,100.0
Bluesky_Communications,AS,600509512011005,100.0,100.0,,,100.0
Bluesky_Communications,AS,600509512011006,100.0,100.0,,,100.0
Bluesky_Communications,AS,600509512011007,100.0,100.0,,,100.0
Bluesky_Communications,AS,600509512011008,100.0,100.0,,,100.0
Bluesky_Communications,AS,600509512011009,100.0,100.0,,,100.0
Bluesky_Communications,AS,600509512011010,100.0,100.0,,,100.0
Bluesky_Communications,AS,600509512011011,100.0,100.0,,,100.0
Bluesky_Communications,AS,600509512011012,100.0,100.0,,,100.0
Bluesky_Communications,AS,600509512011013,100.0,100.0,,,100.0
Bluesky_Communications,AS,600509512011014,100.0,100.0,,,100.0
Bluesky_Communications,AS,600509512011015,100.0,100.0,,,100.0
Bluesky_Communications,AS,600509512011016,100.0,100.0,,,100.0
Bluesky_Communications,AS,600509512011017,100.0,100.0,,,100.0
Bluesky_Communications,AS,600509512011018,100.0,100.0,,,100.0
Bluesky_Communications,AS,600509512011019,100.0,100.0,,,100.0
Bluesky_Communications,AS,600509512011020,100.0,100.0,,,100.0
Bluesky_Communications,AS,600509512011021,100.0,100.0,,,100.0
Bluesky_Communications,AS,600509512011022,100.0,100.0,,,100.0
Bluesky_Communications,AS,600509512011023,100.0,100.0,,,100.0
Bluesky_Communications,AS,600509512011024,100.0,100.0,,,100.0
Bluesky_Communications,AS,600509512011025,100.0,100.0,,,100.0
Bluesky_Communications,AS,600509512011026,100.0,100.0,,,100.0
Bluesky_Communications,AS,600509512012000,100.0,100.0,,,100.0
Bluesky_Communications,AS,600509512012001,100.0,100.0,,,100.0
Bluesky_Communications,AS,600509512012002,100.0,100.0,,,100.0
Bluesky_Communications,AS,600509512012003,100.0,100.0,,,100.0
Bluesky_Communications,AS,600509512012004,100.0,100.0,,,100.0
Bluesky_Communications,AS,600509512012005,100.0,100.0,,,100.0
Bluesky_Communications,AS,600509512012006,100.0,100.0,,,100.0
Bluesky_Communications,AS,600509512012007,100.0,100.0,,,100.0
Bluesky_Communications,AS,600509512012008,100.0,100.0,,,100.0
Bluesky_Communications,AS,600509512012009,100.0,100.0,,,100.0
Bluesky_Communications,AS,600509512012010,100.0,100.0,,,100.0
Bluesky_Communications,AS,600509512012011,100.0,100.0,,,100.0
Bluesky_Communications,AS,600509512012012,100.0,100.0,,,100.0
Bluesky_Communications,AS,600509512021000,100.0,100.0,,,100.0
Bluesky_Communications,AS,600509512021001,100.0,100.0,,,100.0
Bluesky_Communications,AS,600509512021002,100.0,100.0,,,100.0
Bluesky_Communications,AS,600509512021003,100.0,100.0,,,100.0
Bluesky_Communications,AS,600509512021004,100.0,100.0,,,100.0
Bluesky_Communications,AS,600509512021005,100.0,100.0,,,100.0
Bluesky_Communications,AS,600509512021006,100.0,100.0,,,100.0
Bluesky_Communications,AS,600509512021007,100.0,100.0,,,100.0
Bluesky_Communications,AS,600509512021008,100.0,100.0,,,100.0
Bluesky_Communications,AS,600509512021009,100.0,100.0,,,100.0
Bluesky_Communications,AS,600509512021010,100.0,100.0,,,100.0
Bluesky_Communications,AS,600509512021011,100.0,100.0,,,100.0
Bluesky_Communications,AS,600509512021012,100.0,100.0,,,100.0
Bluesky_Communications,AS,600509512021013,100.0,100.0,,,100.0
Bluesky_Communications,AS,600509512021014,100.0,100.0,,,100.0
Bluesky_Communications,AS,600509512021015,100.0,100.0,,,100.0
Bluesky_Communications,AS,600509512021016,100.0,100.0,,,100.0
Bluesky_Communications,AS,600509512021017,100.0,100.0,,,100.0
Bluesky_Communications,AS,600509512021018,100.0,100.0,,,100.0
Bluesky_Communications,AS,600509512021019,100.0,100.0,,,100.0
Bluesky_Communications,AS,600509512021020,100.0,100.0,,,100.0
Bluesky_Communications,AS,600509512021021,100.0,100.0,,,100.0
Bluesky_Communications,AS,600509512021022,100.0,100.0,,,100.0
Bluesky_Communications,AS,600509512021023,100.0,100.0,,,100.0
Bluesky_Communications,AS,600509512022000,100.0,100.0,,,100.0
Bluesky_Communications,AS,600509512022001,100.0,100.0,,,100.0
Bluesky_Communications,AS,600509512022002,100.0,100.0,,,100.0
Bluesky_Communications,AS,600509512022003,100.0,100.0,,,100.0
Bluesky_Communications,AS,600509512022004,100.0,100.0,,,100.0
Bluesky_Communications,AS,600509512022005,100.0,100.0,,,100.0
Bluesky_Communications,AS,600509512031000,100.0,100.0,,,100.0
Bluesky_Communications,AS,600509512031001,100.0,100.0,,,100.0
Bluesky_Communications,AS,600509512031002,100.0,100.0,,,100.0
Bluesky_Communications,AS,600509512031003,100.0,100.0,,,100.0
Bluesky_Communications,AS,600509512031004,100.0,100.0,,,100.0
Bluesky_Communications,AS,600509512031005,100.0,100.0,,,100.0
Bluesky_Communications,AS,600509512031006,100.0,100.0,,,100.0
Bluesky_Communications,AS,600509512031007,100.0,100.0,,,100.0
Bluesky_Communications,AS,600509512032000,100.0,100.0,,,100.0
Bluesky_Communications,AS,600509512032001,100.0,100.0,,,100.0
Bluesky_Communications,AS,600509512032002,100.0,100.0,,,100.0
Bluesky_Communications,AS,600509512032003,100.0,100.0,,,100.0
Bluesky_Communications,AS,600509512032004,100.0,100.0,,,100.0
Bluesky_Communications,AS,600509512032005,100.0,100.0,,,100.0
Bluesky_Communications,AS,600509512032006,100.0,100.0,,,100.0
Bluesky_Communications,AS,600509512032007,99.704,99.704,,,99.704
Bluesky_Communications,AS,600509512032008,100.0,100.0,,,100.0
Bluesky_Communications,AS,600509512032009,0.234,0.234,,,0.234
Bluesky_Communications,AS,600509512032010,100.0,100.0,,,100.0
Bluesky_Communications,AS,600509512032011,99.272,99.272,,,99.272
Bluesky_Communications,AS,600509512032012,10.552,10.552,,,10.552
Bluesky_Communications,AS,600509512032013,100.0,100.0,,,100.0
Bluesky_Communications,AS,600509512032014,100.0,100.0,,,100.0
Bluesky_Communications,AS,600509512032015,100.0,100.0,,,100.0
Bluesky_Communications,AS,600509512032016,100.0,100.0,,,100.0
Bluesky_Communications,AS,600509512032017,100.0,100.0,,,100.0
Bluesky_Communications,AS,600509512032018,100.0,100.0,,,100.0
Bluesky_Communications,AS,600509512032019,100.0,100.0,,,100.0
Bluesky_Communications,AS,600509512032020,100.0,100.0,,,100.0
Bluesky_Communications,AS,600509512032021,100.0,100.0,,,100.0
Bluesky_Communications,AS,600509512033000,100.0,100.0,,,100.0
Bluesky_Communications,AS,600509512033001,100.0,100.0,,,100.0
Bluesky_Communications,AS,600509512033002,98.347,98.347,,,98.347
Bluesky_Communications,AS,600509512033003,68.458,68.458,,,68.458
Bluesky_Communications,AS,600509512033004,100.0,100.0,,,100.0
Bluesky_Communications,AS,600509512033005,100.0,100.0,,,100.0
Bluesky_Communications,AS,600509512033006,0.029,0.029,,,0.029
Bluesky_Communications,AS,600509512033007,0.889,0.889,,,0.889
Bluesky_Communications,AS,600509512033009,1.725,1.725,,,1.725
Bluesky_Communications,AS,600509512033010,32.98,32.98,,,32.98
Bluesky_Communications,AS,600509512033011,100.0,100.0,,,100.0
Bluesky_Communications,AS,600509512033012,100.0,100.0,,,100.0
Bluesky_Communications,AS,600509512033013,100.0,100.0,,,100.0
Bluesky_Communications,AS,600509512033014,100.0,100.0,,,100.0
Bluesky_Communications,AS,600509512033015,100.0,100.0,,,100.0
Bluesky_Communications,AS,600509512033016,99.871,99.871,,,99.871
Bluesky_Communications,AS,600509513001000,100.0,100.0,,,100.0
Bluesky_Communications,AS,600509513001001,100.0,100.0,,,100.0
Bluesky_Communications,AS,600509513001002,100.0,100.0,,,100.0
Bluesky_Communications,AS,600509513001003,100.0,100.0,,,100.0
Bluesky_Communications,AS,600509513001004,100.0,100.0,,,100.0
Bluesky_Communications,AS,600509513001005,100.0,100.0,,,100.0
Bluesky_Communications,AS,600509513001006,66.289,66.289,,,66.289
Bluesky_Communications,AS,600509513001008,100.0,100.0,,,100.0
Bluesky_Communications,AS,600509513001010,1.37,1.37,,,1.37
Bluesky_Communications,AS,600509513001012,100.0,100.0,,,100.0
Bluesky_Communications,AS,600509513001013,100.0,100.0,,,100.0
Bluesky_Communications,AS,600509513001014,100.0,100.0,,,100.0
Bluesky_Communications,AS,600509513002000,0.181,0.181,,,0.181
Bluesky_Communications,AS,600509513002001,0.193,0.193,,,0.193
Bluesky_Communications,AS,600509513002002,72.416,72.416,,,72.416
Bluesky_Communications,AS,600509513002003,96.584,96.584,,,96.584
Bluesky_Communications,AS,600509513002004,100.0,100.0,,,100.0
Bluesky_Communications,AS,600509513002005,100.0,100.0,,,100.0
Bluesky_Communications,AS,600509513002006,100.0,100.0,,,100.0
Bluesky_Communications,AS,600509513002007,100.0,100.0,,,100.0
Bluesky_Communications,AS,600509513002008,100.0,100.0,,,100.0
Bluesky_Communications,AS,600509513002009,100.0,100.0,,,100.0
Bluesky_Communications,AS,600509513002010,96.935,96.935,,,96.935
Bluesky_Communications,AS,600509513002011,100.0,100.0,,,100.0
Bluesky_Communications,AS,600509513002012,100.0,100.0,,,100.0
Bluesky_Communications,AS,600509513002013,100.0,100.0,,,100.0
Bluesky_Communications,AS,600509513002014,100.0,100.0,,,100.0
Bluesky_Communications,AS,600509513002015,4.576,4.576,,,4.576
Bluesky_Communications,AS,600509513002016,99.944,99.944,,,99.944
Bluesky_Communications,AS,600509513002017,100.0,100.0,,,100.0
Bluesky_Communications,AS,600509513002018,100.0,100.0,,,100.0
Bluesky_Communications,AS,600509513002019,100.0,100.0,,,100.0
Bluesky_Communications,AS,600509513002020,100.0,100.0,,,100.0
Bluesky_Communications,AS,600509513002021,100.0,100.0,,,100.0
Bluesky_Communications,AS,600509513002022,100.0,100.0,,,100.0
Bluesky_Communications,AS,600509513002023,100.0,100.0,,,100.0
Bluesky_Communications,AS,600509513002024,99.465,99.465,,,99.465
Bluesky_Communications,AS,600509513002025,100.0,100.0,,,100.0
Bluesky_Communications,AS,600509513002026,100.0,100.0,,,100.0
Bluesky_Communications,AS,600509515001004,39.922,39.922,,,39.922
Bluesky_Communications,AS,600509515001007,100.0,100.0,,,100.0
Bluesky_Communications,AS,600509515001008,100.0,100.0,,,100.0
Bluesky_Communications,AS,600509515001009,100.0,100.0,,,100.0
Bluesky_Communications,AS,600509515001010,100.0,100.0,,,100.0
Bluesky_Communications,AS,600509515001011,100.0,100.0,,,100.0
Bluesky_Communications,AS,600509515001012,47.073,47.073,,,47.073
Bluesky_Communications,AS,600509515001015,100.0,100.0,,,100.0
Bluesky_Communications,AS,600509515001016,100.0,100.0,,,100.0
Bluesky_Communications,AS,600509516001000,100.0,100.0,,,100.0
Bluesky_Communications,AS,600509516001001,100.0,100.0,,,100.0
Bluesky_Communications,AS,600509516001002,94.956,94.956,,,94.956
Bluesky_Communications,AS,600509516001003,0.233,0.233,,,0.233
Bluesky_Communications,AS,600509516001004,92.334,92.334,,,92.334
Bluesky_Communications,AS,600509516001005,0.209,0.209,,,0.209
Bluesky_Communications,AS,600509516001006,0.103,0.103,,,0.103
Bluesky_Communications,AS,600509516001007,0.205,0.205,,,0.205
Bluesky_Communications,AS,600509516001008,96.93,96.93,,,96.93
Bluesky_Communications,AS,600509516001009,100.0,100.0,,,100.0
Bluesky_Communications,AS,600509516001010,18.952,18.952,,,18.952
Bluesky_Communications,AS,600509516001011,87.068,87.068,,,87.068
Bluesky_Communications,AS,600509516001012,100.0,100.0,,,100.0
Bluesky_Communications,AS,600509516001013,100.0,100.0,,,100.0
Bluesky_Communications,AS,600509516001014,64.06,64.06,,,64.06
Bluesky_Communications,AS,600509516001015,5.7,5.7,,,5.7
Bluesky_Communications,AS,600509516001016,0.005,0.005,,,0.005
Bluesky_Communications,AS,600509516001019,77.595,77.595,,,77.595
Bluesky_Communications,AS,600509516001021,0.008,0.008,,,0.008
Bluesky_Communications,AS,600509516001023,5.536,5.536,,,5.536
Bluesky_Communications,AS,600509516001030,22.247,22.247,,,22.247
Bluesky_Communications,AS,600509516001032,1.189,1.189,,,1.189
Bluesky_Communications,AS,600509516001035,16.921,16.921,,,16.921
Bluesky_Communications,AS,600509516001036,99.967,99.967,,,99.967
Bluesky_Communications,AS,600509516001038,0.591,0.591,,,0.591
Bluesky_Communications,AS,600509516002000,25.297,25.297,,,25.297
Bluesky_Communications,AS,600509516002001,2.57,2.57,,,2.57
Bluesky_Communications,AS,600509516002004,0.859,0.859,,,0.859
Bluesky_Communications,AS,600509516002005,0.104,0.104,,,0.104
Bluesky_Communications,AS,600509516002006,0.083,0.083,,,0.083
Bluesky_Communications,AS,600509516002007,3.779,3.779,,,3.779
Bluesky_Communications,AS,600509516002008,94.9,94.9,,,94.9
Bluesky_Communications,AS,600509516002009,89.516,89.516,,,89.516
Bluesky_Communications,AS,600509516002010,95.297,95.297,,,95.297
Bluesky_Communications,AS,600509516002012,17.175,17.175,,,17.175
Bluesky_Communications,AS,600509516002013,46.452,46.452,,,46.452
Bluesky_Communications,AS,600509516002014,92.393,92.393,,,92.393
Bluesky_Communications,AS,600509516002015,100.0,100.0,,,100.0
Bluesky_Communications,AS,600509516002016,100.0,100.0,,,100.0
Bluesky_Communications,AS,600509516002017,99.685,99.685,,,99.685
Bluesky_Communications,AS,600509516002018,99.712,99.712,,,99.712
Bluesky_Communications,AS,600509516002019,99.06,99.06,,,99.06
Bluesky_Communications,AS,600509516002020,5.46,5.46,,,5.46
Bluesky_Communications,AS,600509516002021,92.103,92.103,,,92.103
Bluesky_Communications,AS,600509516002022,76.178,76.178,,,76.178
Bluesky_Communications,AS,600509516002023,98.903,98.903,,,98.903
Bluesky_Communications,AS,600509516002024,79.238,79.238,,,79.238
Bluesky_Communications,AS,600509516003000,10.827,10.827,,,10.827
Bluesky_Communications,AS,600509516003001,14.572,14.572,,,14.572
Bluesky_Communications,AS,600509516003002,100.0,100.0,,,100.0
Bluesky_Communications,AS,600509516003003,100.0,100.0,,,100.0
Bluesky_Communications,AS,600509516003004,100.0,100.0,,,100.0
Bluesky_Communications,AS,600509516003005,100.0,100.0,,,100.0
Bluesky_Communications,AS,600509516003006,100.0,100.0,,,100.0
Bluesky_Communications,AS,600509516003007,100.0,100.0,,,100.0
Bluesky_Communications,AS,600509516003008,100.0,100.0,,,100.0
Bluesky_Communications,AS,600509516003009,100.0,100.0,,,100.0
Bluesky_Communications,AS,600509516003010,100.0,100.0,,,100.0
Bluesky_Communications,AS,600509516003011,100.0,100.0,,,100.0
Bluesky_Communications,AS,600509516003012,100.0,100.0,,,100.0
Bluesky_Communications,AS,600509516003013,100.0,100.0,,,100.0
Bluesky_Communications,AS,600509516003014,100.0,100.0,,,100.0
Bluesky_Communications,AS,600509516003015,100.0,100.0,,,100.0
Bluesky_Communications,AS,600509516004000,100.0,100.0,,,100.0
Bluesky_Communications,AS,600509516004001,100.0,100.0,,,100.0
Bluesky_Communications,AS,600509516004002,100.0,100.0,,,100.0
Bluesky_Communications,AS,600509516004003,100.0,100.0,,,100.0
Bluesky_Communications,AS,600509516004004,100.0,100.0,,,100.0
Bluesky_Communications,AS,600509516004005,100.0,100.0,,,100.0
Bluesky_Communications,AS,600509516004006,100.0,100.0,,,100.0
Bluesky_Communications,AS,600509516004007,100.0,100.0,,,100.0
Bluesky_Communications,AS,600509516004008,100.0,100.0,,,100.0
Bluesky_Communications,AS,600509516004009,100.0,100.0,,,100.0
Bluesky_Communications,AS,600509516004010,100.0,100.0,,,100.0
Bluesky_Communications,AS,600509516004011,100.0,100.0,,,100.0
Bluesky_Communications,AS,600509516004012,100.0,100.0,,,100.0
Bluesky_Communications,AS,600509516004013,100.0,100.0,,,100.0
Bluesky_Communications,AS,600509516004014,100.0,100.0,,,100.0
Bluesky_Communications,AS,600509516004015,100.0,100.0,,,100.0
Bluesky_Communications,AS,600509516004016,100.0,100.0,,,100.0
Bluesky_Communications,AS,600509516004017,100.0,100.0,,,100.0
Bluesky_Communications,AS,600509516004018,100.0,100.0,,,100.0
Bluesky_Communications,AS,600509516004019,100.0,100.0,,,100.0
Bluesky_Communications,AS,600509516004020,100.0,100.0,,,100.0
Bluesky_Communications,AS,600509516004021,100.0,100.0,,,100.0
Bluesky_Communications,AS,600509516004022,100.0,100.0,,,100.0
Bluesky_Communications,AS,600509516004023,100.0,100.0,,,100.0
Bluesky_Communications,AS,600509516004024,100.0,100.0,,,100.0
Bluesky_Communications,AS,600509516004025,100.0,100.0,,,100.0
Bluesky_Communications,AS,600509516004026,100.0,100.0,,,100.0
Bluesky_Communications,AS,600509516004027,100.0,100.0,,,100.0
Bluesky_Communications,AS,600509516004028,14.835,14.835,,,14.835
Bluesky_Communications,AS,600509516004029,5.863,5.863,,,5.863
Bluesky_Communications,AS,600509516004030,100.0,100.0,,,100.0
Bluesky_Communications,AS,600509516004031,100.0,100.0,,,100.0
Bluesky_Communications,AS,600509516004032,100.0,100.0,,,100.0
