LogRecNo,dbaName,StateAbbr,TechCode,BlockCode
178534,TelAlaska_Cellular_Inc,AK,86,020130001001004
178535,TelAlaska_Cellular_Inc,AK,86,020130001001005
178536,TelAlaska_Cellular_Inc,AK,86,020130001001011
178537,TelAlaska_Cellular_Inc,AK,86,020130001001018
178538,TelAlaska_Cellular_Inc,AK,86,020130001001022
178539,TelAlaska_Cellular_Inc,AK,86,020130001001057
178540,TelAlaska_Cellular_Inc,AK,86,020130001001061
178541,TelAlaska_Cellular_Inc,AK,86,020130001001074
178542,TelAlaska_Cellular_Inc,AK,86,020130001001076
178543,TelAlaska_Cellular_Inc,AK,86,020130001001077
178544,TelAlaska_Cellular_Inc,AK,86,020130001001078
178545,TelAlaska_Cellular_Inc,AK,86,020130001001079
178546,TelAlaska_Cellular_Inc,AK,86,020130001001080
178547,TelAlaska_Cellular_Inc,AK,86,020130001001087
178548,TelAlaska_Cellular_Inc,AK,86,020130001001088
178549,TelAlaska_Cellular_Inc,AK,86,020130001001222
178550,TelAlaska_Cellular_Inc,AK,86,020130001001223
178551,TelAlaska_Cellular_Inc,AK,86,020130001001224
178552,TelAlaska_Cellular_Inc,AK,86,020130001001225
178553,TelAlaska_Cellular_Inc,AK,86,020130001001228
178554,TelAlaska_Cellular_Inc,AK,86,020130001001230
178555,TelAlaska_Cellular_Inc,AK,86,020130001001231
178556,TelAlaska_Cellular_Inc,AK,86,020130001001232
178557,TelAlaska_Cellular_Inc,AK,86,020130001001233
178558,TelAlaska_Cellular_Inc,AK,86,020130001001234
178559,TelAlaska_Cellular_Inc,AK,86,020130001001235
178560,TelAlaska_Cellular_Inc,AK,86,020130001001236
178561,TelAlaska_Cellular_Inc,AK,86,020130001001237
178562,TelAlaska_Cellular_Inc,AK,86,020130001001238
178563,TelAlaska_Cellular_Inc,AK,86,020130001001239
178564,TelAlaska_Cellular_Inc,AK,86,020130001001240
178565,TelAlaska_Cellular_Inc,AK,86,020130001001241
178566,TelAlaska_Cellular_Inc,AK,86,020130001001242
178567,TelAlaska_Cellular_Inc,AK,86,020130001001243
178568,TelAlaska_Cellular_Inc,AK,86,020130001001244
178569,TelAlaska_Cellular_Inc,AK,86,020130001001245
178570,TelAlaska_Cellular_Inc,AK,86,020130001001246
178571,TelAlaska_Cellular_Inc,AK,86,020130001001247
178572,TelAlaska_Cellular_Inc,AK,86,020130001001248
178573,TelAlaska_Cellular_Inc,AK,86,020130001001249
178574,TelAlaska_Cellular_Inc,AK,86,020130001001250
178575,TelAlaska_Cellular_Inc,AK,86,020130001001251
178576,TelAlaska_Cellular_Inc,AK,86,020130001001252
178577,TelAlaska_Cellular_Inc,AK,86,020130001001253
178578,TelAlaska_Cellular_Inc,AK,86,020130001001254
178579,TelAlaska_Cellular_Inc,AK,86,020130001001255
178580,TelAlaska_Cellular_Inc,AK,86,020130001001256
178581,TelAlaska_Cellular_Inc,AK,86,020130001001257
178582,TelAlaska_Cellular_Inc,AK,86,020130001001258
178583,TelAlaska_Cellular_Inc,AK,86,020130001001259
178584,TelAlaska_Cellular_Inc,AK,86,020130001001260
178585,TelAlaska_Cellular_Inc,AK,86,020130001001261
178586,TelAlaska_Cellular_Inc,AK,86,020130001001262
178587,TelAlaska_Cellular_Inc,AK,86,020130001001263
178588,TelAlaska_Cellular_Inc,AK,86,020130001001264
178589,TelAlaska_Cellular_Inc,AK,86,020130001001265
178590,TelAlaska_Cellular_Inc,AK,86,020130001001266
178591,TelAlaska_Cellular_Inc,AK,86,020130001001270
178592,TelAlaska_Cellular_Inc,AK,86,020130001001271
178593,TelAlaska_Cellular_Inc,AK,86,020130001001283
178594,TelAlaska_Cellular_Inc,AK,86,020130001001286
178595,TelAlaska_Cellular_Inc,AK,86,020130001001442
178596,TelAlaska_Cellular_Inc,AK,86,020130001001454
178597,TelAlaska_Cellular_Inc,AK,86,020130001002069
178598,TelAlaska_Cellular_Inc,AK,86,020130001002073
178599,TelAlaska_Cellular_Inc,AK,86,020130001002076
178600,TelAlaska_Cellular_Inc,AK,86,020130001002247
178601,TelAlaska_Cellular_Inc,AK,86,020130001002262
178602,TelAlaska_Cellular_Inc,AK,86,020130001002270
178603,TelAlaska_Cellular_Inc,AK,86,020130001002271
178604,TelAlaska_Cellular_Inc,AK,86,020130001002272
178605,TelAlaska_Cellular_Inc,AK,86,020130001002274
178441,TelAlaska_Cellular_Inc,AK,80,020130001002314
178606,TelAlaska_Cellular_Inc,AK,86,020130001002314
178442,TelAlaska_Cellular_Inc,AK,80,020130001002315
178607,TelAlaska_Cellular_Inc,AK,86,020130001002315
178443,TelAlaska_Cellular_Inc,AK,80,020130001002319
178608,TelAlaska_Cellular_Inc,AK,86,020130001002319
178444,TelAlaska_Cellular_Inc,AK,80,020130001002321
178609,TelAlaska_Cellular_Inc,AK,86,020130001002321
178445,TelAlaska_Cellular_Inc,AK,80,020130001002322
178610,TelAlaska_Cellular_Inc,AK,86,020130001002322
178446,TelAlaska_Cellular_Inc,AK,80,020130001002323
178611,TelAlaska_Cellular_Inc,AK,86,020130001002323
178447,TelAlaska_Cellular_Inc,AK,80,020130001002324
178612,TelAlaska_Cellular_Inc,AK,86,020130001002324
178448,TelAlaska_Cellular_Inc,AK,80,020130001002325
178613,TelAlaska_Cellular_Inc,AK,86,020130001002325
178449,TelAlaska_Cellular_Inc,AK,80,020130001002326
178614,TelAlaska_Cellular_Inc,AK,86,020130001002326
178615,TelAlaska_Cellular_Inc,AK,86,020130001002330
178616,TelAlaska_Cellular_Inc,AK,86,020130001002380
178450,TelAlaska_Cellular_Inc,AK,80,020130001002381
178617,TelAlaska_Cellular_Inc,AK,86,020130001002381
178451,TelAlaska_Cellular_Inc,AK,80,020130001002382
178618,TelAlaska_Cellular_Inc,AK,86,020130001002382
178619,TelAlaska_Cellular_Inc,AK,86,020130001002383
178452,TelAlaska_Cellular_Inc,AK,80,020130001003127
178620,TelAlaska_Cellular_Inc,AK,86,020130001003127
178453,TelAlaska_Cellular_Inc,AK,80,020130001003133
178621,TelAlaska_Cellular_Inc,AK,86,020130001003133
178622,TelAlaska_Cellular_Inc,AK,86,020130001003159
178454,TelAlaska_Cellular_Inc,AK,80,020130001003160
178623,TelAlaska_Cellular_Inc,AK,86,020130001003160
178455,TelAlaska_Cellular_Inc,AK,80,020130001003165
178624,TelAlaska_Cellular_Inc,AK,86,020130001003165
178456,TelAlaska_Cellular_Inc,AK,80,020130001003174
178625,TelAlaska_Cellular_Inc,AK,86,020130001003174
178626,TelAlaska_Cellular_Inc,AK,86,020130001003195
178457,TelAlaska_Cellular_Inc,AK,80,020130001003196
178627,TelAlaska_Cellular_Inc,AK,86,020130001003196
178458,TelAlaska_Cellular_Inc,AK,80,020130001003197
178628,TelAlaska_Cellular_Inc,AK,86,020130001003197
178459,TelAlaska_Cellular_Inc,AK,80,020130001003198
178629,TelAlaska_Cellular_Inc,AK,86,020130001003198
178460,TelAlaska_Cellular_Inc,AK,80,020130001003199
178630,TelAlaska_Cellular_Inc,AK,86,020130001003199
178461,TelAlaska_Cellular_Inc,AK,80,020130001003200
178631,TelAlaska_Cellular_Inc,AK,86,020130001003200
178462,TelAlaska_Cellular_Inc,AK,80,020130001003201
178632,TelAlaska_Cellular_Inc,AK,86,020130001003201
178463,TelAlaska_Cellular_Inc,AK,80,020130001003202
178633,TelAlaska_Cellular_Inc,AK,86,020130001003202
178464,TelAlaska_Cellular_Inc,AK,80,020130001003203
178634,TelAlaska_Cellular_Inc,AK,86,020130001003203
178465,TelAlaska_Cellular_Inc,AK,80,020130001003204
178635,TelAlaska_Cellular_Inc,AK,86,020130001003204
178466,TelAlaska_Cellular_Inc,AK,80,020130001003205
178636,TelAlaska_Cellular_Inc,AK,86,020130001003205
178467,TelAlaska_Cellular_Inc,AK,80,020130001003207
178637,TelAlaska_Cellular_Inc,AK,86,020130001003207
178468,TelAlaska_Cellular_Inc,AK,80,020130001003208
178638,TelAlaska_Cellular_Inc,AK,86,020130001003208
178469,TelAlaska_Cellular_Inc,AK,80,020130001003209
178639,TelAlaska_Cellular_Inc,AK,86,020130001003209
178470,TelAlaska_Cellular_Inc,AK,80,020130001003210
178640,TelAlaska_Cellular_Inc,AK,86,020130001003210
178471,TelAlaska_Cellular_Inc,AK,80,020130001003211
178641,TelAlaska_Cellular_Inc,AK,86,020130001003211
178472,TelAlaska_Cellular_Inc,AK,80,020130001003212
178642,TelAlaska_Cellular_Inc,AK,86,020130001003212
178473,TelAlaska_Cellular_Inc,AK,80,020130001003226
178643,TelAlaska_Cellular_Inc,AK,86,020130001003226
178474,TelAlaska_Cellular_Inc,AK,80,020130001003242
178644,TelAlaska_Cellular_Inc,AK,86,020130001003242
178475,TelAlaska_Cellular_Inc,AK,80,020160002001034
178645,TelAlaska_Cellular_Inc,AK,86,020160002001034
178476,TelAlaska_Cellular_Inc,AK,80,020160002001036
178646,TelAlaska_Cellular_Inc,AK,86,020160002001036
178477,TelAlaska_Cellular_Inc,AK,80,020160002001037
178647,TelAlaska_Cellular_Inc,AK,86,020160002001037
178478,TelAlaska_Cellular_Inc,AK,80,020160002001038
178648,TelAlaska_Cellular_Inc,AK,86,020160002001038
178479,TelAlaska_Cellular_Inc,AK,80,020160002001039
178649,TelAlaska_Cellular_Inc,AK,86,020160002001039
178480,TelAlaska_Cellular_Inc,AK,80,020160002001040
178650,TelAlaska_Cellular_Inc,AK,86,020160002001040
178481,TelAlaska_Cellular_Inc,AK,80,020160002001046
178651,TelAlaska_Cellular_Inc,AK,86,020160002001046
178652,TelAlaska_Cellular_Inc,AK,86,020160002001047
178482,TelAlaska_Cellular_Inc,AK,80,020160002001049
178653,TelAlaska_Cellular_Inc,AK,86,020160002001049
178483,TelAlaska_Cellular_Inc,AK,80,020160002001050
178654,TelAlaska_Cellular_Inc,AK,86,020160002001050
178484,TelAlaska_Cellular_Inc,AK,80,020160002001051
178655,TelAlaska_Cellular_Inc,AK,86,020160002001051
178485,TelAlaska_Cellular_Inc,AK,80,020160002001052
178656,TelAlaska_Cellular_Inc,AK,86,020160002001052
178486,TelAlaska_Cellular_Inc,AK,80,020160002001053
178657,TelAlaska_Cellular_Inc,AK,86,020160002001053
178487,TelAlaska_Cellular_Inc,AK,80,020160002001054
178658,TelAlaska_Cellular_Inc,AK,86,020160002001054
178488,TelAlaska_Cellular_Inc,AK,80,020160002001055
178659,TelAlaska_Cellular_Inc,AK,86,020160002001055
178489,TelAlaska_Cellular_Inc,AK,80,020160002001056
178660,TelAlaska_Cellular_Inc,AK,86,020160002001056
178490,TelAlaska_Cellular_Inc,AK,80,020160002001057
178661,TelAlaska_Cellular_Inc,AK,86,020160002001057
178491,TelAlaska_Cellular_Inc,AK,80,020160002001058
178662,TelAlaska_Cellular_Inc,AK,86,020160002001058
178492,TelAlaska_Cellular_Inc,AK,80,020160002001059
178663,TelAlaska_Cellular_Inc,AK,86,020160002001059
178493,TelAlaska_Cellular_Inc,AK,80,020160002001060
178664,TelAlaska_Cellular_Inc,AK,86,020160002001060
178494,TelAlaska_Cellular_Inc,AK,80,020160002001061
178665,TelAlaska_Cellular_Inc,AK,86,020160002001061
178495,TelAlaska_Cellular_Inc,AK,80,020160002001062
178666,TelAlaska_Cellular_Inc,AK,86,020160002001062
178496,TelAlaska_Cellular_Inc,AK,80,020160002001063
178667,TelAlaska_Cellular_Inc,AK,86,020160002001063
178497,TelAlaska_Cellular_Inc,AK,80,020160002001064
178668,TelAlaska_Cellular_Inc,AK,86,020160002001064
178498,TelAlaska_Cellular_Inc,AK,80,020160002001065
178669,TelAlaska_Cellular_Inc,AK,86,020160002001065
178499,TelAlaska_Cellular_Inc,AK,80,020160002001066
178670,TelAlaska_Cellular_Inc,AK,86,020160002001066
178500,TelAlaska_Cellular_Inc,AK,80,020160002002010
178671,TelAlaska_Cellular_Inc,AK,86,020160002002010
178501,TelAlaska_Cellular_Inc,AK,80,020160002002011
178672,TelAlaska_Cellular_Inc,AK,86,020160002002011
178673,TelAlaska_Cellular_Inc,AK,86,020160002002012
178502,TelAlaska_Cellular_Inc,AK,80,020160002002013
178674,TelAlaska_Cellular_Inc,AK,86,020160002002013
178503,TelAlaska_Cellular_Inc,AK,80,020160002002014
178675,TelAlaska_Cellular_Inc,AK,86,020160002002014
178504,TelAlaska_Cellular_Inc,AK,80,020160002002015
178676,TelAlaska_Cellular_Inc,AK,86,020160002002015
178505,TelAlaska_Cellular_Inc,AK,80,020160002002017
178677,TelAlaska_Cellular_Inc,AK,86,020160002002017
178506,TelAlaska_Cellular_Inc,AK,80,020160002002021
178678,TelAlaska_Cellular_Inc,AK,86,020160002002021
178507,TelAlaska_Cellular_Inc,AK,80,020160002002022
178679,TelAlaska_Cellular_Inc,AK,86,020160002002022
178508,TelAlaska_Cellular_Inc,AK,80,020160002002023
178680,TelAlaska_Cellular_Inc,AK,86,020160002002023
178509,TelAlaska_Cellular_Inc,AK,80,020160002002025
178681,TelAlaska_Cellular_Inc,AK,86,020160002002025
178510,TelAlaska_Cellular_Inc,AK,80,020160002002026
178682,TelAlaska_Cellular_Inc,AK,86,020160002002026
178511,TelAlaska_Cellular_Inc,AK,80,020160002002031
178683,TelAlaska_Cellular_Inc,AK,86,020160002002031
178512,TelAlaska_Cellular_Inc,AK,80,020160002002032
178684,TelAlaska_Cellular_Inc,AK,86,020160002002032
178513,TelAlaska_Cellular_Inc,AK,80,020160002002261
178685,TelAlaska_Cellular_Inc,AK,86,020160002002261
178514,TelAlaska_Cellular_Inc,AK,80,020160002002263
178686,TelAlaska_Cellular_Inc,AK,86,020160002002263
178515,TelAlaska_Cellular_Inc,AK,80,020160002002265
178687,TelAlaska_Cellular_Inc,AK,86,020160002002265
178516,TelAlaska_Cellular_Inc,AK,80,020160002002266
178688,TelAlaska_Cellular_Inc,AK,86,020160002002266
178517,TelAlaska_Cellular_Inc,AK,80,020160002002267
178689,TelAlaska_Cellular_Inc,AK,86,020160002002267
178518,TelAlaska_Cellular_Inc,AK,80,020160002002268
178690,TelAlaska_Cellular_Inc,AK,86,020160002002268
178519,TelAlaska_Cellular_Inc,AK,80,020160002002269
178691,TelAlaska_Cellular_Inc,AK,86,020160002002269
178520,TelAlaska_Cellular_Inc,AK,80,020160002002270
178692,TelAlaska_Cellular_Inc,AK,86,020160002002270
178521,TelAlaska_Cellular_Inc,AK,80,020160002002271
178693,TelAlaska_Cellular_Inc,AK,86,020160002002271
178522,TelAlaska_Cellular_Inc,AK,80,020160002002272
178694,TelAlaska_Cellular_Inc,AK,86,020160002002272
178523,TelAlaska_Cellular_Inc,AK,80,020160002002273
178695,TelAlaska_Cellular_Inc,AK,86,020160002002273
178524,TelAlaska_Cellular_Inc,AK,80,020160002002274
178696,TelAlaska_Cellular_Inc,AK,86,020160002002274
178525,TelAlaska_Cellular_Inc,AK,80,020160002002275
178697,TelAlaska_Cellular_Inc,AK,86,020160002002275
178526,TelAlaska_Cellular_Inc,AK,80,020160002002276
178698,TelAlaska_Cellular_Inc,AK,86,020160002002276
178527,TelAlaska_Cellular_Inc,AK,80,020160002002277
178699,TelAlaska_Cellular_Inc,AK,86,020160002002277
178528,TelAlaska_Cellular_Inc,AK,80,020160002002278
178700,TelAlaska_Cellular_Inc,AK,86,020160002002278
178529,TelAlaska_Cellular_Inc,AK,80,020160002002279
178701,TelAlaska_Cellular_Inc,AK,86,020160002002279
178530,TelAlaska_Cellular_Inc,AK,80,020160002002280
178702,TelAlaska_Cellular_Inc,AK,86,020160002002280
178531,TelAlaska_Cellular_Inc,AK,80,020160002002281
178703,TelAlaska_Cellular_Inc,AK,86,020160002002281
178532,TelAlaska_Cellular_Inc,AK,80,020160002002282
178704,TelAlaska_Cellular_Inc,AK,86,020160002002282
178533,TelAlaska_Cellular_Inc,AK,80,020160002002283
178705,TelAlaska_Cellular_Inc,AK,86,020160002002283
178706,TelAlaska_Cellular_Inc,AK,86,021220003001005
178707,TelAlaska_Cellular_Inc,AK,86,021220003001006
178708,TelAlaska_Cellular_Inc,AK,86,021220003001008
178709,TelAlaska_Cellular_Inc,AK,86,021220003001009
178710,TelAlaska_Cellular_Inc,AK,86,021220003001010
178711,TelAlaska_Cellular_Inc,AK,86,021220003001015
178712,TelAlaska_Cellular_Inc,AK,86,021220003001016
178713,TelAlaska_Cellular_Inc,AK,86,021220003001017
178714,TelAlaska_Cellular_Inc,AK,86,021220003001019
178715,TelAlaska_Cellular_Inc,AK,86,021220003001022
178716,TelAlaska_Cellular_Inc,AK,86,021220003001026
178717,TelAlaska_Cellular_Inc,AK,86,021220003001027
178718,TelAlaska_Cellular_Inc,AK,86,021220003001030
178719,TelAlaska_Cellular_Inc,AK,86,021220003001031
178720,TelAlaska_Cellular_Inc,AK,86,021220003001152
178721,TelAlaska_Cellular_Inc,AK,86,021220003001156
178722,TelAlaska_Cellular_Inc,AK,86,021220003001163
178723,TelAlaska_Cellular_Inc,AK,86,021220003001164
178724,TelAlaska_Cellular_Inc,AK,86,021220003001165
178725,TelAlaska_Cellular_Inc,AK,86,021220003001166
178726,TelAlaska_Cellular_Inc,AK,86,021220003001167
178727,TelAlaska_Cellular_Inc,AK,86,021220003001169
178728,TelAlaska_Cellular_Inc,AK,86,021220003001170
178729,TelAlaska_Cellular_Inc,AK,86,021220003001171
178730,TelAlaska_Cellular_Inc,AK,86,021220003001172
178731,TelAlaska_Cellular_Inc,AK,86,021220003001173
178732,TelAlaska_Cellular_Inc,AK,86,021220003001174
178733,TelAlaska_Cellular_Inc,AK,86,021220003001175
178734,TelAlaska_Cellular_Inc,AK,86,021220003001176
178735,TelAlaska_Cellular_Inc,AK,86,021220003001177
178736,TelAlaska_Cellular_Inc,AK,86,021220003001178
178737,TelAlaska_Cellular_Inc,AK,86,021220003001179
178738,TelAlaska_Cellular_Inc,AK,86,021220003001180
178739,TelAlaska_Cellular_Inc,AK,86,021220003001181
178740,TelAlaska_Cellular_Inc,AK,86,021220003001182
178741,TelAlaska_Cellular_Inc,AK,86,021220003001184
178742,TelAlaska_Cellular_Inc,AK,86,021220003001185
178743,TelAlaska_Cellular_Inc,AK,86,021220003001186
178744,TelAlaska_Cellular_Inc,AK,86,021220003001187
178745,TelAlaska_Cellular_Inc,AK,86,021220003001188
178746,TelAlaska_Cellular_Inc,AK,86,021220003001189
178747,TelAlaska_Cellular_Inc,AK,86,021220003001190
178748,TelAlaska_Cellular_Inc,AK,86,021220003001191
178749,TelAlaska_Cellular_Inc,AK,86,021220003001192
178750,TelAlaska_Cellular_Inc,AK,86,021220003001193
178751,TelAlaska_Cellular_Inc,AK,86,021220003001194
178752,TelAlaska_Cellular_Inc,AK,86,021220003001195
178753,TelAlaska_Cellular_Inc,AK,86,021220003001197
178754,TelAlaska_Cellular_Inc,AK,86,021220003001200
178755,TelAlaska_Cellular_Inc,AK,86,021220003001201
178756,TelAlaska_Cellular_Inc,AK,86,021220003001202
178757,TelAlaska_Cellular_Inc,AK,86,021220003001203
178758,TelAlaska_Cellular_Inc,AK,86,021220003001204
178759,TelAlaska_Cellular_Inc,AK,86,021220003001206
178760,TelAlaska_Cellular_Inc,AK,86,021220003001207
178761,TelAlaska_Cellular_Inc,AK,86,021220003001208
178762,TelAlaska_Cellular_Inc,AK,86,021220003001209
178763,TelAlaska_Cellular_Inc,AK,86,021220003001210
178764,TelAlaska_Cellular_Inc,AK,86,021220003001211
178765,TelAlaska_Cellular_Inc,AK,86,021220003001212
178766,TelAlaska_Cellular_Inc,AK,86,021220003001214
178767,TelAlaska_Cellular_Inc,AK,86,021220003001215
178768,TelAlaska_Cellular_Inc,AK,86,021220003001216
178769,TelAlaska_Cellular_Inc,AK,86,021220003001217
178770,TelAlaska_Cellular_Inc,AK,86,021220003001218
178771,TelAlaska_Cellular_Inc,AK,86,021220003001219
178772,TelAlaska_Cellular_Inc,AK,86,021220003001220
178773,TelAlaska_Cellular_Inc,AK,86,021220003001221
178774,TelAlaska_Cellular_Inc,AK,86,021220003001222
178775,TelAlaska_Cellular_Inc,AK,86,021220003001223
178776,TelAlaska_Cellular_Inc,AK,86,021220003001224
178777,TelAlaska_Cellular_Inc,AK,86,021220003001225
178778,TelAlaska_Cellular_Inc,AK,86,021220003001226
178779,TelAlaska_Cellular_Inc,AK,86,021220003001228
178780,TelAlaska_Cellular_Inc,AK,86,021220003001229
178781,TelAlaska_Cellular_Inc,AK,86,021220003001230
178782,TelAlaska_Cellular_Inc,AK,86,021220003001231
178783,TelAlaska_Cellular_Inc,AK,86,021220003001244
178784,TelAlaska_Cellular_Inc,AK,86,021220003001250
178785,TelAlaska_Cellular_Inc,AK,86,021220003001256
178786,TelAlaska_Cellular_Inc,AK,86,021220003001263
178787,TelAlaska_Cellular_Inc,AK,86,021220003001264
178788,TelAlaska_Cellular_Inc,AK,86,021220003001265
178789,TelAlaska_Cellular_Inc,AK,86,021220003001270
178790,TelAlaska_Cellular_Inc,AK,86,021220003001272
178791,TelAlaska_Cellular_Inc,AK,86,021220003001275
178792,TelAlaska_Cellular_Inc,AK,86,021220003001277
178793,TelAlaska_Cellular_Inc,AK,86,021220003001278
178794,TelAlaska_Cellular_Inc,AK,86,021220003001279
178795,TelAlaska_Cellular_Inc,AK,86,021220003001280
178796,TelAlaska_Cellular_Inc,AK,86,021220003001281
178797,TelAlaska_Cellular_Inc,AK,86,021220003001290
178798,TelAlaska_Cellular_Inc,AK,86,021220003001291
178799,TelAlaska_Cellular_Inc,AK,86,021220003001292
178800,TelAlaska_Cellular_Inc,AK,86,021220003001293
178801,TelAlaska_Cellular_Inc,AK,86,021220003001294
178802,TelAlaska_Cellular_Inc,AK,86,021220003001295
178803,TelAlaska_Cellular_Inc,AK,86,021220003001296
178804,TelAlaska_Cellular_Inc,AK,86,021220003001297
178805,TelAlaska_Cellular_Inc,AK,86,021220003001298
178806,TelAlaska_Cellular_Inc,AK,86,021220003001299
178807,TelAlaska_Cellular_Inc,AK,86,021220003001300
178808,TelAlaska_Cellular_Inc,AK,86,021220003001301
178809,TelAlaska_Cellular_Inc,AK,86,021220003001306
178810,TelAlaska_Cellular_Inc,AK,86,021220003001307
178811,TelAlaska_Cellular_Inc,AK,86,021220003001308
178812,TelAlaska_Cellular_Inc,AK,86,021220003001309
178813,TelAlaska_Cellular_Inc,AK,86,021220003001310
178814,TelAlaska_Cellular_Inc,AK,86,021220003001311
178815,TelAlaska_Cellular_Inc,AK,86,021220003001312
178816,TelAlaska_Cellular_Inc,AK,86,021220003001313
178817,TelAlaska_Cellular_Inc,AK,86,021220003001316
178818,TelAlaska_Cellular_Inc,AK,86,021220003001317
178819,TelAlaska_Cellular_Inc,AK,86,021220003001318
178820,TelAlaska_Cellular_Inc,AK,86,021220003001320
178821,TelAlaska_Cellular_Inc,AK,86,021220003001321
178822,TelAlaska_Cellular_Inc,AK,86,021220003001322
178823,TelAlaska_Cellular_Inc,AK,86,021220003001323
178824,TelAlaska_Cellular_Inc,AK,86,021220003001324
178825,TelAlaska_Cellular_Inc,AK,86,021220003001325
178826,TelAlaska_Cellular_Inc,AK,86,021220003001326
178827,TelAlaska_Cellular_Inc,AK,86,021220003001327
178828,TelAlaska_Cellular_Inc,AK,86,021220003001328
178829,TelAlaska_Cellular_Inc,AK,86,021220003001329
178830,TelAlaska_Cellular_Inc,AK,86,021220003001330
178831,TelAlaska_Cellular_Inc,AK,86,021220003001331
178832,TelAlaska_Cellular_Inc,AK,86,021220003001332
178833,TelAlaska_Cellular_Inc,AK,86,021220003001333
178834,TelAlaska_Cellular_Inc,AK,86,021220003001334
178835,TelAlaska_Cellular_Inc,AK,86,021220003001335
178836,TelAlaska_Cellular_Inc,AK,86,021220003001336
178837,TelAlaska_Cellular_Inc,AK,86,021220003001337
178838,TelAlaska_Cellular_Inc,AK,86,021220003001338
178839,TelAlaska_Cellular_Inc,AK,86,021220003001341
178840,TelAlaska_Cellular_Inc,AK,86,021220003001344
178841,TelAlaska_Cellular_Inc,AK,86,021220003001345
178842,TelAlaska_Cellular_Inc,AK,86,021220003001347
178843,TelAlaska_Cellular_Inc,AK,86,021220003001348
178844,TelAlaska_Cellular_Inc,AK,86,021220003001349
178845,TelAlaska_Cellular_Inc,AK,86,021220003001350
178846,TelAlaska_Cellular_Inc,AK,86,021220003001351
178847,TelAlaska_Cellular_Inc,AK,86,021220003001352
178848,TelAlaska_Cellular_Inc,AK,86,021220003001363
178849,TelAlaska_Cellular_Inc,AK,86,021220003001367
178850,TelAlaska_Cellular_Inc,AK,86,021220003001368
178851,TelAlaska_Cellular_Inc,AK,86,021220003001369
178852,TelAlaska_Cellular_Inc,AK,86,021220003001371
178853,TelAlaska_Cellular_Inc,AK,86,021220003001372
178854,TelAlaska_Cellular_Inc,AK,86,021220003001373
178855,TelAlaska_Cellular_Inc,AK,86,021220003001374
178856,TelAlaska_Cellular_Inc,AK,86,021220003001375
178857,TelAlaska_Cellular_Inc,AK,86,021220003001376
178858,TelAlaska_Cellular_Inc,AK,86,021220003001379
178859,TelAlaska_Cellular_Inc,AK,86,021220003001380
178860,TelAlaska_Cellular_Inc,AK,86,021220003001381
178861,TelAlaska_Cellular_Inc,AK,86,021220003001382
178862,TelAlaska_Cellular_Inc,AK,86,021220003001384
178863,TelAlaska_Cellular_Inc,AK,86,021220004001145
178864,TelAlaska_Cellular_Inc,AK,86,021220004003002
178865,TelAlaska_Cellular_Inc,AK,86,021220004003008
178866,TelAlaska_Cellular_Inc,AK,86,021220004003009
178867,TelAlaska_Cellular_Inc,AK,86,021220004003205
178868,TelAlaska_Cellular_Inc,AK,86,021220004003206
178869,TelAlaska_Cellular_Inc,AK,86,021220004003207
178870,TelAlaska_Cellular_Inc,AK,86,021220013001024
178871,TelAlaska_Cellular_Inc,AK,86,021220013001046
178872,TelAlaska_Cellular_Inc,AK,86,021220013001048
178873,TelAlaska_Cellular_Inc,AK,86,021220013001049
178874,TelAlaska_Cellular_Inc,AK,86,021220013001050
178875,TelAlaska_Cellular_Inc,AK,86,021220013001051
178876,TelAlaska_Cellular_Inc,AK,86,021220013001052
178877,TelAlaska_Cellular_Inc,AK,86,021220013001053
178878,TelAlaska_Cellular_Inc,AK,86,021220013001054
178879,TelAlaska_Cellular_Inc,AK,86,021220013001055
178880,TelAlaska_Cellular_Inc,AK,86,021220013001056
178881,TelAlaska_Cellular_Inc,AK,86,021220013001057
178882,TelAlaska_Cellular_Inc,AK,86,021220013001058
178883,TelAlaska_Cellular_Inc,AK,86,021220013001059
178884,TelAlaska_Cellular_Inc,AK,86,021220013001060
178885,TelAlaska_Cellular_Inc,AK,86,021220013001061
178886,TelAlaska_Cellular_Inc,AK,86,021220013001062
178887,TelAlaska_Cellular_Inc,AK,86,021220013001063
178888,TelAlaska_Cellular_Inc,AK,86,021220013001064
178889,TelAlaska_Cellular_Inc,AK,86,021220013001065
178890,TelAlaska_Cellular_Inc,AK,86,021220013001066
178891,TelAlaska_Cellular_Inc,AK,86,021220013001067
178892,TelAlaska_Cellular_Inc,AK,86,021220013001086
178893,TelAlaska_Cellular_Inc,AK,86,021220013001092
178894,TelAlaska_Cellular_Inc,AK,86,021220013001095
178895,TelAlaska_Cellular_Inc,AK,86,021220013001149
178896,TelAlaska_Cellular_Inc,AK,86,021220013001152
178897,TelAlaska_Cellular_Inc,AK,86,021220013001191
178898,TelAlaska_Cellular_Inc,AK,86,021220013001192
178899,TelAlaska_Cellular_Inc,AK,86,021220013001193
178900,TelAlaska_Cellular_Inc,AK,86,021220013001194
178901,TelAlaska_Cellular_Inc,AK,86,021220013001195
178902,TelAlaska_Cellular_Inc,AK,86,021220013001196
178903,TelAlaska_Cellular_Inc,AK,86,021220013001197
178904,TelAlaska_Cellular_Inc,AK,86,021220013001198
178905,TelAlaska_Cellular_Inc,AK,86,021220013001199
178906,TelAlaska_Cellular_Inc,AK,86,021220013001200
178907,TelAlaska_Cellular_Inc,AK,86,021220013001201
178908,TelAlaska_Cellular_Inc,AK,86,021220013001202
178909,TelAlaska_Cellular_Inc,AK,86,021220013001203
178910,TelAlaska_Cellular_Inc,AK,86,021220013001204
178911,TelAlaska_Cellular_Inc,AK,86,021220013001205
178912,TelAlaska_Cellular_Inc,AK,86,021220013001206
178913,TelAlaska_Cellular_Inc,AK,86,021220013001207
178914,TelAlaska_Cellular_Inc,AK,86,021220013001208
178915,TelAlaska_Cellular_Inc,AK,86,021220013001209
178916,TelAlaska_Cellular_Inc,AK,86,021220013001210
178917,TelAlaska_Cellular_Inc,AK,86,021220013001211
178918,TelAlaska_Cellular_Inc,AK,86,021220013001212
178919,TelAlaska_Cellular_Inc,AK,86,021220013001213
178920,TelAlaska_Cellular_Inc,AK,86,021220013001214
178921,TelAlaska_Cellular_Inc,AK,86,021220013001215
178922,TelAlaska_Cellular_Inc,AK,86,021220013001216
178923,TelAlaska_Cellular_Inc,AK,86,021220013001217
178924,TelAlaska_Cellular_Inc,AK,86,021220013001218
178925,TelAlaska_Cellular_Inc,AK,86,021220013001219
178926,TelAlaska_Cellular_Inc,AK,86,021220013001220
178927,TelAlaska_Cellular_Inc,AK,86,021220013001221
178928,TelAlaska_Cellular_Inc,AK,86,021220013001222
178929,TelAlaska_Cellular_Inc,AK,86,021220013001223
178930,TelAlaska_Cellular_Inc,AK,86,021220013001224
178931,TelAlaska_Cellular_Inc,AK,86,021220013001225
178932,TelAlaska_Cellular_Inc,AK,86,021220013001226
178933,TelAlaska_Cellular_Inc,AK,86,021220013001227
178934,TelAlaska_Cellular_Inc,AK,86,021220013001228
178935,TelAlaska_Cellular_Inc,AK,86,021220013001229
178936,TelAlaska_Cellular_Inc,AK,86,021220013001230
178937,TelAlaska_Cellular_Inc,AK,86,021220013001231
178938,TelAlaska_Cellular_Inc,AK,86,021220013001232
178939,TelAlaska_Cellular_Inc,AK,86,021220013001233
178940,TelAlaska_Cellular_Inc,AK,86,021220013001234
178941,TelAlaska_Cellular_Inc,AK,86,021220013001235
178942,TelAlaska_Cellular_Inc,AK,86,021220013001236
178943,TelAlaska_Cellular_Inc,AK,86,021220013001237
178944,TelAlaska_Cellular_Inc,AK,86,021220013001238
178945,TelAlaska_Cellular_Inc,AK,86,021220013001239
178946,TelAlaska_Cellular_Inc,AK,86,021220013001240
178947,TelAlaska_Cellular_Inc,AK,86,021220013001241
178948,TelAlaska_Cellular_Inc,AK,86,021220013001242
178949,TelAlaska_Cellular_Inc,AK,86,021220013001243
178950,TelAlaska_Cellular_Inc,AK,86,021220013001244
178951,TelAlaska_Cellular_Inc,AK,86,021220013001245
178952,TelAlaska_Cellular_Inc,AK,86,021220013001246
178953,TelAlaska_Cellular_Inc,AK,86,021220013001247
178954,TelAlaska_Cellular_Inc,AK,86,021220013001248
178955,TelAlaska_Cellular_Inc,AK,86,021220013001249
178956,TelAlaska_Cellular_Inc,AK,86,021220013001250
178957,TelAlaska_Cellular_Inc,AK,86,021220013001251
178958,TelAlaska_Cellular_Inc,AK,86,021220013001252
178959,TelAlaska_Cellular_Inc,AK,86,021220013001253
178960,TelAlaska_Cellular_Inc,AK,86,021220013001254
178961,TelAlaska_Cellular_Inc,AK,86,021220013001255
178962,TelAlaska_Cellular_Inc,AK,86,021220013001256
178963,TelAlaska_Cellular_Inc,AK,86,021220013001257
178964,TelAlaska_Cellular_Inc,AK,86,021220013001258
178965,TelAlaska_Cellular_Inc,AK,86,021220013001384
178966,TelAlaska_Cellular_Inc,AK,86,021220013001385
178967,TelAlaska_Cellular_Inc,AK,86,021220013001386
178968,TelAlaska_Cellular_Inc,AK,86,021220013001387
178969,TelAlaska_Cellular_Inc,AK,86,021220013001388
178970,TelAlaska_Cellular_Inc,AK,86,021220013001389
178971,TelAlaska_Cellular_Inc,AK,86,021220013001390
178972,TelAlaska_Cellular_Inc,AK,86,021220013001396
178973,TelAlaska_Cellular_Inc,AK,86,021220013001399
178974,TelAlaska_Cellular_Inc,AK,86,021220013001400
178975,TelAlaska_Cellular_Inc,AK,86,021220013001401
178976,TelAlaska_Cellular_Inc,AK,86,021220013001402
178977,TelAlaska_Cellular_Inc,AK,86,021220013001403
178978,TelAlaska_Cellular_Inc,AK,86,021220013001404
178979,TelAlaska_Cellular_Inc,AK,86,021220013001405
178980,TelAlaska_Cellular_Inc,AK,86,021220013001408
178981,TelAlaska_Cellular_Inc,AK,86,021220013001411
178982,TelAlaska_Cellular_Inc,AK,86,021220013001414
178983,TelAlaska_Cellular_Inc,AK,86,021220013001415
178984,TelAlaska_Cellular_Inc,AK,86,021220013001416
178985,TelAlaska_Cellular_Inc,AK,86,021220013001417
178986,TelAlaska_Cellular_Inc,AK,86,021220013001418
178987,TelAlaska_Cellular_Inc,AK,86,021220013001419
178988,TelAlaska_Cellular_Inc,AK,86,021220013001428
178989,TelAlaska_Cellular_Inc,AK,86,021220013001429
178990,TelAlaska_Cellular_Inc,AK,86,021220013001430
178991,TelAlaska_Cellular_Inc,AK,86,021220013001433
178992,TelAlaska_Cellular_Inc,AK,86,021220013001438
178993,TelAlaska_Cellular_Inc,AK,86,021220013001439
178994,TelAlaska_Cellular_Inc,AK,86,021220013001440
178995,TelAlaska_Cellular_Inc,AK,86,021220013001441
178996,TelAlaska_Cellular_Inc,AK,86,021220013001442
178997,TelAlaska_Cellular_Inc,AK,86,021220013001451
178998,TelAlaska_Cellular_Inc,AK,86,021220013002000
178999,TelAlaska_Cellular_Inc,AK,86,021220013002001
179000,TelAlaska_Cellular_Inc,AK,86,021220013002002
179001,TelAlaska_Cellular_Inc,AK,86,021220013002003
179002,TelAlaska_Cellular_Inc,AK,86,021220013002004
179003,TelAlaska_Cellular_Inc,AK,86,021220013002005
179004,TelAlaska_Cellular_Inc,AK,86,021220013002006
179005,TelAlaska_Cellular_Inc,AK,86,021220013002007
179006,TelAlaska_Cellular_Inc,AK,86,021220013002008
179007,TelAlaska_Cellular_Inc,AK,86,021220013002009
179008,TelAlaska_Cellular_Inc,AK,86,021220013002010
179009,TelAlaska_Cellular_Inc,AK,86,021220013002011
179010,TelAlaska_Cellular_Inc,AK,86,021220013002012
179011,TelAlaska_Cellular_Inc,AK,86,021220013002013
179012,TelAlaska_Cellular_Inc,AK,86,021220013002014
179013,TelAlaska_Cellular_Inc,AK,86,021220013002015
179014,TelAlaska_Cellular_Inc,AK,86,021220013002016
179015,TelAlaska_Cellular_Inc,AK,86,021220013002017
179016,TelAlaska_Cellular_Inc,AK,86,021220013002018
179017,TelAlaska_Cellular_Inc,AK,86,021220013002019
179018,TelAlaska_Cellular_Inc,AK,86,021220013002020
179019,TelAlaska_Cellular_Inc,AK,86,021220013002021
179020,TelAlaska_Cellular_Inc,AK,86,021220013002022
179021,TelAlaska_Cellular_Inc,AK,86,021220013002023
179022,TelAlaska_Cellular_Inc,AK,86,021220013002024
179023,TelAlaska_Cellular_Inc,AK,86,021220013002025
179024,TelAlaska_Cellular_Inc,AK,86,021220013002026
179025,TelAlaska_Cellular_Inc,AK,86,021220013002027
179026,TelAlaska_Cellular_Inc,AK,86,021220013002028
179027,TelAlaska_Cellular_Inc,AK,86,021220013002029
179028,TelAlaska_Cellular_Inc,AK,86,021220013002030
179029,TelAlaska_Cellular_Inc,AK,86,021220013002031
179030,TelAlaska_Cellular_Inc,AK,86,021220013002032
179031,TelAlaska_Cellular_Inc,AK,86,021220013002033
179032,TelAlaska_Cellular_Inc,AK,86,021220013002034
179033,TelAlaska_Cellular_Inc,AK,86,021220013002035
179034,TelAlaska_Cellular_Inc,AK,86,021220013002036
179035,TelAlaska_Cellular_Inc,AK,86,021220013002037
179036,TelAlaska_Cellular_Inc,AK,86,021220013002038
179037,TelAlaska_Cellular_Inc,AK,86,021220013002039
179038,TelAlaska_Cellular_Inc,AK,86,021220013002040
179039,TelAlaska_Cellular_Inc,AK,86,021220013002041
179040,TelAlaska_Cellular_Inc,AK,86,021220013002042
179041,TelAlaska_Cellular_Inc,AK,86,021220013002043
179042,TelAlaska_Cellular_Inc,AK,86,021220013002044
179043,TelAlaska_Cellular_Inc,AK,86,021220013002045
179044,TelAlaska_Cellular_Inc,AK,86,021220013002046
179045,TelAlaska_Cellular_Inc,AK,86,021220013002047
179046,TelAlaska_Cellular_Inc,AK,86,021220013002048
179047,TelAlaska_Cellular_Inc,AK,86,021220013002049
179048,TelAlaska_Cellular_Inc,AK,86,021220013002050
179049,TelAlaska_Cellular_Inc,AK,86,021220013002051
179050,TelAlaska_Cellular_Inc,AK,86,021220013002052
179051,TelAlaska_Cellular_Inc,AK,86,021220013002053
179052,TelAlaska_Cellular_Inc,AK,86,021220013002054
179053,TelAlaska_Cellular_Inc,AK,86,021220013002055
179054,TelAlaska_Cellular_Inc,AK,86,021220013002056
179055,TelAlaska_Cellular_Inc,AK,86,021220013002057
179056,TelAlaska_Cellular_Inc,AK,86,021220013002058
179057,TelAlaska_Cellular_Inc,AK,86,021220013002059
179058,TelAlaska_Cellular_Inc,AK,86,021220013002062
179059,TelAlaska_Cellular_Inc,AK,86,021220013002064
179060,TelAlaska_Cellular_Inc,AK,86,021220013002067
179061,TelAlaska_Cellular_Inc,AK,86,021220013002069
179062,TelAlaska_Cellular_Inc,AK,86,021220013002070
179063,TelAlaska_Cellular_Inc,AK,86,021220013002072
179064,TelAlaska_Cellular_Inc,AK,86,021220013002073
179065,TelAlaska_Cellular_Inc,AK,86,021220013002074
179066,TelAlaska_Cellular_Inc,AK,86,021220013002076
179067,TelAlaska_Cellular_Inc,AK,86,021220013002078
179068,TelAlaska_Cellular_Inc,AK,86,021220013002082
179069,TelAlaska_Cellular_Inc,AK,86,021220013002083
179070,TelAlaska_Cellular_Inc,AK,86,021220013002085
179071,TelAlaska_Cellular_Inc,AK,86,021220013002087
179072,TelAlaska_Cellular_Inc,AK,86,021220013002088
179073,TelAlaska_Cellular_Inc,AK,86,021220013002089
179074,TelAlaska_Cellular_Inc,AK,86,021220013002090
179075,TelAlaska_Cellular_Inc,AK,86,021220013002091
179076,TelAlaska_Cellular_Inc,AK,86,021220013002092
179077,TelAlaska_Cellular_Inc,AK,86,021220013002093
179078,TelAlaska_Cellular_Inc,AK,86,021220013002094
179079,TelAlaska_Cellular_Inc,AK,86,021220013002096
179080,TelAlaska_Cellular_Inc,AK,86,021220013002097
179081,TelAlaska_Cellular_Inc,AK,86,021220013002098
179082,TelAlaska_Cellular_Inc,AK,86,021220013002099
179083,TelAlaska_Cellular_Inc,AK,86,021220013002100
179084,TelAlaska_Cellular_Inc,AK,86,021220013002101
179085,TelAlaska_Cellular_Inc,AK,86,021220013002102
179086,TelAlaska_Cellular_Inc,AK,86,021220013002103
179087,TelAlaska_Cellular_Inc,AK,86,021220013002104
179088,TelAlaska_Cellular_Inc,AK,86,021220013002105
179089,TelAlaska_Cellular_Inc,AK,86,021220013002106
179090,TelAlaska_Cellular_Inc,AK,86,021220013002107
179091,TelAlaska_Cellular_Inc,AK,86,021220013002109
179092,TelAlaska_Cellular_Inc,AK,86,021220013002110
179093,TelAlaska_Cellular_Inc,AK,86,021220013002111
179094,TelAlaska_Cellular_Inc,AK,86,021220013002112
179095,TelAlaska_Cellular_Inc,AK,86,021220013002113
179096,TelAlaska_Cellular_Inc,AK,86,021220013002114
179097,TelAlaska_Cellular_Inc,AK,86,021220013002115
179098,TelAlaska_Cellular_Inc,AK,86,021220013002116
179099,TelAlaska_Cellular_Inc,AK,86,021220013002117
179100,TelAlaska_Cellular_Inc,AK,86,021220013002118
179101,TelAlaska_Cellular_Inc,AK,86,021220013002119
179102,TelAlaska_Cellular_Inc,AK,86,021220013002120
179103,TelAlaska_Cellular_Inc,AK,86,021220013002121
179104,TelAlaska_Cellular_Inc,AK,86,021220013002122
179105,TelAlaska_Cellular_Inc,AK,86,021220013002123
179106,TelAlaska_Cellular_Inc,AK,86,021220013002124
179107,TelAlaska_Cellular_Inc,AK,86,021220013002125
179108,TelAlaska_Cellular_Inc,AK,86,021220013002126
179109,TelAlaska_Cellular_Inc,AK,86,021220013002127
179110,TelAlaska_Cellular_Inc,AK,86,021220013002128
179111,TelAlaska_Cellular_Inc,AK,86,021220013002129
179112,TelAlaska_Cellular_Inc,AK,86,021220013002130
179113,TelAlaska_Cellular_Inc,AK,86,021220013002131
179114,TelAlaska_Cellular_Inc,AK,86,021220013002132
179115,TelAlaska_Cellular_Inc,AK,86,021220013002133
179116,TelAlaska_Cellular_Inc,AK,86,021220013002134
179117,TelAlaska_Cellular_Inc,AK,86,021220013002136
179118,TelAlaska_Cellular_Inc,AK,86,021220013002137
179119,TelAlaska_Cellular_Inc,AK,86,021220013002138
179120,TelAlaska_Cellular_Inc,AK,86,021220013002139
179121,TelAlaska_Cellular_Inc,AK,86,021220013002140
179122,TelAlaska_Cellular_Inc,AK,86,021220013002141
179123,TelAlaska_Cellular_Inc,AK,86,021220013002142
179124,TelAlaska_Cellular_Inc,AK,86,021220013002143
179125,TelAlaska_Cellular_Inc,AK,86,021220013002144
179126,TelAlaska_Cellular_Inc,AK,86,021220013002145
179127,TelAlaska_Cellular_Inc,AK,86,021220013002146
179128,TelAlaska_Cellular_Inc,AK,86,021220013002147
179129,TelAlaska_Cellular_Inc,AK,86,021220013002148
179130,TelAlaska_Cellular_Inc,AK,86,021220013002149
179131,TelAlaska_Cellular_Inc,AK,86,021220013002150
179132,TelAlaska_Cellular_Inc,AK,86,021220013002151
179133,TelAlaska_Cellular_Inc,AK,86,021220013002152
179134,TelAlaska_Cellular_Inc,AK,86,021220013002153
179135,TelAlaska_Cellular_Inc,AK,86,021220013002154
179136,TelAlaska_Cellular_Inc,AK,86,021220013002155
179137,TelAlaska_Cellular_Inc,AK,86,021220013002156
179138,TelAlaska_Cellular_Inc,AK,86,021220013002157
179139,TelAlaska_Cellular_Inc,AK,86,021220013002158
179140,TelAlaska_Cellular_Inc,AK,86,021220013002159
179141,TelAlaska_Cellular_Inc,AK,86,021220013002160
179142,TelAlaska_Cellular_Inc,AK,86,021220013002161
179143,TelAlaska_Cellular_Inc,AK,86,021220013002162
179144,TelAlaska_Cellular_Inc,AK,86,021220013002163
179145,TelAlaska_Cellular_Inc,AK,86,021220013002164
179146,TelAlaska_Cellular_Inc,AK,86,021220013002165
179147,TelAlaska_Cellular_Inc,AK,86,021220013002166
179148,TelAlaska_Cellular_Inc,AK,86,021220013002168
179149,TelAlaska_Cellular_Inc,AK,86,021500001002274
179150,TelAlaska_Cellular_Inc,AK,86,021500001002277
179151,TelAlaska_Cellular_Inc,AK,86,021500001002279
179152,TelAlaska_Cellular_Inc,AK,86,021500001002305
179153,TelAlaska_Cellular_Inc,AK,86,021500001002308
179154,TelAlaska_Cellular_Inc,AK,86,021500001002376
179155,TelAlaska_Cellular_Inc,AK,86,021500001002378
179156,TelAlaska_Cellular_Inc,AK,86,021500001002379
179157,TelAlaska_Cellular_Inc,AK,86,021500001002380
179158,TelAlaska_Cellular_Inc,AK,86,021500001002381
179159,TelAlaska_Cellular_Inc,AK,86,021500001002396
179160,TelAlaska_Cellular_Inc,AK,86,021500001002397
179161,TelAlaska_Cellular_Inc,AK,86,021500001002398
179162,TelAlaska_Cellular_Inc,AK,86,021500001002399
179163,TelAlaska_Cellular_Inc,AK,86,021500001002400
179164,TelAlaska_Cellular_Inc,AK,86,021500001002401
179165,TelAlaska_Cellular_Inc,AK,86,021500001002402
179166,TelAlaska_Cellular_Inc,AK,86,021500001002403
179167,TelAlaska_Cellular_Inc,AK,86,021500001002404
179168,TelAlaska_Cellular_Inc,AK,86,021500001002405
179169,TelAlaska_Cellular_Inc,AK,86,021500001002406
179170,TelAlaska_Cellular_Inc,AK,86,021500001002407
179171,TelAlaska_Cellular_Inc,AK,86,021500001002408
179172,TelAlaska_Cellular_Inc,AK,86,021500001002409
179173,TelAlaska_Cellular_Inc,AK,86,021500001002410
179174,TelAlaska_Cellular_Inc,AK,86,021500001002411
179175,TelAlaska_Cellular_Inc,AK,86,021500001002412
179176,TelAlaska_Cellular_Inc,AK,86,021500001002413
179177,TelAlaska_Cellular_Inc,AK,86,021500001002414
179178,TelAlaska_Cellular_Inc,AK,86,021500001002415
179179,TelAlaska_Cellular_Inc,AK,86,021500001002416
179180,TelAlaska_Cellular_Inc,AK,86,021500001002417
179181,TelAlaska_Cellular_Inc,AK,86,021500001002418
179182,TelAlaska_Cellular_Inc,AK,86,021500001002419
179183,TelAlaska_Cellular_Inc,AK,86,021500001002420
179184,TelAlaska_Cellular_Inc,AK,86,021500001002422
179185,TelAlaska_Cellular_Inc,AK,86,021500001002423
179186,TelAlaska_Cellular_Inc,AK,86,021500001002432
179187,TelAlaska_Cellular_Inc,AK,86,021500001002433
179188,TelAlaska_Cellular_Inc,AK,86,021500001002439
179189,TelAlaska_Cellular_Inc,AK,86,021500001002440
179190,TelAlaska_Cellular_Inc,AK,86,021500001003015
179191,TelAlaska_Cellular_Inc,AK,86,021500001003016
179192,TelAlaska_Cellular_Inc,AK,86,021500001003026
179193,TelAlaska_Cellular_Inc,AK,86,021640001001017
179194,TelAlaska_Cellular_Inc,AK,86,021640001001053
179195,TelAlaska_Cellular_Inc,AK,86,021640001001054
179196,TelAlaska_Cellular_Inc,AK,86,021640001001055
179197,TelAlaska_Cellular_Inc,AK,86,021640001001056
179198,TelAlaska_Cellular_Inc,AK,86,021640001001057
179199,TelAlaska_Cellular_Inc,AK,86,021640001001058
179200,TelAlaska_Cellular_Inc,AK,86,021640001001059
179201,TelAlaska_Cellular_Inc,AK,86,021640001001060
179202,TelAlaska_Cellular_Inc,AK,86,021640001001061
179203,TelAlaska_Cellular_Inc,AK,86,021640001001062
179204,TelAlaska_Cellular_Inc,AK,86,021640001001065
179205,TelAlaska_Cellular_Inc,AK,86,021640001001103
179206,TelAlaska_Cellular_Inc,AK,86,021640001001104
179207,TelAlaska_Cellular_Inc,AK,86,021640001001105
179208,TelAlaska_Cellular_Inc,AK,86,021640001001106
179209,TelAlaska_Cellular_Inc,AK,86,021640001001107
179210,TelAlaska_Cellular_Inc,AK,86,021640001001108
179211,TelAlaska_Cellular_Inc,AK,86,021640001001109
179212,TelAlaska_Cellular_Inc,AK,86,021640001001110
179213,TelAlaska_Cellular_Inc,AK,86,021640001001111
179214,TelAlaska_Cellular_Inc,AK,86,021640001001112
179215,TelAlaska_Cellular_Inc,AK,86,021640001001113
179216,TelAlaska_Cellular_Inc,AK,86,021640001001114
179217,TelAlaska_Cellular_Inc,AK,86,021640001001115
179218,TelAlaska_Cellular_Inc,AK,86,021640001001116
179219,TelAlaska_Cellular_Inc,AK,86,021640001001117
179220,TelAlaska_Cellular_Inc,AK,86,021640001001118
179221,TelAlaska_Cellular_Inc,AK,86,021640001001119
179222,TelAlaska_Cellular_Inc,AK,86,021640001001120
179223,TelAlaska_Cellular_Inc,AK,86,021640001001121
179224,TelAlaska_Cellular_Inc,AK,86,021640001001122
179225,TelAlaska_Cellular_Inc,AK,86,021640001001123
179226,TelAlaska_Cellular_Inc,AK,86,021640001001124
179227,TelAlaska_Cellular_Inc,AK,86,021640001001125
179228,TelAlaska_Cellular_Inc,AK,86,021640001001126
179229,TelAlaska_Cellular_Inc,AK,86,021640001001127
179230,TelAlaska_Cellular_Inc,AK,86,021640001001147
179231,TelAlaska_Cellular_Inc,AK,86,021640001001160
179232,TelAlaska_Cellular_Inc,AK,86,021640001001218
179233,TelAlaska_Cellular_Inc,AK,86,021640001001220
179234,TelAlaska_Cellular_Inc,AK,86,021640001001223
179235,TelAlaska_Cellular_Inc,AK,86,021640001001236
179236,TelAlaska_Cellular_Inc,AK,86,021640001001237
179237,TelAlaska_Cellular_Inc,AK,86,021640001001238
179238,TelAlaska_Cellular_Inc,AK,86,021640001001239
179239,TelAlaska_Cellular_Inc,AK,86,021640001001240
179240,TelAlaska_Cellular_Inc,AK,86,021640001001241
179241,TelAlaska_Cellular_Inc,AK,86,021640001001242
179242,TelAlaska_Cellular_Inc,AK,86,021640001001243
179243,TelAlaska_Cellular_Inc,AK,86,021640001001244
179244,TelAlaska_Cellular_Inc,AK,86,021640001001260
179245,TelAlaska_Cellular_Inc,AK,86,021640001001262
179246,TelAlaska_Cellular_Inc,AK,86,021640001001263
179247,TelAlaska_Cellular_Inc,AK,86,021640001001267
179248,TelAlaska_Cellular_Inc,AK,86,021640001001268
179249,TelAlaska_Cellular_Inc,AK,86,021640001001269
179250,TelAlaska_Cellular_Inc,AK,86,021800001001000
179251,TelAlaska_Cellular_Inc,AK,86,021800001001002
179252,TelAlaska_Cellular_Inc,AK,86,021800001001005
179253,TelAlaska_Cellular_Inc,AK,86,021800001001010
179254,TelAlaska_Cellular_Inc,AK,86,021800001001012
179255,TelAlaska_Cellular_Inc,AK,86,021800001001037
179256,TelAlaska_Cellular_Inc,AK,86,021800001001038
179257,TelAlaska_Cellular_Inc,AK,86,021800001001039
179258,TelAlaska_Cellular_Inc,AK,86,021800001001040
179259,TelAlaska_Cellular_Inc,AK,86,021800001001041
179260,TelAlaska_Cellular_Inc,AK,86,021800001001042
179261,TelAlaska_Cellular_Inc,AK,86,021800001001043
179262,TelAlaska_Cellular_Inc,AK,86,021800001001049
179263,TelAlaska_Cellular_Inc,AK,86,021800001001078
179264,TelAlaska_Cellular_Inc,AK,86,021800001001083
179265,TelAlaska_Cellular_Inc,AK,86,021800001001084
179266,TelAlaska_Cellular_Inc,AK,86,021800001001085
179267,TelAlaska_Cellular_Inc,AK,86,021800001001086
179268,TelAlaska_Cellular_Inc,AK,86,021800001001087
179269,TelAlaska_Cellular_Inc,AK,86,021800001001092
179270,TelAlaska_Cellular_Inc,AK,86,021800001001093
179271,TelAlaska_Cellular_Inc,AK,86,021800001001094
179272,TelAlaska_Cellular_Inc,AK,86,021800001001095
179273,TelAlaska_Cellular_Inc,AK,86,021800001001096
179274,TelAlaska_Cellular_Inc,AK,86,021800001001097
179275,TelAlaska_Cellular_Inc,AK,86,021800001001126
179276,TelAlaska_Cellular_Inc,AK,86,021800001001127
179277,TelAlaska_Cellular_Inc,AK,86,021800001001128
179278,TelAlaska_Cellular_Inc,AK,86,021800001001129
179279,TelAlaska_Cellular_Inc,AK,86,021800001001130
179280,TelAlaska_Cellular_Inc,AK,86,021800001001131
179281,TelAlaska_Cellular_Inc,AK,86,021800001001132
179282,TelAlaska_Cellular_Inc,AK,86,021800001001133
179283,TelAlaska_Cellular_Inc,AK,86,021800001001134
179284,TelAlaska_Cellular_Inc,AK,86,021800001001135
179285,TelAlaska_Cellular_Inc,AK,86,021800001001140
179286,TelAlaska_Cellular_Inc,AK,86,021800001002062
179287,TelAlaska_Cellular_Inc,AK,86,021800001002063
179288,TelAlaska_Cellular_Inc,AK,86,021800001002065
179289,TelAlaska_Cellular_Inc,AK,86,021800001002071
179290,TelAlaska_Cellular_Inc,AK,86,021800001002073
179291,TelAlaska_Cellular_Inc,AK,86,021800001002075
179292,TelAlaska_Cellular_Inc,AK,86,021800001002078
179293,TelAlaska_Cellular_Inc,AK,86,021800001002082
179294,TelAlaska_Cellular_Inc,AK,86,021800001002084
179295,TelAlaska_Cellular_Inc,AK,86,021800001002087
179296,TelAlaska_Cellular_Inc,AK,86,021800001002091
179297,TelAlaska_Cellular_Inc,AK,86,021800001002100
179298,TelAlaska_Cellular_Inc,AK,86,021800001002101
179299,TelAlaska_Cellular_Inc,AK,86,021800001002102
179300,TelAlaska_Cellular_Inc,AK,86,021800001002103
179301,TelAlaska_Cellular_Inc,AK,86,021800001002104
179302,TelAlaska_Cellular_Inc,AK,86,021800001002105
179303,TelAlaska_Cellular_Inc,AK,86,021800001002106
179304,TelAlaska_Cellular_Inc,AK,86,021800001002107
179305,TelAlaska_Cellular_Inc,AK,86,021800001002108
179306,TelAlaska_Cellular_Inc,AK,86,021800001002109
179307,TelAlaska_Cellular_Inc,AK,86,021800001002110
179308,TelAlaska_Cellular_Inc,AK,86,021800001002111
179309,TelAlaska_Cellular_Inc,AK,86,021800001002112
179310,TelAlaska_Cellular_Inc,AK,86,021800001002113
179311,TelAlaska_Cellular_Inc,AK,86,021800001002114
179312,TelAlaska_Cellular_Inc,AK,86,021800001002115
179313,TelAlaska_Cellular_Inc,AK,86,021800001002116
179314,TelAlaska_Cellular_Inc,AK,86,021800001002117
179315,TelAlaska_Cellular_Inc,AK,86,021800001002118
179316,TelAlaska_Cellular_Inc,AK,86,021800001002119
179317,TelAlaska_Cellular_Inc,AK,86,021800001002120
179318,TelAlaska_Cellular_Inc,AK,86,021800001002121
179319,TelAlaska_Cellular_Inc,AK,86,021800001002122
179320,TelAlaska_Cellular_Inc,AK,86,021800001002123
179321,TelAlaska_Cellular_Inc,AK,86,021800001002124
179322,TelAlaska_Cellular_Inc,AK,86,021800001002125
179323,TelAlaska_Cellular_Inc,AK,86,021800001002126
179324,TelAlaska_Cellular_Inc,AK,86,021800001002127
179325,TelAlaska_Cellular_Inc,AK,86,021800001002128
179326,TelAlaska_Cellular_Inc,AK,86,021800001002129
179327,TelAlaska_Cellular_Inc,AK,86,021800001002130
179328,TelAlaska_Cellular_Inc,AK,86,021800001002131
179329,TelAlaska_Cellular_Inc,AK,86,021800001002132
179330,TelAlaska_Cellular_Inc,AK,86,021800001002133
179331,TelAlaska_Cellular_Inc,AK,86,021800001002134
179332,TelAlaska_Cellular_Inc,AK,86,021800001002135
179333,TelAlaska_Cellular_Inc,AK,86,021800001002136
179334,TelAlaska_Cellular_Inc,AK,86,021800001002137
179335,TelAlaska_Cellular_Inc,AK,86,021800001002138
179336,TelAlaska_Cellular_Inc,AK,86,021800001002139
179337,TelAlaska_Cellular_Inc,AK,86,021800001002140
179338,TelAlaska_Cellular_Inc,AK,86,021800001002177
179339,TelAlaska_Cellular_Inc,AK,86,021800001002190
179340,TelAlaska_Cellular_Inc,AK,86,021800001002192
179341,TelAlaska_Cellular_Inc,AK,86,021800001002193
179342,TelAlaska_Cellular_Inc,AK,86,021800001002194
179343,TelAlaska_Cellular_Inc,AK,86,021800001002195
179344,TelAlaska_Cellular_Inc,AK,86,021800001002196
179345,TelAlaska_Cellular_Inc,AK,86,021800001002197
179346,TelAlaska_Cellular_Inc,AK,86,021800001002198
179347,TelAlaska_Cellular_Inc,AK,86,021800001002200
179348,TelAlaska_Cellular_Inc,AK,86,021800001002201
179349,TelAlaska_Cellular_Inc,AK,86,021800001002215
179350,TelAlaska_Cellular_Inc,AK,86,021800001002216
179351,TelAlaska_Cellular_Inc,AK,86,021800001002222
179352,TelAlaska_Cellular_Inc,AK,86,021800001002223
179353,TelAlaska_Cellular_Inc,AK,86,021800001002224
179354,TelAlaska_Cellular_Inc,AK,86,021800001002225
179355,TelAlaska_Cellular_Inc,AK,86,021800001002226
179356,TelAlaska_Cellular_Inc,AK,86,021800001002227
179357,TelAlaska_Cellular_Inc,AK,86,021800001002228
179358,TelAlaska_Cellular_Inc,AK,86,021800001002229
179359,TelAlaska_Cellular_Inc,AK,86,021800001002230
179360,TelAlaska_Cellular_Inc,AK,86,021800001002242
179361,TelAlaska_Cellular_Inc,AK,86,021800001002243
179362,TelAlaska_Cellular_Inc,AK,86,021800001002244
179363,TelAlaska_Cellular_Inc,AK,86,021800001002247
179364,TelAlaska_Cellular_Inc,AK,86,021800001002259
179365,TelAlaska_Cellular_Inc,AK,86,021800001002282
179366,TelAlaska_Cellular_Inc,AK,86,021800001003055
179367,TelAlaska_Cellular_Inc,AK,86,021800001003082
179368,TelAlaska_Cellular_Inc,AK,86,021800001003084
179369,TelAlaska_Cellular_Inc,AK,86,021800001003085
179370,TelAlaska_Cellular_Inc,AK,86,021800001003086
179371,TelAlaska_Cellular_Inc,AK,86,021800001003087
179372,TelAlaska_Cellular_Inc,AK,86,021800001003088
179373,TelAlaska_Cellular_Inc,AK,86,021800001003089
179374,TelAlaska_Cellular_Inc,AK,86,021800001003090
179375,TelAlaska_Cellular_Inc,AK,86,021800001003091
179376,TelAlaska_Cellular_Inc,AK,86,021800001003092
179377,TelAlaska_Cellular_Inc,AK,86,021800001003093
179378,TelAlaska_Cellular_Inc,AK,86,021800001003094
179379,TelAlaska_Cellular_Inc,AK,86,021800001003095
179380,TelAlaska_Cellular_Inc,AK,86,021800001003096
179381,TelAlaska_Cellular_Inc,AK,86,021800001003097
179382,TelAlaska_Cellular_Inc,AK,86,021800001003098
179383,TelAlaska_Cellular_Inc,AK,86,021800001003099
179384,TelAlaska_Cellular_Inc,AK,86,021800001003100
179385,TelAlaska_Cellular_Inc,AK,86,021800001003101
179386,TelAlaska_Cellular_Inc,AK,86,021800001003102
179387,TelAlaska_Cellular_Inc,AK,86,021800001003103
179388,TelAlaska_Cellular_Inc,AK,86,021800001003104
179389,TelAlaska_Cellular_Inc,AK,86,021800001003107
179390,TelAlaska_Cellular_Inc,AK,86,021800001003108
179391,TelAlaska_Cellular_Inc,AK,86,021800001003109
179392,TelAlaska_Cellular_Inc,AK,86,021800001003110
179393,TelAlaska_Cellular_Inc,AK,86,021800001003111
179394,TelAlaska_Cellular_Inc,AK,86,021800001003112
179395,TelAlaska_Cellular_Inc,AK,86,021800001003113
179396,TelAlaska_Cellular_Inc,AK,86,021800001003114
179397,TelAlaska_Cellular_Inc,AK,86,021800001003121
179398,TelAlaska_Cellular_Inc,AK,86,021800001003122
179399,TelAlaska_Cellular_Inc,AK,86,021800001003123
179400,TelAlaska_Cellular_Inc,AK,86,021800001003124
179401,TelAlaska_Cellular_Inc,AK,86,021800001003125
179402,TelAlaska_Cellular_Inc,AK,86,021800001003127
179403,TelAlaska_Cellular_Inc,AK,86,021800001003128
179404,TelAlaska_Cellular_Inc,AK,86,021800001003129
179405,TelAlaska_Cellular_Inc,AK,86,021800001003130
179406,TelAlaska_Cellular_Inc,AK,86,021800001003131
179407,TelAlaska_Cellular_Inc,AK,86,021800001003132
179408,TelAlaska_Cellular_Inc,AK,86,021800001003133
179409,TelAlaska_Cellular_Inc,AK,86,021800001003134
179410,TelAlaska_Cellular_Inc,AK,86,021800001003135
179411,TelAlaska_Cellular_Inc,AK,86,021800001003136
179412,TelAlaska_Cellular_Inc,AK,86,021800001003137
179413,TelAlaska_Cellular_Inc,AK,86,021800001003138
179414,TelAlaska_Cellular_Inc,AK,86,021800001003139
179415,TelAlaska_Cellular_Inc,AK,86,021800001003140
179416,TelAlaska_Cellular_Inc,AK,86,021800001003141
179417,TelAlaska_Cellular_Inc,AK,86,021800001003142
179418,TelAlaska_Cellular_Inc,AK,86,021800001003143
179419,TelAlaska_Cellular_Inc,AK,86,021800001003144
179420,TelAlaska_Cellular_Inc,AK,86,021800001003146
179421,TelAlaska_Cellular_Inc,AK,86,021800001003147
179422,TelAlaska_Cellular_Inc,AK,86,021800001003167
179423,TelAlaska_Cellular_Inc,AK,86,021800001003168
179424,TelAlaska_Cellular_Inc,AK,86,021800001003170
179425,TelAlaska_Cellular_Inc,AK,86,021800001003172
179426,TelAlaska_Cellular_Inc,AK,86,021800001003174
179427,TelAlaska_Cellular_Inc,AK,86,021800001003175
179428,TelAlaska_Cellular_Inc,AK,86,021800001003176
179429,TelAlaska_Cellular_Inc,AK,86,021800001003177
179430,TelAlaska_Cellular_Inc,AK,86,021800001003178
179431,TelAlaska_Cellular_Inc,AK,86,021800001003179
179432,TelAlaska_Cellular_Inc,AK,86,021800001003180
179433,TelAlaska_Cellular_Inc,AK,86,021800001003181
179434,TelAlaska_Cellular_Inc,AK,86,021800001003182
179435,TelAlaska_Cellular_Inc,AK,86,021800001003183
179436,TelAlaska_Cellular_Inc,AK,86,021800001003184
179437,TelAlaska_Cellular_Inc,AK,86,021800001003185
179438,TelAlaska_Cellular_Inc,AK,86,021800001003186
179439,TelAlaska_Cellular_Inc,AK,86,021800001003187
179440,TelAlaska_Cellular_Inc,AK,86,021800001003188
179441,TelAlaska_Cellular_Inc,AK,86,021800001003189
179442,TelAlaska_Cellular_Inc,AK,86,021800001003198
179443,TelAlaska_Cellular_Inc,AK,86,021800001003211
179444,TelAlaska_Cellular_Inc,AK,86,021800001003212
179445,TelAlaska_Cellular_Inc,AK,86,021800001003213
179446,TelAlaska_Cellular_Inc,AK,86,021800001003214
179447,TelAlaska_Cellular_Inc,AK,86,021800001003215
179448,TelAlaska_Cellular_Inc,AK,86,021800001003216
179449,TelAlaska_Cellular_Inc,AK,86,021800001003217
179450,TelAlaska_Cellular_Inc,AK,86,021800001003218
179451,TelAlaska_Cellular_Inc,AK,86,021800001003219
179452,TelAlaska_Cellular_Inc,AK,86,021800001003220
179453,TelAlaska_Cellular_Inc,AK,86,021800001003221
179454,TelAlaska_Cellular_Inc,AK,86,021800001003222
179455,TelAlaska_Cellular_Inc,AK,86,021800001003224
179456,TelAlaska_Cellular_Inc,AK,86,021800001003230
179457,TelAlaska_Cellular_Inc,AK,86,021800001003231
179458,TelAlaska_Cellular_Inc,AK,86,021800001003233
179459,TelAlaska_Cellular_Inc,AK,86,021800001003234
179460,TelAlaska_Cellular_Inc,AK,86,021800001003235
179461,TelAlaska_Cellular_Inc,AK,86,021800001003236
179462,TelAlaska_Cellular_Inc,AK,86,021800001003237
179463,TelAlaska_Cellular_Inc,AK,86,021800001003238
179464,TelAlaska_Cellular_Inc,AK,86,021800001003239
179465,TelAlaska_Cellular_Inc,AK,86,021800001003240
179466,TelAlaska_Cellular_Inc,AK,86,021800001003241
179467,TelAlaska_Cellular_Inc,AK,86,021800001003242
179468,TelAlaska_Cellular_Inc,AK,86,021800001003243
179469,TelAlaska_Cellular_Inc,AK,86,021800001003244
179470,TelAlaska_Cellular_Inc,AK,86,021800001003245
179471,TelAlaska_Cellular_Inc,AK,86,021800001003257
179472,TelAlaska_Cellular_Inc,AK,86,021800001003258
179473,TelAlaska_Cellular_Inc,AK,86,021800001003260
179474,TelAlaska_Cellular_Inc,AK,86,021800001003261
179475,TelAlaska_Cellular_Inc,AK,86,021800001003262
179476,TelAlaska_Cellular_Inc,AK,86,021800001003263
179477,TelAlaska_Cellular_Inc,AK,86,021800001003310
179478,TelAlaska_Cellular_Inc,AK,86,021800001003311
179479,TelAlaska_Cellular_Inc,AK,86,021800001003312
179480,TelAlaska_Cellular_Inc,AK,86,021800001003313
179481,TelAlaska_Cellular_Inc,AK,86,021800001003314
179482,TelAlaska_Cellular_Inc,AK,86,021800001003315
179483,TelAlaska_Cellular_Inc,AK,86,021800001003327
179484,TelAlaska_Cellular_Inc,AK,86,021800001003328
179485,TelAlaska_Cellular_Inc,AK,86,021800001003329
179486,TelAlaska_Cellular_Inc,AK,86,021800001003330
179487,TelAlaska_Cellular_Inc,AK,86,021800001003331
179488,TelAlaska_Cellular_Inc,AK,86,021800001003332
179489,TelAlaska_Cellular_Inc,AK,86,021800001003333
179490,TelAlaska_Cellular_Inc,AK,86,021800001003334
179491,TelAlaska_Cellular_Inc,AK,86,021800001003335
179492,TelAlaska_Cellular_Inc,AK,86,021800001003336
179493,TelAlaska_Cellular_Inc,AK,86,021800001003337
179494,TelAlaska_Cellular_Inc,AK,86,021800001003338
179495,TelAlaska_Cellular_Inc,AK,86,021800001003339
179496,TelAlaska_Cellular_Inc,AK,86,021800001003340
179497,TelAlaska_Cellular_Inc,AK,86,021800001003343
179498,TelAlaska_Cellular_Inc,AK,86,021800001003344
179499,TelAlaska_Cellular_Inc,AK,86,021800001003345
179500,TelAlaska_Cellular_Inc,AK,86,021800001003346
179501,TelAlaska_Cellular_Inc,AK,86,021800001003347
179502,TelAlaska_Cellular_Inc,AK,86,021800001003348
179503,TelAlaska_Cellular_Inc,AK,86,021800001003349
179504,TelAlaska_Cellular_Inc,AK,86,021800001003350
179505,TelAlaska_Cellular_Inc,AK,86,021800001004004
179506,TelAlaska_Cellular_Inc,AK,86,021800001004010
179507,TelAlaska_Cellular_Inc,AK,86,021800001004011
179508,TelAlaska_Cellular_Inc,AK,86,021800001004012
179509,TelAlaska_Cellular_Inc,AK,86,021800001004013
179510,TelAlaska_Cellular_Inc,AK,86,021800001004014
179511,TelAlaska_Cellular_Inc,AK,86,021800001004015
179512,TelAlaska_Cellular_Inc,AK,86,021800001004016
179513,TelAlaska_Cellular_Inc,AK,86,021800001004031
179514,TelAlaska_Cellular_Inc,AK,86,021800001004032
179515,TelAlaska_Cellular_Inc,AK,86,021800001004033
179516,TelAlaska_Cellular_Inc,AK,86,021800001004034
179517,TelAlaska_Cellular_Inc,AK,86,021800001004035
179518,TelAlaska_Cellular_Inc,AK,86,021800001004036
179519,TelAlaska_Cellular_Inc,AK,86,021800001004037
179520,TelAlaska_Cellular_Inc,AK,86,021800001004038
179521,TelAlaska_Cellular_Inc,AK,86,021800001004039
179522,TelAlaska_Cellular_Inc,AK,86,021800001004040
179523,TelAlaska_Cellular_Inc,AK,86,021800001004041
179524,TelAlaska_Cellular_Inc,AK,86,021800001004042
179525,TelAlaska_Cellular_Inc,AK,86,021800001004043
179526,TelAlaska_Cellular_Inc,AK,86,021800001004044
179527,TelAlaska_Cellular_Inc,AK,86,021800001004045
179528,TelAlaska_Cellular_Inc,AK,86,021800001004046
179529,TelAlaska_Cellular_Inc,AK,86,021800001004047
179530,TelAlaska_Cellular_Inc,AK,86,021800001004048
179531,TelAlaska_Cellular_Inc,AK,86,021800001004049
179532,TelAlaska_Cellular_Inc,AK,86,021800001004050
179533,TelAlaska_Cellular_Inc,AK,86,021800001004051
179534,TelAlaska_Cellular_Inc,AK,86,021800001004052
179535,TelAlaska_Cellular_Inc,AK,86,021800001004053
179536,TelAlaska_Cellular_Inc,AK,86,021800001004054
179537,TelAlaska_Cellular_Inc,AK,86,021800001004055
179538,TelAlaska_Cellular_Inc,AK,86,021800001004056
179539,TelAlaska_Cellular_Inc,AK,86,021800001004057
179540,TelAlaska_Cellular_Inc,AK,86,021800001004058
179541,TelAlaska_Cellular_Inc,AK,86,021800001004059
179542,TelAlaska_Cellular_Inc,AK,86,021800001004060
179543,TelAlaska_Cellular_Inc,AK,86,021800001004061
179544,TelAlaska_Cellular_Inc,AK,86,021800001004062
179545,TelAlaska_Cellular_Inc,AK,86,021800001004063
179546,TelAlaska_Cellular_Inc,AK,86,021800001004143
179547,TelAlaska_Cellular_Inc,AK,86,021800001004162
179548,TelAlaska_Cellular_Inc,AK,86,021800001004167
179549,TelAlaska_Cellular_Inc,AK,86,021800001005003
179550,TelAlaska_Cellular_Inc,AK,86,021800001005004
179551,TelAlaska_Cellular_Inc,AK,86,021800001005005
179552,TelAlaska_Cellular_Inc,AK,86,021800001005007
179553,TelAlaska_Cellular_Inc,AK,86,021800001005008
179554,TelAlaska_Cellular_Inc,AK,86,021800001005011
179555,TelAlaska_Cellular_Inc,AK,86,021800001005015
179556,TelAlaska_Cellular_Inc,AK,86,021800001005017
179557,TelAlaska_Cellular_Inc,AK,86,021800001005018
179558,TelAlaska_Cellular_Inc,AK,86,021800001005019
179559,TelAlaska_Cellular_Inc,AK,86,021800001005020
179560,TelAlaska_Cellular_Inc,AK,86,021800001005026
179561,TelAlaska_Cellular_Inc,AK,86,021800001005027
179562,TelAlaska_Cellular_Inc,AK,86,021800001005028
179563,TelAlaska_Cellular_Inc,AK,86,021800001005031
179564,TelAlaska_Cellular_Inc,AK,86,021800001005032
179565,TelAlaska_Cellular_Inc,AK,86,021800001005033
179566,TelAlaska_Cellular_Inc,AK,86,021800001005034
179567,TelAlaska_Cellular_Inc,AK,86,021800001005035
179568,TelAlaska_Cellular_Inc,AK,86,021800001005036
179569,TelAlaska_Cellular_Inc,AK,86,021800001005037
179570,TelAlaska_Cellular_Inc,AK,86,021800001005038
179571,TelAlaska_Cellular_Inc,AK,86,021800001005039
179572,TelAlaska_Cellular_Inc,AK,86,021800001005041
179573,TelAlaska_Cellular_Inc,AK,86,021800001005042
179574,TelAlaska_Cellular_Inc,AK,86,021800001005043
179575,TelAlaska_Cellular_Inc,AK,86,021800001005044
179576,TelAlaska_Cellular_Inc,AK,86,021800001005045
179577,TelAlaska_Cellular_Inc,AK,86,021800001005046
179578,TelAlaska_Cellular_Inc,AK,86,021800001005047
179579,TelAlaska_Cellular_Inc,AK,86,021800001005048
179580,TelAlaska_Cellular_Inc,AK,86,021800001005049
179581,TelAlaska_Cellular_Inc,AK,86,021800001005050
179582,TelAlaska_Cellular_Inc,AK,86,021800001005051
179583,TelAlaska_Cellular_Inc,AK,86,021800001005052
179584,TelAlaska_Cellular_Inc,AK,86,021800001005053
179585,TelAlaska_Cellular_Inc,AK,86,021800001005054
179586,TelAlaska_Cellular_Inc,AK,86,021800001005055
179587,TelAlaska_Cellular_Inc,AK,86,021800001005056
179588,TelAlaska_Cellular_Inc,AK,86,021800001005057
179589,TelAlaska_Cellular_Inc,AK,86,021800001005068
179590,TelAlaska_Cellular_Inc,AK,86,021800001005069
179591,TelAlaska_Cellular_Inc,AK,86,021800001005072
179592,TelAlaska_Cellular_Inc,AK,86,021800001005073
179593,TelAlaska_Cellular_Inc,AK,86,021800001005074
179594,TelAlaska_Cellular_Inc,AK,86,021800001005075
179595,TelAlaska_Cellular_Inc,AK,86,021800001005076
179596,TelAlaska_Cellular_Inc,AK,86,021800001005077
179597,TelAlaska_Cellular_Inc,AK,86,021800001005081
179598,TelAlaska_Cellular_Inc,AK,86,021800001005085
179599,TelAlaska_Cellular_Inc,AK,86,021800001005086
179600,TelAlaska_Cellular_Inc,AK,86,021800001005091
179601,TelAlaska_Cellular_Inc,AK,86,021800001005092
179602,TelAlaska_Cellular_Inc,AK,86,021800001005093
179603,TelAlaska_Cellular_Inc,AK,86,021800001005094
179604,TelAlaska_Cellular_Inc,AK,86,021800001005095
179605,TelAlaska_Cellular_Inc,AK,86,021800001005096
179606,TelAlaska_Cellular_Inc,AK,86,021800001005097
179607,TelAlaska_Cellular_Inc,AK,86,021800001005098
179608,TelAlaska_Cellular_Inc,AK,86,021800001005100
179609,TelAlaska_Cellular_Inc,AK,86,021800002001007
179610,TelAlaska_Cellular_Inc,AK,86,021800002001012
179611,TelAlaska_Cellular_Inc,AK,86,021800002001015
179612,TelAlaska_Cellular_Inc,AK,86,021800002001017
179613,TelAlaska_Cellular_Inc,AK,86,021800002001018
179614,TelAlaska_Cellular_Inc,AK,86,021800002001023
179615,TelAlaska_Cellular_Inc,AK,86,021800002001027
179616,TelAlaska_Cellular_Inc,AK,86,021800002001038
179617,TelAlaska_Cellular_Inc,AK,86,021800002001039
179618,TelAlaska_Cellular_Inc,AK,86,021800002001040
179619,TelAlaska_Cellular_Inc,AK,86,021800002001043
179620,TelAlaska_Cellular_Inc,AK,86,021800002001044
179621,TelAlaska_Cellular_Inc,AK,86,021800002001047
179622,TelAlaska_Cellular_Inc,AK,86,021800002001048
179623,TelAlaska_Cellular_Inc,AK,86,021800002001049
179624,TelAlaska_Cellular_Inc,AK,86,021800002001052
179625,TelAlaska_Cellular_Inc,AK,86,021800002001053
179626,TelAlaska_Cellular_Inc,AK,86,021800002001054
179627,TelAlaska_Cellular_Inc,AK,86,021800002001055
179628,TelAlaska_Cellular_Inc,AK,86,021800002001057
179629,TelAlaska_Cellular_Inc,AK,86,021800002001058
179630,TelAlaska_Cellular_Inc,AK,86,021800002001059
179631,TelAlaska_Cellular_Inc,AK,86,021800002001061
179632,TelAlaska_Cellular_Inc,AK,86,021800002001062
179633,TelAlaska_Cellular_Inc,AK,86,021800002001063
179634,TelAlaska_Cellular_Inc,AK,86,021800002001064
179635,TelAlaska_Cellular_Inc,AK,86,021800002001065
179636,TelAlaska_Cellular_Inc,AK,86,021800002001066
179637,TelAlaska_Cellular_Inc,AK,86,021800002001069
179638,TelAlaska_Cellular_Inc,AK,86,021800002001073
179639,TelAlaska_Cellular_Inc,AK,86,021800002001074
179640,TelAlaska_Cellular_Inc,AK,86,021800002001075
179641,TelAlaska_Cellular_Inc,AK,86,021800002001076
179642,TelAlaska_Cellular_Inc,AK,86,021800002001077
179643,TelAlaska_Cellular_Inc,AK,86,021800002001078
179644,TelAlaska_Cellular_Inc,AK,86,021800002001080
179645,TelAlaska_Cellular_Inc,AK,86,021800002001085
179646,TelAlaska_Cellular_Inc,AK,86,021800002001086
179647,TelAlaska_Cellular_Inc,AK,86,021800002001087
179648,TelAlaska_Cellular_Inc,AK,86,021800002001088
179649,TelAlaska_Cellular_Inc,AK,86,021800002001089
179650,TelAlaska_Cellular_Inc,AK,86,021800002001090
179651,TelAlaska_Cellular_Inc,AK,86,021800002001091
179652,TelAlaska_Cellular_Inc,AK,86,021800002001092
179653,TelAlaska_Cellular_Inc,AK,86,021800002001093
179654,TelAlaska_Cellular_Inc,AK,86,021800002001094
179655,TelAlaska_Cellular_Inc,AK,86,021800002001095
179656,TelAlaska_Cellular_Inc,AK,86,021800002001096
179657,TelAlaska_Cellular_Inc,AK,86,021800002001097
179658,TelAlaska_Cellular_Inc,AK,86,021800002001098
179659,TelAlaska_Cellular_Inc,AK,86,021800002001099
179660,TelAlaska_Cellular_Inc,AK,86,021800002001100
179661,TelAlaska_Cellular_Inc,AK,86,021800002001101
179662,TelAlaska_Cellular_Inc,AK,86,021800002001102
179663,TelAlaska_Cellular_Inc,AK,86,021800002001103
179664,TelAlaska_Cellular_Inc,AK,86,021800002001104
179665,TelAlaska_Cellular_Inc,AK,86,021800002001105
179666,TelAlaska_Cellular_Inc,AK,86,021800002001106
179667,TelAlaska_Cellular_Inc,AK,86,021800002001107
179668,TelAlaska_Cellular_Inc,AK,86,021800002001109
179669,TelAlaska_Cellular_Inc,AK,86,021800002001110
179670,TelAlaska_Cellular_Inc,AK,86,021800002001111
179671,TelAlaska_Cellular_Inc,AK,86,021800002001112
179672,TelAlaska_Cellular_Inc,AK,86,021800002001113
179673,TelAlaska_Cellular_Inc,AK,86,021800002001114
179674,TelAlaska_Cellular_Inc,AK,86,021800002001115
179675,TelAlaska_Cellular_Inc,AK,86,021800002001116
179676,TelAlaska_Cellular_Inc,AK,86,021800002001117
179677,TelAlaska_Cellular_Inc,AK,86,021800002001118
179678,TelAlaska_Cellular_Inc,AK,86,021800002001119
179679,TelAlaska_Cellular_Inc,AK,86,021800002001120
179680,TelAlaska_Cellular_Inc,AK,86,021800002001121
179681,TelAlaska_Cellular_Inc,AK,86,021800002001122
179682,TelAlaska_Cellular_Inc,AK,86,021800002001123
179683,TelAlaska_Cellular_Inc,AK,86,021800002001124
179684,TelAlaska_Cellular_Inc,AK,86,021800002001125
179685,TelAlaska_Cellular_Inc,AK,86,021800002001126
179686,TelAlaska_Cellular_Inc,AK,86,021800002001127
179687,TelAlaska_Cellular_Inc,AK,86,021800002001128
179688,TelAlaska_Cellular_Inc,AK,86,021800002001129
179689,TelAlaska_Cellular_Inc,AK,86,021800002001130
179690,TelAlaska_Cellular_Inc,AK,86,021800002001131
179691,TelAlaska_Cellular_Inc,AK,86,021800002001132
179692,TelAlaska_Cellular_Inc,AK,86,021800002001133
179693,TelAlaska_Cellular_Inc,AK,86,021800002001134
179694,TelAlaska_Cellular_Inc,AK,86,021800002001135
179695,TelAlaska_Cellular_Inc,AK,86,021800002001136
179696,TelAlaska_Cellular_Inc,AK,86,021800002001137
179697,TelAlaska_Cellular_Inc,AK,86,021800002001138
179698,TelAlaska_Cellular_Inc,AK,86,021800002001139
179699,TelAlaska_Cellular_Inc,AK,86,021800002001140
179700,TelAlaska_Cellular_Inc,AK,86,021800002001141
179701,TelAlaska_Cellular_Inc,AK,86,021800002001142
179702,TelAlaska_Cellular_Inc,AK,86,021800002001146
179703,TelAlaska_Cellular_Inc,AK,86,021800002001147
179704,TelAlaska_Cellular_Inc,AK,86,021800002001148
179705,TelAlaska_Cellular_Inc,AK,86,021800002001149
179706,TelAlaska_Cellular_Inc,AK,86,021800002001150
179707,TelAlaska_Cellular_Inc,AK,86,021800002001151
179708,TelAlaska_Cellular_Inc,AK,86,021800002001152
179709,TelAlaska_Cellular_Inc,AK,86,021800002001153
179710,TelAlaska_Cellular_Inc,AK,86,021800002001154
179711,TelAlaska_Cellular_Inc,AK,86,021800002001155
179712,TelAlaska_Cellular_Inc,AK,86,021800002001156
179713,TelAlaska_Cellular_Inc,AK,86,021800002001157
179714,TelAlaska_Cellular_Inc,AK,86,021800002001158
179715,TelAlaska_Cellular_Inc,AK,86,021800002001159
179716,TelAlaska_Cellular_Inc,AK,86,021800002001160
179717,TelAlaska_Cellular_Inc,AK,86,021800002001161
179718,TelAlaska_Cellular_Inc,AK,86,021800002001162
179719,TelAlaska_Cellular_Inc,AK,86,021800002001163
179720,TelAlaska_Cellular_Inc,AK,86,021800002001164
179721,TelAlaska_Cellular_Inc,AK,86,021800002001165
179722,TelAlaska_Cellular_Inc,AK,86,021800002001166
179723,TelAlaska_Cellular_Inc,AK,86,021800002001167
179724,TelAlaska_Cellular_Inc,AK,86,021800002002000
179725,TelAlaska_Cellular_Inc,AK,86,021800002002001
179726,TelAlaska_Cellular_Inc,AK,86,021800002002002
179727,TelAlaska_Cellular_Inc,AK,86,021800002002003
179728,TelAlaska_Cellular_Inc,AK,86,021800002002004
179729,TelAlaska_Cellular_Inc,AK,86,021800002002005
179730,TelAlaska_Cellular_Inc,AK,86,021800002002006
179731,TelAlaska_Cellular_Inc,AK,86,021800002002007
179732,TelAlaska_Cellular_Inc,AK,86,021800002002008
179733,TelAlaska_Cellular_Inc,AK,86,021800002002009
179734,TelAlaska_Cellular_Inc,AK,86,021800002002010
179735,TelAlaska_Cellular_Inc,AK,86,021800002002011
179736,TelAlaska_Cellular_Inc,AK,86,021800002002012
179737,TelAlaska_Cellular_Inc,AK,86,021800002002013
179738,TelAlaska_Cellular_Inc,AK,86,021800002002014
179739,TelAlaska_Cellular_Inc,AK,86,021800002002015
179740,TelAlaska_Cellular_Inc,AK,86,021800002002016
179741,TelAlaska_Cellular_Inc,AK,86,021800002002023
179742,TelAlaska_Cellular_Inc,AK,86,021800002002024
179743,TelAlaska_Cellular_Inc,AK,86,021800002002026
179744,TelAlaska_Cellular_Inc,AK,86,021800002002027
179745,TelAlaska_Cellular_Inc,AK,86,021800002002031
179746,TelAlaska_Cellular_Inc,AK,86,021800002002032
179747,TelAlaska_Cellular_Inc,AK,86,021800002002033
179748,TelAlaska_Cellular_Inc,AK,86,021800002002034
179749,TelAlaska_Cellular_Inc,AK,86,021800002002035
179750,TelAlaska_Cellular_Inc,AK,86,021800002002036
179751,TelAlaska_Cellular_Inc,AK,86,021800002002037
179752,TelAlaska_Cellular_Inc,AK,86,021800002002038
179753,TelAlaska_Cellular_Inc,AK,86,021800002002039
179754,TelAlaska_Cellular_Inc,AK,86,021800002002040
179755,TelAlaska_Cellular_Inc,AK,86,021800002002041
179756,TelAlaska_Cellular_Inc,AK,86,021800002002042
179757,TelAlaska_Cellular_Inc,AK,86,021800002002043
179758,TelAlaska_Cellular_Inc,AK,86,021800002002044
179759,TelAlaska_Cellular_Inc,AK,86,021800002002045
179760,TelAlaska_Cellular_Inc,AK,86,021800002002046
179761,TelAlaska_Cellular_Inc,AK,86,021800002002047
179762,TelAlaska_Cellular_Inc,AK,86,021800002002048
179763,TelAlaska_Cellular_Inc,AK,86,021800002002049
179764,TelAlaska_Cellular_Inc,AK,86,021800002002050
179765,TelAlaska_Cellular_Inc,AK,86,021800002002051
179766,TelAlaska_Cellular_Inc,AK,86,021800002002052
179767,TelAlaska_Cellular_Inc,AK,86,021800002002053
179768,TelAlaska_Cellular_Inc,AK,86,021800002002054
179769,TelAlaska_Cellular_Inc,AK,86,021800002002055
179770,TelAlaska_Cellular_Inc,AK,86,021800002002056
179771,TelAlaska_Cellular_Inc,AK,86,021800002002057
179772,TelAlaska_Cellular_Inc,AK,86,021800002002058
179773,TelAlaska_Cellular_Inc,AK,86,021800002002059
179774,TelAlaska_Cellular_Inc,AK,86,021800002002060
179775,TelAlaska_Cellular_Inc,AK,86,021800002002061
179776,TelAlaska_Cellular_Inc,AK,86,021800002002062
179777,TelAlaska_Cellular_Inc,AK,86,021800002002063
179778,TelAlaska_Cellular_Inc,AK,86,021800002002064
179779,TelAlaska_Cellular_Inc,AK,86,021800002002065
179780,TelAlaska_Cellular_Inc,AK,86,021800002002066
179781,TelAlaska_Cellular_Inc,AK,86,021800002002067
179782,TelAlaska_Cellular_Inc,AK,86,021800002002068
179783,TelAlaska_Cellular_Inc,AK,86,021800002002069
179784,TelAlaska_Cellular_Inc,AK,86,021800002002070
179785,TelAlaska_Cellular_Inc,AK,86,021800002002071
179786,TelAlaska_Cellular_Inc,AK,86,021800002002072
179787,TelAlaska_Cellular_Inc,AK,86,021800002002073
179788,TelAlaska_Cellular_Inc,AK,86,021800002002074
179789,TelAlaska_Cellular_Inc,AK,86,021800002002075
179790,TelAlaska_Cellular_Inc,AK,86,021800002002076
179791,TelAlaska_Cellular_Inc,AK,86,021800002002077
179792,TelAlaska_Cellular_Inc,AK,86,021800002002078
179793,TelAlaska_Cellular_Inc,AK,86,021800002002079
179794,TelAlaska_Cellular_Inc,AK,86,021800002002080
179795,TelAlaska_Cellular_Inc,AK,86,021800002002081
179796,TelAlaska_Cellular_Inc,AK,86,021800002002082
179797,TelAlaska_Cellular_Inc,AK,86,021800002002083
179798,TelAlaska_Cellular_Inc,AK,86,021800002002084
179799,TelAlaska_Cellular_Inc,AK,86,021800002002085
179800,TelAlaska_Cellular_Inc,AK,86,021800002002086
179801,TelAlaska_Cellular_Inc,AK,86,021800002002087
179802,TelAlaska_Cellular_Inc,AK,86,021800002002088
179803,TelAlaska_Cellular_Inc,AK,86,021800002002089
179804,TelAlaska_Cellular_Inc,AK,86,021800002002090
179805,TelAlaska_Cellular_Inc,AK,86,021800002002091
179806,TelAlaska_Cellular_Inc,AK,86,021800002002092
179807,TelAlaska_Cellular_Inc,AK,86,021800002002093
179808,TelAlaska_Cellular_Inc,AK,86,021800002002094
179809,TelAlaska_Cellular_Inc,AK,86,021800002002095
179810,TelAlaska_Cellular_Inc,AK,86,021800002002096
179811,TelAlaska_Cellular_Inc,AK,86,021800002002097
179812,TelAlaska_Cellular_Inc,AK,86,021800002002098
179813,TelAlaska_Cellular_Inc,AK,86,021800002002099
179814,TelAlaska_Cellular_Inc,AK,86,021800002002100
179815,TelAlaska_Cellular_Inc,AK,86,021800002002101
179816,TelAlaska_Cellular_Inc,AK,86,021800002002102
179817,TelAlaska_Cellular_Inc,AK,86,021800002003000
179818,TelAlaska_Cellular_Inc,AK,86,021800002003001
179819,TelAlaska_Cellular_Inc,AK,86,021800002003002
179820,TelAlaska_Cellular_Inc,AK,86,021800002003003
179821,TelAlaska_Cellular_Inc,AK,86,021800002003004
179822,TelAlaska_Cellular_Inc,AK,86,021800002003005
179823,TelAlaska_Cellular_Inc,AK,86,021800002003006
179824,TelAlaska_Cellular_Inc,AK,86,021800002003007
179825,TelAlaska_Cellular_Inc,AK,86,021800002003008
179826,TelAlaska_Cellular_Inc,AK,86,021800002003009
179827,TelAlaska_Cellular_Inc,AK,86,021800002003010
179828,TelAlaska_Cellular_Inc,AK,86,021800002003011
179829,TelAlaska_Cellular_Inc,AK,86,021800002003012
179830,TelAlaska_Cellular_Inc,AK,86,021800002003013
179831,TelAlaska_Cellular_Inc,AK,86,021800002003014
179832,TelAlaska_Cellular_Inc,AK,86,021800002003015
179833,TelAlaska_Cellular_Inc,AK,86,021800002003016
179834,TelAlaska_Cellular_Inc,AK,86,021800002003017
179835,TelAlaska_Cellular_Inc,AK,86,021800002003018
179836,TelAlaska_Cellular_Inc,AK,86,021800002003019
179837,TelAlaska_Cellular_Inc,AK,86,021800002003020
179838,TelAlaska_Cellular_Inc,AK,86,021800002003021
179839,TelAlaska_Cellular_Inc,AK,86,021800002003022
179840,TelAlaska_Cellular_Inc,AK,86,021800002003023
179841,TelAlaska_Cellular_Inc,AK,86,021800002003024
179842,TelAlaska_Cellular_Inc,AK,86,021800002003025
179843,TelAlaska_Cellular_Inc,AK,86,021800002003026
179844,TelAlaska_Cellular_Inc,AK,86,021800002003027
179845,TelAlaska_Cellular_Inc,AK,86,021800002003028
179846,TelAlaska_Cellular_Inc,AK,86,021800002004000
179847,TelAlaska_Cellular_Inc,AK,86,021800002004001
179848,TelAlaska_Cellular_Inc,AK,86,021800002004002
179849,TelAlaska_Cellular_Inc,AK,86,021800002004003
179850,TelAlaska_Cellular_Inc,AK,86,021800002004004
179851,TelAlaska_Cellular_Inc,AK,86,021800002004005
179852,TelAlaska_Cellular_Inc,AK,86,021800002004006
179853,TelAlaska_Cellular_Inc,AK,86,021800002004007
179854,TelAlaska_Cellular_Inc,AK,86,021800002004008
179855,TelAlaska_Cellular_Inc,AK,86,021800002004009
179856,TelAlaska_Cellular_Inc,AK,86,021800002004010
179857,TelAlaska_Cellular_Inc,AK,86,021800002004011
179858,TelAlaska_Cellular_Inc,AK,86,021800002004012
179859,TelAlaska_Cellular_Inc,AK,86,021800002004013
179860,TelAlaska_Cellular_Inc,AK,86,021800002004014
179861,TelAlaska_Cellular_Inc,AK,86,021800002004015
179862,TelAlaska_Cellular_Inc,AK,86,021800002004016
179863,TelAlaska_Cellular_Inc,AK,86,021800002004017
179864,TelAlaska_Cellular_Inc,AK,86,021800002004018
179865,TelAlaska_Cellular_Inc,AK,86,021800002004019
179866,TelAlaska_Cellular_Inc,AK,86,021800002004020
179867,TelAlaska_Cellular_Inc,AK,86,021800002004021
179868,TelAlaska_Cellular_Inc,AK,86,021800002004022
179869,TelAlaska_Cellular_Inc,AK,86,021800002004023
179870,TelAlaska_Cellular_Inc,AK,86,021800002004024
179871,TelAlaska_Cellular_Inc,AK,86,021800002004025
179872,TelAlaska_Cellular_Inc,AK,86,021800002004026
179873,TelAlaska_Cellular_Inc,AK,86,021800002004027
179874,TelAlaska_Cellular_Inc,AK,86,021800002004028
179875,TelAlaska_Cellular_Inc,AK,86,021800002004029
179876,TelAlaska_Cellular_Inc,AK,86,021800002004030
179877,TelAlaska_Cellular_Inc,AK,86,021800002004031
179878,TelAlaska_Cellular_Inc,AK,86,021800002004032
179879,TelAlaska_Cellular_Inc,AK,86,021800002004033
179880,TelAlaska_Cellular_Inc,AK,86,021800002004034
179881,TelAlaska_Cellular_Inc,AK,86,021800002004035
179882,TelAlaska_Cellular_Inc,AK,86,021800002004036
179883,TelAlaska_Cellular_Inc,AK,86,021800002004037
179884,TelAlaska_Cellular_Inc,AK,86,021800002004038
179885,TelAlaska_Cellular_Inc,AK,86,021800002004039
179886,TelAlaska_Cellular_Inc,AK,86,021800002004040
179887,TelAlaska_Cellular_Inc,AK,86,021800002004041
179888,TelAlaska_Cellular_Inc,AK,86,022900001001055
179889,TelAlaska_Cellular_Inc,AK,86,022900001001192
179890,TelAlaska_Cellular_Inc,AK,86,022900001001193
179891,TelAlaska_Cellular_Inc,AK,86,022900001001226
179892,TelAlaska_Cellular_Inc,AK,86,022900001002015
179893,TelAlaska_Cellular_Inc,AK,86,022900001002016
179894,TelAlaska_Cellular_Inc,AK,86,022900001002017
179895,TelAlaska_Cellular_Inc,AK,86,022900001002018
179896,TelAlaska_Cellular_Inc,AK,86,022900001002019
179897,TelAlaska_Cellular_Inc,AK,86,022900001002021
179898,TelAlaska_Cellular_Inc,AK,86,022900001002022
179899,TelAlaska_Cellular_Inc,AK,86,022900001002023
179900,TelAlaska_Cellular_Inc,AK,86,022900001002024
179901,TelAlaska_Cellular_Inc,AK,86,022900001002025
179902,TelAlaska_Cellular_Inc,AK,86,022900001002026
179903,TelAlaska_Cellular_Inc,AK,86,022900001002028
179904,TelAlaska_Cellular_Inc,AK,86,022900001002029
179905,TelAlaska_Cellular_Inc,AK,86,022900001002030
179906,TelAlaska_Cellular_Inc,AK,86,022900001002033
179907,TelAlaska_Cellular_Inc,AK,86,022900001002037
179908,TelAlaska_Cellular_Inc,AK,86,022900001002038
179909,TelAlaska_Cellular_Inc,AK,86,022900001002039
179910,TelAlaska_Cellular_Inc,AK,86,022900001002040
179911,TelAlaska_Cellular_Inc,AK,86,022900001002041
179912,TelAlaska_Cellular_Inc,AK,86,022900001002042
179913,TelAlaska_Cellular_Inc,AK,86,022900001002043
179914,TelAlaska_Cellular_Inc,AK,86,022900001002044
179915,TelAlaska_Cellular_Inc,AK,86,022900001002045
179916,TelAlaska_Cellular_Inc,AK,86,022900001002046
179917,TelAlaska_Cellular_Inc,AK,86,022900001002047
179918,TelAlaska_Cellular_Inc,AK,86,022900001002048
179919,TelAlaska_Cellular_Inc,AK,86,022900001002049
179920,TelAlaska_Cellular_Inc,AK,86,022900001002050
179921,TelAlaska_Cellular_Inc,AK,86,022900001002051
179922,TelAlaska_Cellular_Inc,AK,86,022900001002054
179923,TelAlaska_Cellular_Inc,AK,86,022900001002056
179924,TelAlaska_Cellular_Inc,AK,86,022900001002059
179925,TelAlaska_Cellular_Inc,AK,86,022900001002060
179926,TelAlaska_Cellular_Inc,AK,86,022900001002061
179927,TelAlaska_Cellular_Inc,AK,86,022900001002062
179928,TelAlaska_Cellular_Inc,AK,86,022900001002063
179929,TelAlaska_Cellular_Inc,AK,86,022900001002064
179930,TelAlaska_Cellular_Inc,AK,86,022900001002065
179931,TelAlaska_Cellular_Inc,AK,86,022900001002066
179932,TelAlaska_Cellular_Inc,AK,86,022900001002067
179933,TelAlaska_Cellular_Inc,AK,86,022900001002068
179934,TelAlaska_Cellular_Inc,AK,86,022900001002069
179935,TelAlaska_Cellular_Inc,AK,86,022900001002070
179936,TelAlaska_Cellular_Inc,AK,86,022900001002071
179937,TelAlaska_Cellular_Inc,AK,86,022900001002072
179938,TelAlaska_Cellular_Inc,AK,86,022900001002073
179939,TelAlaska_Cellular_Inc,AK,86,022900001002074
179940,TelAlaska_Cellular_Inc,AK,86,022900001002075
179941,TelAlaska_Cellular_Inc,AK,86,022900001002076
179942,TelAlaska_Cellular_Inc,AK,86,022900001002077
179943,TelAlaska_Cellular_Inc,AK,86,022900001002078
179944,TelAlaska_Cellular_Inc,AK,86,022900001002079
179945,TelAlaska_Cellular_Inc,AK,86,022900001002080
179946,TelAlaska_Cellular_Inc,AK,86,022900001002081
179947,TelAlaska_Cellular_Inc,AK,86,022900001002082
179948,TelAlaska_Cellular_Inc,AK,86,022900001002083
179949,TelAlaska_Cellular_Inc,AK,86,022900001002084
179950,TelAlaska_Cellular_Inc,AK,86,022900001002085
179951,TelAlaska_Cellular_Inc,AK,86,022900001002086
179952,TelAlaska_Cellular_Inc,AK,86,022900001002087
179953,TelAlaska_Cellular_Inc,AK,86,022900001002088
179954,TelAlaska_Cellular_Inc,AK,86,022900001002089
179955,TelAlaska_Cellular_Inc,AK,86,022900001002090
179956,TelAlaska_Cellular_Inc,AK,86,022900001002091
179957,TelAlaska_Cellular_Inc,AK,86,022900001002092
179958,TelAlaska_Cellular_Inc,AK,86,022900001002093
179959,TelAlaska_Cellular_Inc,AK,86,022900001002094
179960,TelAlaska_Cellular_Inc,AK,86,022900001002095
179961,TelAlaska_Cellular_Inc,AK,86,022900001002096
179962,TelAlaska_Cellular_Inc,AK,86,022900001002097
179963,TelAlaska_Cellular_Inc,AK,86,022900001002098
179964,TelAlaska_Cellular_Inc,AK,86,022900001002099
179965,TelAlaska_Cellular_Inc,AK,86,022900001002100
179966,TelAlaska_Cellular_Inc,AK,86,022900001002101
179967,TelAlaska_Cellular_Inc,AK,86,022900001002102
179968,TelAlaska_Cellular_Inc,AK,86,022900001002103
179969,TelAlaska_Cellular_Inc,AK,86,022900001002104
179970,TelAlaska_Cellular_Inc,AK,86,022900001002105
179971,TelAlaska_Cellular_Inc,AK,86,022900001002106
179972,TelAlaska_Cellular_Inc,AK,86,022900001002107
179973,TelAlaska_Cellular_Inc,AK,86,022900001002108
179974,TelAlaska_Cellular_Inc,AK,86,022900001002109
179975,TelAlaska_Cellular_Inc,AK,86,022900001002110
179976,TelAlaska_Cellular_Inc,AK,86,022900001002111
179977,TelAlaska_Cellular_Inc,AK,86,022900001002112
179978,TelAlaska_Cellular_Inc,AK,86,022900001002113
179979,TelAlaska_Cellular_Inc,AK,86,022900001002114
179980,TelAlaska_Cellular_Inc,AK,86,022900001002115
179981,TelAlaska_Cellular_Inc,AK,86,022900001002116
179982,TelAlaska_Cellular_Inc,AK,86,022900001002117
179983,TelAlaska_Cellular_Inc,AK,86,022900001002118
179984,TelAlaska_Cellular_Inc,AK,86,022900001002119
179985,TelAlaska_Cellular_Inc,AK,86,022900001002120
179986,TelAlaska_Cellular_Inc,AK,86,022900001002121
179987,TelAlaska_Cellular_Inc,AK,86,022900001002122
179988,TelAlaska_Cellular_Inc,AK,86,022900001002123
179989,TelAlaska_Cellular_Inc,AK,86,022900001002124
179990,TelAlaska_Cellular_Inc,AK,86,022900001002125
179991,TelAlaska_Cellular_Inc,AK,86,022900001002126
179992,TelAlaska_Cellular_Inc,AK,86,022900001002127
179993,TelAlaska_Cellular_Inc,AK,86,022900001002128
179994,TelAlaska_Cellular_Inc,AK,86,022900001002129
179995,TelAlaska_Cellular_Inc,AK,86,022900001002130
179996,TelAlaska_Cellular_Inc,AK,86,022900001002131
179997,TelAlaska_Cellular_Inc,AK,86,022900001002132
179998,TelAlaska_Cellular_Inc,AK,86,022900001002133
179999,TelAlaska_Cellular_Inc,AK,86,022900001002134
180000,TelAlaska_Cellular_Inc,AK,86,022900001002135
180001,TelAlaska_Cellular_Inc,AK,86,022900001002136
180002,TelAlaska_Cellular_Inc,AK,86,022900001002137
180003,TelAlaska_Cellular_Inc,AK,86,022900001002138
180004,TelAlaska_Cellular_Inc,AK,86,022900001002139
180005,TelAlaska_Cellular_Inc,AK,86,022900001002140
180006,TelAlaska_Cellular_Inc,AK,86,022900001002141
180007,TelAlaska_Cellular_Inc,AK,86,022900001002142
180008,TelAlaska_Cellular_Inc,AK,86,022900001002143
180009,TelAlaska_Cellular_Inc,AK,86,022900001002144
180010,TelAlaska_Cellular_Inc,AK,86,022900001002198
180011,TelAlaska_Cellular_Inc,AK,86,022900001002199
180012,TelAlaska_Cellular_Inc,AK,86,022900001002241
180013,TelAlaska_Cellular_Inc,AK,86,022900001002242
180014,TelAlaska_Cellular_Inc,AK,86,022900001002243
180015,TelAlaska_Cellular_Inc,AK,86,022900001002244
180016,TelAlaska_Cellular_Inc,AK,86,022900001002245
180017,TelAlaska_Cellular_Inc,AK,86,022900001002247
180018,TelAlaska_Cellular_Inc,AK,86,022900001002248
180019,TelAlaska_Cellular_Inc,AK,86,022900003002001
180020,TelAlaska_Cellular_Inc,AK,86,022900003002004
180021,TelAlaska_Cellular_Inc,AK,86,022900003002007
180022,TelAlaska_Cellular_Inc,AK,86,022900003002008
180023,TelAlaska_Cellular_Inc,AK,86,022900003002010
180024,TelAlaska_Cellular_Inc,AK,86,022900003002011
180025,TelAlaska_Cellular_Inc,AK,86,022900003002012
180026,TelAlaska_Cellular_Inc,AK,86,022900003002013
180027,TelAlaska_Cellular_Inc,AK,86,022900003002014
180028,TelAlaska_Cellular_Inc,AK,86,022900003002015
180029,TelAlaska_Cellular_Inc,AK,86,022900003002016
180030,TelAlaska_Cellular_Inc,AK,86,022900003002017
180031,TelAlaska_Cellular_Inc,AK,86,022900003002019
180032,TelAlaska_Cellular_Inc,AK,86,022900003002020
180033,TelAlaska_Cellular_Inc,AK,86,022900003002021
180034,TelAlaska_Cellular_Inc,AK,86,022900003002023
180035,TelAlaska_Cellular_Inc,AK,86,022900003002024
180036,TelAlaska_Cellular_Inc,AK,86,022900003002025
180037,TelAlaska_Cellular_Inc,AK,86,022900003002026
180038,TelAlaska_Cellular_Inc,AK,86,022900003002027
180039,TelAlaska_Cellular_Inc,AK,86,022900003002028
180040,TelAlaska_Cellular_Inc,AK,86,022900003002029
180041,TelAlaska_Cellular_Inc,AK,86,022900003002030
180042,TelAlaska_Cellular_Inc,AK,86,022900003002031
180043,TelAlaska_Cellular_Inc,AK,86,022900003002032
180044,TelAlaska_Cellular_Inc,AK,86,022900003002033
180045,TelAlaska_Cellular_Inc,AK,86,022900003002034
180046,TelAlaska_Cellular_Inc,AK,86,022900003002035
180047,TelAlaska_Cellular_Inc,AK,86,022900003002036
180048,TelAlaska_Cellular_Inc,AK,86,022900003002037
180049,TelAlaska_Cellular_Inc,AK,86,022900003002038
180050,TelAlaska_Cellular_Inc,AK,86,022900003002039
180051,TelAlaska_Cellular_Inc,AK,86,022900003002040
180052,TelAlaska_Cellular_Inc,AK,86,022900003002041
180053,TelAlaska_Cellular_Inc,AK,86,022900003002042
180054,TelAlaska_Cellular_Inc,AK,86,022900003002043
180055,TelAlaska_Cellular_Inc,AK,86,022900003002044
180056,TelAlaska_Cellular_Inc,AK,86,022900003002045
180057,TelAlaska_Cellular_Inc,AK,86,022900003002046
180058,TelAlaska_Cellular_Inc,AK,86,022900003002047
180059,TelAlaska_Cellular_Inc,AK,86,022900003002048
180060,TelAlaska_Cellular_Inc,AK,86,022900003002049
180061,TelAlaska_Cellular_Inc,AK,86,022900003002050
180062,TelAlaska_Cellular_Inc,AK,86,022900003002051
180063,TelAlaska_Cellular_Inc,AK,86,022900003002052
180064,TelAlaska_Cellular_Inc,AK,86,022900003002053
180065,TelAlaska_Cellular_Inc,AK,86,022900003002054
180066,TelAlaska_Cellular_Inc,AK,86,022900003002055
180067,TelAlaska_Cellular_Inc,AK,86,022900003002056
180068,TelAlaska_Cellular_Inc,AK,86,022900003002057
180069,TelAlaska_Cellular_Inc,AK,86,022900003002058
180070,TelAlaska_Cellular_Inc,AK,86,022900003002059
180071,TelAlaska_Cellular_Inc,AK,86,022900003002060
180072,TelAlaska_Cellular_Inc,AK,86,022900003002061
180073,TelAlaska_Cellular_Inc,AK,86,022900003002062
180074,TelAlaska_Cellular_Inc,AK,86,022900003002063
180075,TelAlaska_Cellular_Inc,AK,86,022900003002064
180076,TelAlaska_Cellular_Inc,AK,86,022900003002065
180077,TelAlaska_Cellular_Inc,AK,86,022900003002066
180078,TelAlaska_Cellular_Inc,AK,86,022900003002067
180079,TelAlaska_Cellular_Inc,AK,86,022900003002068
180080,TelAlaska_Cellular_Inc,AK,86,022900003002069
180081,TelAlaska_Cellular_Inc,AK,86,022900003002070
180082,TelAlaska_Cellular_Inc,AK,86,022900003002071
180083,TelAlaska_Cellular_Inc,AK,86,022900003002072
180084,TelAlaska_Cellular_Inc,AK,86,022900003002073
180085,TelAlaska_Cellular_Inc,AK,86,022900003002074
180086,TelAlaska_Cellular_Inc,AK,86,022900003002075
180087,TelAlaska_Cellular_Inc,AK,86,022900003002076
180088,TelAlaska_Cellular_Inc,AK,86,022900003002077
180089,TelAlaska_Cellular_Inc,AK,86,022900003002078
180090,TelAlaska_Cellular_Inc,AK,86,022900003002079
180091,TelAlaska_Cellular_Inc,AK,86,022900003002080
180092,TelAlaska_Cellular_Inc,AK,86,022900003002081
180093,TelAlaska_Cellular_Inc,AK,86,022900003002082
