LogRecNo,Provider_Id,FRN,ProviderName,DBAName,HoldingCompanyName,HocoNum,HocoFinal,StateAbbr,BlockCode,TechCode,Consumer,MaxAdDown,MaxAdUp,Business,MaxCIRDown,MaxCIRUp
3509890,17332,0004350252,Micronesian Telecomm. Corp,PTI Pacifica Inc.,PTI Pacifica Inc.,220001,PTI Pacifica Inc.,MP,691009501001000,10,1,9,1,0,0,0
3509891,17332,0004350252,Micronesian Telecomm. Corp,PTI Pacifica Inc.,PTI Pacifica Inc.,220001,PTI Pacifica Inc.,MP,691009501001000,30,0,0,0,1,4,4
3509892,17332,0004350252,Micronesian Telecomm. Corp,PTI Pacifica Inc.,PTI Pacifica Inc.,220001,PTI Pacifica Inc.,MP,691009501001001,10,1,9,1,0,0,0
3509893,17332,0004350252,Micronesian Telecomm. Corp,PTI Pacifica Inc.,PTI Pacifica Inc.,220001,PTI Pacifica Inc.,MP,691009501001001,30,0,0,0,1,4,4
3509894,17332,0004350252,Micronesian Telecomm. Corp,PTI Pacifica Inc.,PTI Pacifica Inc.,220001,PTI Pacifica Inc.,MP,691009501001002,10,1,9,1,0,0,0
3509895,17332,0004350252,Micronesian Telecomm. Corp,PTI Pacifica Inc.,PTI Pacifica Inc.,220001,PTI Pacifica Inc.,MP,691009501001002,30,0,0,0,1,4,4
3509896,17332,0004350252,Micronesian Telecomm. Corp,PTI Pacifica Inc.,PTI Pacifica Inc.,220001,PTI Pacifica Inc.,MP,691009501001002,70,1,3,2,1,3,2
3509897,17332,0004350252,Micronesian Telecomm. Corp,PTI Pacifica Inc.,PTI Pacifica Inc.,220001,PTI Pacifica Inc.,MP,691009501001003,10,1,9,1,0,0,0
3509898,17332,0004350252,Micronesian Telecomm. Corp,PTI Pacifica Inc.,PTI Pacifica Inc.,220001,PTI Pacifica Inc.,MP,691009501001003,30,0,0,0,1,4,4
3509899,17332,0004350252,Micronesian Telecomm. Corp,PTI Pacifica Inc.,PTI Pacifica Inc.,220001,PTI Pacifica Inc.,MP,691009501001004,10,1,9,1,0,0,0
3509900,17332,0004350252,Micronesian Telecomm. Corp,PTI Pacifica Inc.,PTI Pacifica Inc.,220001,PTI Pacifica Inc.,MP,691009501001004,30,0,0,0,1,4,4
3509901,17332,0004350252,Micronesian Telecomm. Corp,PTI Pacifica Inc.,PTI Pacifica Inc.,220001,PTI Pacifica Inc.,MP,691009501001023,10,1,9,1,0,0,0
3509902,17332,0004350252,Micronesian Telecomm. Corp,PTI Pacifica Inc.,PTI Pacifica Inc.,220001,PTI Pacifica Inc.,MP,691009501001023,30,0,0,0,1,4,4
3509903,17332,0004350252,Micronesian Telecomm. Corp,PTI Pacifica Inc.,PTI Pacifica Inc.,220001,PTI Pacifica Inc.,MP,691009501001027,10,1,9,1,0,0,0
3509904,17332,0004350252,Micronesian Telecomm. Corp,PTI Pacifica Inc.,PTI Pacifica Inc.,220001,PTI Pacifica Inc.,MP,691009501001027,30,0,0,0,1,4,4
3509905,17332,0004350252,Micronesian Telecomm. Corp,PTI Pacifica Inc.,PTI Pacifica Inc.,220001,PTI Pacifica Inc.,MP,691009501001028,10,1,9,1,0,0,0
3509906,17332,0004350252,Micronesian Telecomm. Corp,PTI Pacifica Inc.,PTI Pacifica Inc.,220001,PTI Pacifica Inc.,MP,691009501001028,30,0,0,0,1,4,4
3509907,17332,0004350252,Micronesian Telecomm. Corp,PTI Pacifica Inc.,PTI Pacifica Inc.,220001,PTI Pacifica Inc.,MP,691009501001029,10,1,9,1,0,0,0
3509908,17332,0004350252,Micronesian Telecomm. Corp,PTI Pacifica Inc.,PTI Pacifica Inc.,220001,PTI Pacifica Inc.,MP,691009501001029,30,0,0,0,1,4,4
3509909,17332,0004350252,Micronesian Telecomm. Corp,PTI Pacifica Inc.,PTI Pacifica Inc.,220001,PTI Pacifica Inc.,MP,691009501001030,10,1,9,1,0,0,0
3509910,17332,0004350252,Micronesian Telecomm. Corp,PTI Pacifica Inc.,PTI Pacifica Inc.,220001,PTI Pacifica Inc.,MP,691009501001030,30,0,0,0,1,4,4
3509911,17332,0004350252,Micronesian Telecomm. Corp,PTI Pacifica Inc.,PTI Pacifica Inc.,220001,PTI Pacifica Inc.,MP,691009501001031,10,1,9,1,0,0,0
3509912,17332,0004350252,Micronesian Telecomm. Corp,PTI Pacifica Inc.,PTI Pacifica Inc.,220001,PTI Pacifica Inc.,MP,691009501001031,30,0,0,0,1,4,4
3509913,17332,0004350252,Micronesian Telecomm. Corp,PTI Pacifica Inc.,PTI Pacifica Inc.,220001,PTI Pacifica Inc.,MP,691009501001034,10,1,9,1,0,0,0
3509914,17332,0004350252,Micronesian Telecomm. Corp,PTI Pacifica Inc.,PTI Pacifica Inc.,220001,PTI Pacifica Inc.,MP,691009501001034,30,0,0,0,1,4,4
3509915,17332,0004350252,Micronesian Telecomm. Corp,PTI Pacifica Inc.,PTI Pacifica Inc.,220001,PTI Pacifica Inc.,MP,691009501001036,10,1,9,1,0,0,0
3509916,17332,0004350252,Micronesian Telecomm. Corp,PTI Pacifica Inc.,PTI Pacifica Inc.,220001,PTI Pacifica Inc.,MP,691009501001036,30,0,0,0,1,4,4
3509917,17332,0004350252,Micronesian Telecomm. Corp,PTI Pacifica Inc.,PTI Pacifica Inc.,220001,PTI Pacifica Inc.,MP,691009501001037,10,1,9,1,0,0,0
3509918,17332,0004350252,Micronesian Telecomm. Corp,PTI Pacifica Inc.,PTI Pacifica Inc.,220001,PTI Pacifica Inc.,MP,691009501001037,30,0,0,0,1,4,4
3509919,17332,0004350252,Micronesian Telecomm. Corp,PTI Pacifica Inc.,PTI Pacifica Inc.,220001,PTI Pacifica Inc.,MP,691009501001038,10,1,9,1,0,0,0
3509920,17332,0004350252,Micronesian Telecomm. Corp,PTI Pacifica Inc.,PTI Pacifica Inc.,220001,PTI Pacifica Inc.,MP,691009501001038,30,0,0,0,1,4,4
3509921,17332,0004350252,Micronesian Telecomm. Corp,PTI Pacifica Inc.,PTI Pacifica Inc.,220001,PTI Pacifica Inc.,MP,691009501001039,10,1,9,1,0,0,0
3509922,17332,0004350252,Micronesian Telecomm. Corp,PTI Pacifica Inc.,PTI Pacifica Inc.,220001,PTI Pacifica Inc.,MP,691009501001039,30,0,0,0,1,4,4
3509923,17332,0004350252,Micronesian Telecomm. Corp,PTI Pacifica Inc.,PTI Pacifica Inc.,220001,PTI Pacifica Inc.,MP,691009501001040,10,1,9,1,0,0,0
3509924,17332,0004350252,Micronesian Telecomm. Corp,PTI Pacifica Inc.,PTI Pacifica Inc.,220001,PTI Pacifica Inc.,MP,691009501001040,30,0,0,0,1,4,4
3509925,17332,0004350252,Micronesian Telecomm. Corp,PTI Pacifica Inc.,PTI Pacifica Inc.,220001,PTI Pacifica Inc.,MP,691009501001044,10,1,9,1,0,0,0
3509926,17332,0004350252,Micronesian Telecomm. Corp,PTI Pacifica Inc.,PTI Pacifica Inc.,220001,PTI Pacifica Inc.,MP,691009501001044,30,0,0,0,1,4,4
3509927,17332,0004350252,Micronesian Telecomm. Corp,PTI Pacifica Inc.,PTI Pacifica Inc.,220001,PTI Pacifica Inc.,MP,691009501001048,10,1,9,1,0,0,0
3509928,17332,0004350252,Micronesian Telecomm. Corp,PTI Pacifica Inc.,PTI Pacifica Inc.,220001,PTI Pacifica Inc.,MP,691009501001048,30,0,0,0,1,4,4
3509929,17332,0004350252,Micronesian Telecomm. Corp,PTI Pacifica Inc.,PTI Pacifica Inc.,220001,PTI Pacifica Inc.,MP,691009501001051,10,1,9,1,0,0,0
3509930,17332,0004350252,Micronesian Telecomm. Corp,PTI Pacifica Inc.,PTI Pacifica Inc.,220001,PTI Pacifica Inc.,MP,691009501001051,30,0,0,0,1,4,4
3509931,17332,0004350252,Micronesian Telecomm. Corp,PTI Pacifica Inc.,PTI Pacifica Inc.,220001,PTI Pacifica Inc.,MP,691009501001054,10,1,9,1,0,0,0
3509932,17332,0004350252,Micronesian Telecomm. Corp,PTI Pacifica Inc.,PTI Pacifica Inc.,220001,PTI Pacifica Inc.,MP,691009501001054,30,0,0,0,1,4,4
3509933,17332,0004350252,Micronesian Telecomm. Corp,PTI Pacifica Inc.,PTI Pacifica Inc.,220001,PTI Pacifica Inc.,MP,691009501001055,10,1,9,1,0,0,0
3509934,17332,0004350252,Micronesian Telecomm. Corp,PTI Pacifica Inc.,PTI Pacifica Inc.,220001,PTI Pacifica Inc.,MP,691009501001055,30,0,0,0,1,4,4
3509935,17332,0004350252,Micronesian Telecomm. Corp,PTI Pacifica Inc.,PTI Pacifica Inc.,220001,PTI Pacifica Inc.,MP,691009501001056,10,1,9,1,0,0,0
3509936,17332,0004350252,Micronesian Telecomm. Corp,PTI Pacifica Inc.,PTI Pacifica Inc.,220001,PTI Pacifica Inc.,MP,691009501001056,30,0,0,0,1,4,4
3509937,17332,0004350252,Micronesian Telecomm. Corp,PTI Pacifica Inc.,PTI Pacifica Inc.,220001,PTI Pacifica Inc.,MP,691009501001057,10,1,9,1,0,0,0
3509938,17332,0004350252,Micronesian Telecomm. Corp,PTI Pacifica Inc.,PTI Pacifica Inc.,220001,PTI Pacifica Inc.,MP,691009501001057,30,0,0,0,1,4,4
3509939,17332,0004350252,Micronesian Telecomm. Corp,PTI Pacifica Inc.,PTI Pacifica Inc.,220001,PTI Pacifica Inc.,MP,691009501001058,10,1,9,1,0,0,0
3509940,17332,0004350252,Micronesian Telecomm. Corp,PTI Pacifica Inc.,PTI Pacifica Inc.,220001,PTI Pacifica Inc.,MP,691009501001058,30,0,0,0,1,4,4
3509941,17332,0004350252,Micronesian Telecomm. Corp,PTI Pacifica Inc.,PTI Pacifica Inc.,220001,PTI Pacifica Inc.,MP,691009501001060,10,1,9,1,0,0,0
3509942,17332,0004350252,Micronesian Telecomm. Corp,PTI Pacifica Inc.,PTI Pacifica Inc.,220001,PTI Pacifica Inc.,MP,691009501001060,30,0,0,0,1,4,4
3509943,17332,0004350252,Micronesian Telecomm. Corp,PTI Pacifica Inc.,PTI Pacifica Inc.,220001,PTI Pacifica Inc.,MP,691009501001062,10,1,9,1,0,0,0
3509944,17332,0004350252,Micronesian Telecomm. Corp,PTI Pacifica Inc.,PTI Pacifica Inc.,220001,PTI Pacifica Inc.,MP,691009501001062,30,0,0,0,1,4,4
3509945,17332,0004350252,Micronesian Telecomm. Corp,PTI Pacifica Inc.,PTI Pacifica Inc.,220001,PTI Pacifica Inc.,MP,691009501001063,10,1,9,1,0,0,0
3509946,17332,0004350252,Micronesian Telecomm. Corp,PTI Pacifica Inc.,PTI Pacifica Inc.,220001,PTI Pacifica Inc.,MP,691009501001063,30,0,0,0,1,4,4
3509947,17332,0004350252,Micronesian Telecomm. Corp,PTI Pacifica Inc.,PTI Pacifica Inc.,220001,PTI Pacifica Inc.,MP,691009501001064,10,1,9,1,0,0,0
3509948,17332,0004350252,Micronesian Telecomm. Corp,PTI Pacifica Inc.,PTI Pacifica Inc.,220001,PTI Pacifica Inc.,MP,691009501001064,30,0,0,0,1,4,4
3509949,17332,0004350252,Micronesian Telecomm. Corp,PTI Pacifica Inc.,PTI Pacifica Inc.,220001,PTI Pacifica Inc.,MP,691009501001065,10,1,9,1,0,0,0
3509950,17332,0004350252,Micronesian Telecomm. Corp,PTI Pacifica Inc.,PTI Pacifica Inc.,220001,PTI Pacifica Inc.,MP,691009501001065,30,0,0,0,1,4,4
3509951,17332,0004350252,Micronesian Telecomm. Corp,PTI Pacifica Inc.,PTI Pacifica Inc.,220001,PTI Pacifica Inc.,MP,691009501001073,10,1,9,1,0,0,0
3509952,17332,0004350252,Micronesian Telecomm. Corp,PTI Pacifica Inc.,PTI Pacifica Inc.,220001,PTI Pacifica Inc.,MP,691009501001073,30,0,0,0,1,4,4
3509953,17332,0004350252,Micronesian Telecomm. Corp,PTI Pacifica Inc.,PTI Pacifica Inc.,220001,PTI Pacifica Inc.,MP,691009501001074,10,1,9,1,0,0,0
3509954,17332,0004350252,Micronesian Telecomm. Corp,PTI Pacifica Inc.,PTI Pacifica Inc.,220001,PTI Pacifica Inc.,MP,691009501001074,30,0,0,0,1,4,4
3509955,17332,0004350252,Micronesian Telecomm. Corp,PTI Pacifica Inc.,PTI Pacifica Inc.,220001,PTI Pacifica Inc.,MP,691009501001075,10,1,9,1,0,0,0
3509956,17332,0004350252,Micronesian Telecomm. Corp,PTI Pacifica Inc.,PTI Pacifica Inc.,220001,PTI Pacifica Inc.,MP,691009501001075,30,0,0,0,1,4,4
3509957,17332,0004350252,Micronesian Telecomm. Corp,PTI Pacifica Inc.,PTI Pacifica Inc.,220001,PTI Pacifica Inc.,MP,691009501001090,10,1,9,1,0,0,0
3509958,17332,0004350252,Micronesian Telecomm. Corp,PTI Pacifica Inc.,PTI Pacifica Inc.,220001,PTI Pacifica Inc.,MP,691009501001090,30,0,0,0,1,4,4
3509959,17332,0004350252,Micronesian Telecomm. Corp,PTI Pacifica Inc.,PTI Pacifica Inc.,220001,PTI Pacifica Inc.,MP,691009501001091,10,1,9,1,0,0,0
3509960,17332,0004350252,Micronesian Telecomm. Corp,PTI Pacifica Inc.,PTI Pacifica Inc.,220001,PTI Pacifica Inc.,MP,691009501001091,30,0,0,0,1,4,4
3509961,17332,0004350252,Micronesian Telecomm. Corp,PTI Pacifica Inc.,PTI Pacifica Inc.,220001,PTI Pacifica Inc.,MP,691009501001092,10,1,9,1,0,0,0
3509962,17332,0004350252,Micronesian Telecomm. Corp,PTI Pacifica Inc.,PTI Pacifica Inc.,220001,PTI Pacifica Inc.,MP,691009501001092,30,0,0,0,1,4,4
3509963,17332,0004350252,Micronesian Telecomm. Corp,PTI Pacifica Inc.,PTI Pacifica Inc.,220001,PTI Pacifica Inc.,MP,691009501001093,10,1,9,1,0,0,0
3509964,17332,0004350252,Micronesian Telecomm. Corp,PTI Pacifica Inc.,PTI Pacifica Inc.,220001,PTI Pacifica Inc.,MP,691009501001093,30,0,0,0,1,4,4
3509965,17332,0004350252,Micronesian Telecomm. Corp,PTI Pacifica Inc.,PTI Pacifica Inc.,220001,PTI Pacifica Inc.,MP,691009501001094,10,1,9,1,0,0,0
3509966,17332,0004350252,Micronesian Telecomm. Corp,PTI Pacifica Inc.,PTI Pacifica Inc.,220001,PTI Pacifica Inc.,MP,691009501001094,30,0,0,0,1,4,4
3509967,17332,0004350252,Micronesian Telecomm. Corp,PTI Pacifica Inc.,PTI Pacifica Inc.,220001,PTI Pacifica Inc.,MP,691009501001096,10,1,9,1,0,0,0
3509968,17332,0004350252,Micronesian Telecomm. Corp,PTI Pacifica Inc.,PTI Pacifica Inc.,220001,PTI Pacifica Inc.,MP,691009501001096,30,0,0,0,1,4,4
3509969,17332,0004350252,Micronesian Telecomm. Corp,PTI Pacifica Inc.,PTI Pacifica Inc.,220001,PTI Pacifica Inc.,MP,691009501001097,10,1,9,1,0,0,0
3509970,17332,0004350252,Micronesian Telecomm. Corp,PTI Pacifica Inc.,PTI Pacifica Inc.,220001,PTI Pacifica Inc.,MP,691009501001097,30,0,0,0,1,4,4
3509971,17332,0004350252,Micronesian Telecomm. Corp,PTI Pacifica Inc.,PTI Pacifica Inc.,220001,PTI Pacifica Inc.,MP,691009501001098,10,1,9,1,0,0,0
3509972,17332,0004350252,Micronesian Telecomm. Corp,PTI Pacifica Inc.,PTI Pacifica Inc.,220001,PTI Pacifica Inc.,MP,691009501001098,30,0,0,0,1,4,4
3509973,17332,0004350252,Micronesian Telecomm. Corp,PTI Pacifica Inc.,PTI Pacifica Inc.,220001,PTI Pacifica Inc.,MP,691009501002000,10,1,9,1,0,0,0
3509974,17332,0004350252,Micronesian Telecomm. Corp,PTI Pacifica Inc.,PTI Pacifica Inc.,220001,PTI Pacifica Inc.,MP,691009501002000,30,0,0,0,1,4,4
3509975,17332,0004350252,Micronesian Telecomm. Corp,PTI Pacifica Inc.,PTI Pacifica Inc.,220001,PTI Pacifica Inc.,MP,691009501002001,10,1,9,1,0,0,0
3509976,17332,0004350252,Micronesian Telecomm. Corp,PTI Pacifica Inc.,PTI Pacifica Inc.,220001,PTI Pacifica Inc.,MP,691009501002001,30,0,0,0,1,4,4
3509977,17332,0004350252,Micronesian Telecomm. Corp,PTI Pacifica Inc.,PTI Pacifica Inc.,220001,PTI Pacifica Inc.,MP,691009501002002,10,1,9,1,0,0,0
3509978,17332,0004350252,Micronesian Telecomm. Corp,PTI Pacifica Inc.,PTI Pacifica Inc.,220001,PTI Pacifica Inc.,MP,691009501002002,30,0,0,0,1,4,4
3509979,17332,0004350252,Micronesian Telecomm. Corp,PTI Pacifica Inc.,PTI Pacifica Inc.,220001,PTI Pacifica Inc.,MP,691009501002003,10,1,9,1,0,0,0
3509980,17332,0004350252,Micronesian Telecomm. Corp,PTI Pacifica Inc.,PTI Pacifica Inc.,220001,PTI Pacifica Inc.,MP,691009501002003,30,0,0,0,1,4,4
3509981,17332,0004350252,Micronesian Telecomm. Corp,PTI Pacifica Inc.,PTI Pacifica Inc.,220001,PTI Pacifica Inc.,MP,691009501002004,10,1,9,1,0,0,0
3509982,17332,0004350252,Micronesian Telecomm. Corp,PTI Pacifica Inc.,PTI Pacifica Inc.,220001,PTI Pacifica Inc.,MP,691009501002004,30,0,0,0,1,4,4
3509983,17332,0004350252,Micronesian Telecomm. Corp,PTI Pacifica Inc.,PTI Pacifica Inc.,220001,PTI Pacifica Inc.,MP,691009501002005,10,1,9,1,0,0,0
3509984,17332,0004350252,Micronesian Telecomm. Corp,PTI Pacifica Inc.,PTI Pacifica Inc.,220001,PTI Pacifica Inc.,MP,691009501002005,30,0,0,0,1,4,4
3509985,17332,0004350252,Micronesian Telecomm. Corp,PTI Pacifica Inc.,PTI Pacifica Inc.,220001,PTI Pacifica Inc.,MP,691009501002007,10,1,9,1,0,0,0
3509986,17332,0004350252,Micronesian Telecomm. Corp,PTI Pacifica Inc.,PTI Pacifica Inc.,220001,PTI Pacifica Inc.,MP,691009501002007,30,0,0,0,1,4,4
3509987,17332,0004350252,Micronesian Telecomm. Corp,PTI Pacifica Inc.,PTI Pacifica Inc.,220001,PTI Pacifica Inc.,MP,691009501002011,10,1,9,1,0,0,0
3509988,17332,0004350252,Micronesian Telecomm. Corp,PTI Pacifica Inc.,PTI Pacifica Inc.,220001,PTI Pacifica Inc.,MP,691009501002011,30,0,0,0,1,4,4
3509989,17332,0004350252,Micronesian Telecomm. Corp,PTI Pacifica Inc.,PTI Pacifica Inc.,220001,PTI Pacifica Inc.,MP,691009501002012,10,1,9,1,0,0,0
3509990,17332,0004350252,Micronesian Telecomm. Corp,PTI Pacifica Inc.,PTI Pacifica Inc.,220001,PTI Pacifica Inc.,MP,691009501002012,30,0,0,0,1,4,4
3509991,17332,0004350252,Micronesian Telecomm. Corp,PTI Pacifica Inc.,PTI Pacifica Inc.,220001,PTI Pacifica Inc.,MP,691009501002014,10,1,9,1,0,0,0
3509992,17332,0004350252,Micronesian Telecomm. Corp,PTI Pacifica Inc.,PTI Pacifica Inc.,220001,PTI Pacifica Inc.,MP,691009501002014,30,0,0,0,1,4,4
3509993,17332,0004350252,Micronesian Telecomm. Corp,PTI Pacifica Inc.,PTI Pacifica Inc.,220001,PTI Pacifica Inc.,MP,691009501002015,10,1,9,1,0,0,0
3509994,17332,0004350252,Micronesian Telecomm. Corp,PTI Pacifica Inc.,PTI Pacifica Inc.,220001,PTI Pacifica Inc.,MP,691009501002015,30,0,0,0,1,4,4
3509995,17332,0004350252,Micronesian Telecomm. Corp,PTI Pacifica Inc.,PTI Pacifica Inc.,220001,PTI Pacifica Inc.,MP,691009501002017,10,1,9,1,0,0,0
3509996,17332,0004350252,Micronesian Telecomm. Corp,PTI Pacifica Inc.,PTI Pacifica Inc.,220001,PTI Pacifica Inc.,MP,691009501002017,30,0,0,0,1,4,4
3509997,17332,0004350252,Micronesian Telecomm. Corp,PTI Pacifica Inc.,PTI Pacifica Inc.,220001,PTI Pacifica Inc.,MP,691009501002022,10,1,9,1,0,0,0
3509998,17332,0004350252,Micronesian Telecomm. Corp,PTI Pacifica Inc.,PTI Pacifica Inc.,220001,PTI Pacifica Inc.,MP,691009501002022,30,0,0,0,1,4,4
3509999,17332,0004350252,Micronesian Telecomm. Corp,PTI Pacifica Inc.,PTI Pacifica Inc.,220001,PTI Pacifica Inc.,MP,691009501002023,10,1,9,1,0,0,0
3510000,17332,0004350252,Micronesian Telecomm. Corp,PTI Pacifica Inc.,PTI Pacifica Inc.,220001,PTI Pacifica Inc.,MP,691009501002023,30,0,0,0,1,4,4
3510001,17332,0004350252,Micronesian Telecomm. Corp,PTI Pacifica Inc.,PTI Pacifica Inc.,220001,PTI Pacifica Inc.,MP,691009501002024,10,1,9,1,0,0,0
3510002,17332,0004350252,Micronesian Telecomm. Corp,PTI Pacifica Inc.,PTI Pacifica Inc.,220001,PTI Pacifica Inc.,MP,691009501002024,30,0,0,0,1,4,4
3510003,17332,0004350252,Micronesian Telecomm. Corp,PTI Pacifica Inc.,PTI Pacifica Inc.,220001,PTI Pacifica Inc.,MP,691009501002025,10,1,9,1,0,0,0
3510004,17332,0004350252,Micronesian Telecomm. Corp,PTI Pacifica Inc.,PTI Pacifica Inc.,220001,PTI Pacifica Inc.,MP,691009501002025,30,0,0,0,1,4,4
3510005,17332,0004350252,Micronesian Telecomm. Corp,PTI Pacifica Inc.,PTI Pacifica Inc.,220001,PTI Pacifica Inc.,MP,691009501002031,10,1,9,1,0,0,0
3510006,17332,0004350252,Micronesian Telecomm. Corp,PTI Pacifica Inc.,PTI Pacifica Inc.,220001,PTI Pacifica Inc.,MP,691009501002031,30,0,0,0,1,4,4
3510007,17332,0004350252,Micronesian Telecomm. Corp,PTI Pacifica Inc.,PTI Pacifica Inc.,220001,PTI Pacifica Inc.,MP,691009501002033,10,1,9,1,0,0,0
3510008,17332,0004350252,Micronesian Telecomm. Corp,PTI Pacifica Inc.,PTI Pacifica Inc.,220001,PTI Pacifica Inc.,MP,691009501002033,30,0,0,0,1,4,4
3510009,17332,0004350252,Micronesian Telecomm. Corp,PTI Pacifica Inc.,PTI Pacifica Inc.,220001,PTI Pacifica Inc.,MP,691009501002034,10,1,9,1,0,0,0
3510010,17332,0004350252,Micronesian Telecomm. Corp,PTI Pacifica Inc.,PTI Pacifica Inc.,220001,PTI Pacifica Inc.,MP,691009501002034,30,0,0,0,1,4,4
3510011,17332,0004350252,Micronesian Telecomm. Corp,PTI Pacifica Inc.,PTI Pacifica Inc.,220001,PTI Pacifica Inc.,MP,691009501002036,10,1,9,1,0,0,0
3510012,17332,0004350252,Micronesian Telecomm. Corp,PTI Pacifica Inc.,PTI Pacifica Inc.,220001,PTI Pacifica Inc.,MP,691009501002036,30,0,0,0,1,4,4
3510013,17332,0004350252,Micronesian Telecomm. Corp,PTI Pacifica Inc.,PTI Pacifica Inc.,220001,PTI Pacifica Inc.,MP,691009501002037,10,1,9,1,0,0,0
3510014,17332,0004350252,Micronesian Telecomm. Corp,PTI Pacifica Inc.,PTI Pacifica Inc.,220001,PTI Pacifica Inc.,MP,691009501002037,30,0,0,0,1,4,4
3510015,17332,0004350252,Micronesian Telecomm. Corp,PTI Pacifica Inc.,PTI Pacifica Inc.,220001,PTI Pacifica Inc.,MP,691009501002038,10,1,9,1,0,0,0
3510016,17332,0004350252,Micronesian Telecomm. Corp,PTI Pacifica Inc.,PTI Pacifica Inc.,220001,PTI Pacifica Inc.,MP,691009501002038,30,0,0,0,1,4,4
3510017,17332,0004350252,Micronesian Telecomm. Corp,PTI Pacifica Inc.,PTI Pacifica Inc.,220001,PTI Pacifica Inc.,MP,691009501002039,10,1,9,1,0,0,0
3510018,17332,0004350252,Micronesian Telecomm. Corp,PTI Pacifica Inc.,PTI Pacifica Inc.,220001,PTI Pacifica Inc.,MP,691009501002039,30,0,0,0,1,4,4
3510019,17332,0004350252,Micronesian Telecomm. Corp,PTI Pacifica Inc.,PTI Pacifica Inc.,220001,PTI Pacifica Inc.,MP,691009501002040,10,1,9,1,0,0,0
3510020,17332,0004350252,Micronesian Telecomm. Corp,PTI Pacifica Inc.,PTI Pacifica Inc.,220001,PTI Pacifica Inc.,MP,691009501002040,30,0,0,0,1,4,4
3510021,17332,0004350252,Micronesian Telecomm. Corp,PTI Pacifica Inc.,PTI Pacifica Inc.,220001,PTI Pacifica Inc.,MP,691009501002041,10,1,9,1,0,0,0
3510022,17332,0004350252,Micronesian Telecomm. Corp,PTI Pacifica Inc.,PTI Pacifica Inc.,220001,PTI Pacifica Inc.,MP,691009501002041,30,0,0,0,1,4,4
3510023,17332,0004350252,Micronesian Telecomm. Corp,PTI Pacifica Inc.,PTI Pacifica Inc.,220001,PTI Pacifica Inc.,MP,691009501002042,10,1,9,1,0,0,0
3510024,17332,0004350252,Micronesian Telecomm. Corp,PTI Pacifica Inc.,PTI Pacifica Inc.,220001,PTI Pacifica Inc.,MP,691009501002042,30,0,0,0,1,4,4
3510025,17332,0004350252,Micronesian Telecomm. Corp,PTI Pacifica Inc.,PTI Pacifica Inc.,220001,PTI Pacifica Inc.,MP,691009501002043,10,1,9,1,0,0,0
3510026,17332,0004350252,Micronesian Telecomm. Corp,PTI Pacifica Inc.,PTI Pacifica Inc.,220001,PTI Pacifica Inc.,MP,691009501002043,30,0,0,0,1,4,4
3510027,17332,0004350252,Micronesian Telecomm. Corp,PTI Pacifica Inc.,PTI Pacifica Inc.,220001,PTI Pacifica Inc.,MP,691009501002044,10,1,9,1,0,0,0
3510028,17332,0004350252,Micronesian Telecomm. Corp,PTI Pacifica Inc.,PTI Pacifica Inc.,220001,PTI Pacifica Inc.,MP,691009501002044,30,0,0,0,1,4,4
3510029,17332,0004350252,Micronesian Telecomm. Corp,PTI Pacifica Inc.,PTI Pacifica Inc.,220001,PTI Pacifica Inc.,MP,691009501002046,10,1,9,1,0,0,0
3510030,17332,0004350252,Micronesian Telecomm. Corp,PTI Pacifica Inc.,PTI Pacifica Inc.,220001,PTI Pacifica Inc.,MP,691009501002046,30,0,0,0,1,4,4
3510031,17332,0004350252,Micronesian Telecomm. Corp,PTI Pacifica Inc.,PTI Pacifica Inc.,220001,PTI Pacifica Inc.,MP,691009501002047,10,1,9,1,0,0,0
3510032,17332,0004350252,Micronesian Telecomm. Corp,PTI Pacifica Inc.,PTI Pacifica Inc.,220001,PTI Pacifica Inc.,MP,691009501002047,30,0,0,0,1,4,4
3510033,17332,0004350252,Micronesian Telecomm. Corp,PTI Pacifica Inc.,PTI Pacifica Inc.,220001,PTI Pacifica Inc.,MP,691009501002048,10,1,9,1,0,0,0
3510034,17332,0004350252,Micronesian Telecomm. Corp,PTI Pacifica Inc.,PTI Pacifica Inc.,220001,PTI Pacifica Inc.,MP,691009501002048,30,0,0,0,1,4,4
3510035,17332,0004350252,Micronesian Telecomm. Corp,PTI Pacifica Inc.,PTI Pacifica Inc.,220001,PTI Pacifica Inc.,MP,691009501002049,10,1,9,1,0,0,0
3510036,17332,0004350252,Micronesian Telecomm. Corp,PTI Pacifica Inc.,PTI Pacifica Inc.,220001,PTI Pacifica Inc.,MP,691009501002049,30,0,0,0,1,4,4
3510037,17332,0004350252,Micronesian Telecomm. Corp,PTI Pacifica Inc.,PTI Pacifica Inc.,220001,PTI Pacifica Inc.,MP,691009501002050,10,1,9,1,0,0,0
3510038,17332,0004350252,Micronesian Telecomm. Corp,PTI Pacifica Inc.,PTI Pacifica Inc.,220001,PTI Pacifica Inc.,MP,691009501002050,30,0,0,0,1,4,4
3510039,17332,0004350252,Micronesian Telecomm. Corp,PTI Pacifica Inc.,PTI Pacifica Inc.,220001,PTI Pacifica Inc.,MP,691009501002051,10,1,9,1,0,0,0
3510040,17332,0004350252,Micronesian Telecomm. Corp,PTI Pacifica Inc.,PTI Pacifica Inc.,220001,PTI Pacifica Inc.,MP,691009501002051,30,0,0,0,1,4,4
3510041,17332,0004350252,Micronesian Telecomm. Corp,PTI Pacifica Inc.,PTI Pacifica Inc.,220001,PTI Pacifica Inc.,MP,691009501002052,10,1,9,1,0,0,0
3510042,17332,0004350252,Micronesian Telecomm. Corp,PTI Pacifica Inc.,PTI Pacifica Inc.,220001,PTI Pacifica Inc.,MP,691009501002052,30,0,0,0,1,4,4
3510043,17332,0004350252,Micronesian Telecomm. Corp,PTI Pacifica Inc.,PTI Pacifica Inc.,220001,PTI Pacifica Inc.,MP,691009501002053,10,1,9,1,0,0,0
3510044,17332,0004350252,Micronesian Telecomm. Corp,PTI Pacifica Inc.,PTI Pacifica Inc.,220001,PTI Pacifica Inc.,MP,691009501002053,30,0,0,0,1,4,4
3510045,17332,0004350252,Micronesian Telecomm. Corp,PTI Pacifica Inc.,PTI Pacifica Inc.,220001,PTI Pacifica Inc.,MP,691009501002054,10,1,9,1,0,0,0
3510046,17332,0004350252,Micronesian Telecomm. Corp,PTI Pacifica Inc.,PTI Pacifica Inc.,220001,PTI Pacifica Inc.,MP,691009501002054,30,0,0,0,1,4,4
3510047,17332,0004350252,Micronesian Telecomm. Corp,PTI Pacifica Inc.,PTI Pacifica Inc.,220001,PTI Pacifica Inc.,MP,691009501002055,10,1,9,1,0,0,0
3510048,17332,0004350252,Micronesian Telecomm. Corp,PTI Pacifica Inc.,PTI Pacifica Inc.,220001,PTI Pacifica Inc.,MP,691009501002055,30,0,0,0,1,4,4
3510049,17332,0004350252,Micronesian Telecomm. Corp,PTI Pacifica Inc.,PTI Pacifica Inc.,220001,PTI Pacifica Inc.,MP,691009501002057,10,1,9,1,0,0,0
3510050,17332,0004350252,Micronesian Telecomm. Corp,PTI Pacifica Inc.,PTI Pacifica Inc.,220001,PTI Pacifica Inc.,MP,691009501002057,30,0,0,0,1,4,4
3510051,17332,0004350252,Micronesian Telecomm. Corp,PTI Pacifica Inc.,PTI Pacifica Inc.,220001,PTI Pacifica Inc.,MP,691009501002058,10,1,9,1,0,0,0
3510052,17332,0004350252,Micronesian Telecomm. Corp,PTI Pacifica Inc.,PTI Pacifica Inc.,220001,PTI Pacifica Inc.,MP,691009501002058,30,0,0,0,1,4,4
3510053,17332,0004350252,Micronesian Telecomm. Corp,PTI Pacifica Inc.,PTI Pacifica Inc.,220001,PTI Pacifica Inc.,MP,691009501002059,10,1,9,1,0,0,0
3510054,17332,0004350252,Micronesian Telecomm. Corp,PTI Pacifica Inc.,PTI Pacifica Inc.,220001,PTI Pacifica Inc.,MP,691009501002059,30,0,0,0,1,4,4
3510055,17332,0004350252,Micronesian Telecomm. Corp,PTI Pacifica Inc.,PTI Pacifica Inc.,220001,PTI Pacifica Inc.,MP,691009501002060,10,1,9,1,0,0,0
3510056,17332,0004350252,Micronesian Telecomm. Corp,PTI Pacifica Inc.,PTI Pacifica Inc.,220001,PTI Pacifica Inc.,MP,691009501002060,30,0,0,0,1,4,4
3510057,17332,0004350252,Micronesian Telecomm. Corp,PTI Pacifica Inc.,PTI Pacifica Inc.,220001,PTI Pacifica Inc.,MP,691009501002061,10,1,9,1,0,0,0
3510058,17332,0004350252,Micronesian Telecomm. Corp,PTI Pacifica Inc.,PTI Pacifica Inc.,220001,PTI Pacifica Inc.,MP,691009501002061,30,0,0,0,1,4,4
3510059,17332,0004350252,Micronesian Telecomm. Corp,PTI Pacifica Inc.,PTI Pacifica Inc.,220001,PTI Pacifica Inc.,MP,691009501002062,10,1,9,1,0,0,0
3510060,17332,0004350252,Micronesian Telecomm. Corp,PTI Pacifica Inc.,PTI Pacifica Inc.,220001,PTI Pacifica Inc.,MP,691009501002062,30,0,0,0,1,4,4
3510061,17332,0004350252,Micronesian Telecomm. Corp,PTI Pacifica Inc.,PTI Pacifica Inc.,220001,PTI Pacifica Inc.,MP,691009501002063,10,1,9,1,0,0,0
3510062,17332,0004350252,Micronesian Telecomm. Corp,PTI Pacifica Inc.,PTI Pacifica Inc.,220001,PTI Pacifica Inc.,MP,691009501002063,30,0,0,0,1,4,4
3510063,17332,0004350252,Micronesian Telecomm. Corp,PTI Pacifica Inc.,PTI Pacifica Inc.,220001,PTI Pacifica Inc.,MP,691009501002064,10,1,9,1,0,0,0
3510064,17332,0004350252,Micronesian Telecomm. Corp,PTI Pacifica Inc.,PTI Pacifica Inc.,220001,PTI Pacifica Inc.,MP,691009501002064,30,0,0,0,1,4,4
3510065,17332,0004350252,Micronesian Telecomm. Corp,PTI Pacifica Inc.,PTI Pacifica Inc.,220001,PTI Pacifica Inc.,MP,691009501002065,10,1,9,1,0,0,0
3510066,17332,0004350252,Micronesian Telecomm. Corp,PTI Pacifica Inc.,PTI Pacifica Inc.,220001,PTI Pacifica Inc.,MP,691009501002065,30,0,0,0,1,4,4
3510067,17332,0004350252,Micronesian Telecomm. Corp,PTI Pacifica Inc.,PTI Pacifica Inc.,220001,PTI Pacifica Inc.,MP,691009501002066,10,1,9,1,0,0,0
3510068,17332,0004350252,Micronesian Telecomm. Corp,PTI Pacifica Inc.,PTI Pacifica Inc.,220001,PTI Pacifica Inc.,MP,691009501002066,30,0,0,0,1,4,4
3510069,17332,0004350252,Micronesian Telecomm. Corp,PTI Pacifica Inc.,PTI Pacifica Inc.,220001,PTI Pacifica Inc.,MP,691009501002067,10,1,9,1,0,0,0
3510070,17332,0004350252,Micronesian Telecomm. Corp,PTI Pacifica Inc.,PTI Pacifica Inc.,220001,PTI Pacifica Inc.,MP,691009501002067,30,0,0,0,1,4,4
3510071,17332,0004350252,Micronesian Telecomm. Corp,PTI Pacifica Inc.,PTI Pacifica Inc.,220001,PTI Pacifica Inc.,MP,691009501002068,10,1,9,1,0,0,0
3510072,17332,0004350252,Micronesian Telecomm. Corp,PTI Pacifica Inc.,PTI Pacifica Inc.,220001,PTI Pacifica Inc.,MP,691009501002068,30,0,0,0,1,4,4
3510073,17332,0004350252,Micronesian Telecomm. Corp,PTI Pacifica Inc.,PTI Pacifica Inc.,220001,PTI Pacifica Inc.,MP,691009501002069,10,1,9,1,0,0,0
3510074,17332,0004350252,Micronesian Telecomm. Corp,PTI Pacifica Inc.,PTI Pacifica Inc.,220001,PTI Pacifica Inc.,MP,691009501002069,30,0,0,0,1,4,4
3510075,17332,0004350252,Micronesian Telecomm. Corp,PTI Pacifica Inc.,PTI Pacifica Inc.,220001,PTI Pacifica Inc.,MP,691009501002070,10,1,9,1,0,0,0
3510076,17332,0004350252,Micronesian Telecomm. Corp,PTI Pacifica Inc.,PTI Pacifica Inc.,220001,PTI Pacifica Inc.,MP,691009501002070,30,0,0,0,1,4,4
3510077,17332,0004350252,Micronesian Telecomm. Corp,PTI Pacifica Inc.,PTI Pacifica Inc.,220001,PTI Pacifica Inc.,MP,691009501002071,10,1,9,1,0,0,0
3510078,17332,0004350252,Micronesian Telecomm. Corp,PTI Pacifica Inc.,PTI Pacifica Inc.,220001,PTI Pacifica Inc.,MP,691009501002071,30,0,0,0,1,4,4
3510079,17332,0004350252,Micronesian Telecomm. Corp,PTI Pacifica Inc.,PTI Pacifica Inc.,220001,PTI Pacifica Inc.,MP,691009501002072,10,1,9,1,0,0,0
3510080,17332,0004350252,Micronesian Telecomm. Corp,PTI Pacifica Inc.,PTI Pacifica Inc.,220001,PTI Pacifica Inc.,MP,691009501002072,30,0,0,0,1,4,4
3510081,17332,0004350252,Micronesian Telecomm. Corp,PTI Pacifica Inc.,PTI Pacifica Inc.,220001,PTI Pacifica Inc.,MP,691009501002073,10,1,9,1,0,0,0
3510082,17332,0004350252,Micronesian Telecomm. Corp,PTI Pacifica Inc.,PTI Pacifica Inc.,220001,PTI Pacifica Inc.,MP,691009501002073,30,0,0,0,1,4,4
3510083,17332,0004350252,Micronesian Telecomm. Corp,PTI Pacifica Inc.,PTI Pacifica Inc.,220001,PTI Pacifica Inc.,MP,691009501002074,10,1,9,1,0,0,0
3510084,17332,0004350252,Micronesian Telecomm. Corp,PTI Pacifica Inc.,PTI Pacifica Inc.,220001,PTI Pacifica Inc.,MP,691009501002074,30,0,0,0,1,4,4
3510085,17332,0004350252,Micronesian Telecomm. Corp,PTI Pacifica Inc.,PTI Pacifica Inc.,220001,PTI Pacifica Inc.,MP,691009501002075,10,1,9,1,0,0,0
3510086,17332,0004350252,Micronesian Telecomm. Corp,PTI Pacifica Inc.,PTI Pacifica Inc.,220001,PTI Pacifica Inc.,MP,691009501002075,30,0,0,0,1,4,4
3510087,17332,0004350252,Micronesian Telecomm. Corp,PTI Pacifica Inc.,PTI Pacifica Inc.,220001,PTI Pacifica Inc.,MP,691009501002076,10,1,9,1,0,0,0
3510088,17332,0004350252,Micronesian Telecomm. Corp,PTI Pacifica Inc.,PTI Pacifica Inc.,220001,PTI Pacifica Inc.,MP,691009501002076,30,0,0,0,1,4,4
3510089,17332,0004350252,Micronesian Telecomm. Corp,PTI Pacifica Inc.,PTI Pacifica Inc.,220001,PTI Pacifica Inc.,MP,691009501002077,10,1,9,1,0,0,0
3510090,17332,0004350252,Micronesian Telecomm. Corp,PTI Pacifica Inc.,PTI Pacifica Inc.,220001,PTI Pacifica Inc.,MP,691009501002077,30,0,0,0,1,4,4
3510091,17332,0004350252,Micronesian Telecomm. Corp,PTI Pacifica Inc.,PTI Pacifica Inc.,220001,PTI Pacifica Inc.,MP,691009501002081,10,1,9,1,0,0,0
3510092,17332,0004350252,Micronesian Telecomm. Corp,PTI Pacifica Inc.,PTI Pacifica Inc.,220001,PTI Pacifica Inc.,MP,691009501002081,30,0,0,0,1,4,4
3510093,17332,0004350252,Micronesian Telecomm. Corp,PTI Pacifica Inc.,PTI Pacifica Inc.,220001,PTI Pacifica Inc.,MP,691009501002082,10,1,9,1,0,0,0
3510094,17332,0004350252,Micronesian Telecomm. Corp,PTI Pacifica Inc.,PTI Pacifica Inc.,220001,PTI Pacifica Inc.,MP,691009501002082,30,0,0,0,1,4,4
3510095,17332,0004350252,Micronesian Telecomm. Corp,PTI Pacifica Inc.,PTI Pacifica Inc.,220001,PTI Pacifica Inc.,MP,691009501002083,10,1,9,1,0,0,0
3510096,17332,0004350252,Micronesian Telecomm. Corp,PTI Pacifica Inc.,PTI Pacifica Inc.,220001,PTI Pacifica Inc.,MP,691009501002083,30,0,0,0,1,4,4
3510097,17332,0004350252,Micronesian Telecomm. Corp,PTI Pacifica Inc.,PTI Pacifica Inc.,220001,PTI Pacifica Inc.,MP,691009501002084,10,1,9,1,0,0,0
3510098,17332,0004350252,Micronesian Telecomm. Corp,PTI Pacifica Inc.,PTI Pacifica Inc.,220001,PTI Pacifica Inc.,MP,691009501002084,30,0,0,0,1,4,4
3510099,17332,0004350252,Micronesian Telecomm. Corp,PTI Pacifica Inc.,PTI Pacifica Inc.,220001,PTI Pacifica Inc.,MP,691009501002086,10,1,9,1,0,0,0
3510100,17332,0004350252,Micronesian Telecomm. Corp,PTI Pacifica Inc.,PTI Pacifica Inc.,220001,PTI Pacifica Inc.,MP,691009501002086,30,0,0,0,1,4,4
3510101,17332,0004350252,Micronesian Telecomm. Corp,PTI Pacifica Inc.,PTI Pacifica Inc.,220001,PTI Pacifica Inc.,MP,691009501002087,10,1,9,1,0,0,0
3510102,17332,0004350252,Micronesian Telecomm. Corp,PTI Pacifica Inc.,PTI Pacifica Inc.,220001,PTI Pacifica Inc.,MP,691009501002087,30,0,0,0,1,4,4
3510103,17332,0004350252,Micronesian Telecomm. Corp,PTI Pacifica Inc.,PTI Pacifica Inc.,220001,PTI Pacifica Inc.,MP,691009501002090,10,1,9,1,0,0,0
3510104,17332,0004350252,Micronesian Telecomm. Corp,PTI Pacifica Inc.,PTI Pacifica Inc.,220001,PTI Pacifica Inc.,MP,691009501002090,30,0,0,0,1,4,4
3510105,17332,0004350252,Micronesian Telecomm. Corp,PTI Pacifica Inc.,PTI Pacifica Inc.,220001,PTI Pacifica Inc.,MP,691009501003006,10,1,9,1,0,0,0
3510106,17332,0004350252,Micronesian Telecomm. Corp,PTI Pacifica Inc.,PTI Pacifica Inc.,220001,PTI Pacifica Inc.,MP,691009501003006,30,0,0,0,1,4,4
3510107,17332,0004350252,Micronesian Telecomm. Corp,PTI Pacifica Inc.,PTI Pacifica Inc.,220001,PTI Pacifica Inc.,MP,691009501003007,10,1,9,1,0,0,0
3510108,17332,0004350252,Micronesian Telecomm. Corp,PTI Pacifica Inc.,PTI Pacifica Inc.,220001,PTI Pacifica Inc.,MP,691009501003007,30,0,0,0,1,4,4
3510109,17332,0004350252,Micronesian Telecomm. Corp,PTI Pacifica Inc.,PTI Pacifica Inc.,220001,PTI Pacifica Inc.,MP,691009501003008,10,1,9,1,0,0,0
3510110,17332,0004350252,Micronesian Telecomm. Corp,PTI Pacifica Inc.,PTI Pacifica Inc.,220001,PTI Pacifica Inc.,MP,691009501003008,30,0,0,0,1,4,4
3510111,17332,0004350252,Micronesian Telecomm. Corp,PTI Pacifica Inc.,PTI Pacifica Inc.,220001,PTI Pacifica Inc.,MP,691009501003009,10,1,9,1,0,0,0
3510112,17332,0004350252,Micronesian Telecomm. Corp,PTI Pacifica Inc.,PTI Pacifica Inc.,220001,PTI Pacifica Inc.,MP,691009501003009,30,0,0,0,1,4,4
3510113,17332,0004350252,Micronesian Telecomm. Corp,PTI Pacifica Inc.,PTI Pacifica Inc.,220001,PTI Pacifica Inc.,MP,691009501003010,10,1,9,1,0,0,0
3510114,17332,0004350252,Micronesian Telecomm. Corp,PTI Pacifica Inc.,PTI Pacifica Inc.,220001,PTI Pacifica Inc.,MP,691009501003010,30,0,0,0,1,4,4
3510115,17332,0004350252,Micronesian Telecomm. Corp,PTI Pacifica Inc.,PTI Pacifica Inc.,220001,PTI Pacifica Inc.,MP,691009501003011,10,1,9,1,0,0,0
3510116,17332,0004350252,Micronesian Telecomm. Corp,PTI Pacifica Inc.,PTI Pacifica Inc.,220001,PTI Pacifica Inc.,MP,691009501003011,30,0,0,0,1,4,4
3510117,17332,0004350252,Micronesian Telecomm. Corp,PTI Pacifica Inc.,PTI Pacifica Inc.,220001,PTI Pacifica Inc.,MP,691009501003012,10,1,9,1,0,0,0
3510118,17332,0004350252,Micronesian Telecomm. Corp,PTI Pacifica Inc.,PTI Pacifica Inc.,220001,PTI Pacifica Inc.,MP,691009501003012,30,0,0,0,1,4,4
3510119,17332,0004350252,Micronesian Telecomm. Corp,PTI Pacifica Inc.,PTI Pacifica Inc.,220001,PTI Pacifica Inc.,MP,691009501003013,10,1,9,1,0,0,0
3510120,17332,0004350252,Micronesian Telecomm. Corp,PTI Pacifica Inc.,PTI Pacifica Inc.,220001,PTI Pacifica Inc.,MP,691009501003013,30,0,0,0,1,4,4
3510121,17332,0004350252,Micronesian Telecomm. Corp,PTI Pacifica Inc.,PTI Pacifica Inc.,220001,PTI Pacifica Inc.,MP,691009501003014,10,1,9,1,0,0,0
3510122,17332,0004350252,Micronesian Telecomm. Corp,PTI Pacifica Inc.,PTI Pacifica Inc.,220001,PTI Pacifica Inc.,MP,691009501003014,30,0,0,0,1,4,4
3510123,17332,0004350252,Micronesian Telecomm. Corp,PTI Pacifica Inc.,PTI Pacifica Inc.,220001,PTI Pacifica Inc.,MP,691009501003015,10,1,9,1,0,0,0
3510124,17332,0004350252,Micronesian Telecomm. Corp,PTI Pacifica Inc.,PTI Pacifica Inc.,220001,PTI Pacifica Inc.,MP,691009501003015,30,0,0,0,1,4,4
3510125,17332,0004350252,Micronesian Telecomm. Corp,PTI Pacifica Inc.,PTI Pacifica Inc.,220001,PTI Pacifica Inc.,MP,691009501003016,10,1,9,1,0,0,0
3510126,17332,0004350252,Micronesian Telecomm. Corp,PTI Pacifica Inc.,PTI Pacifica Inc.,220001,PTI Pacifica Inc.,MP,691009501003016,30,0,0,0,1,4,4
3510127,17332,0004350252,Micronesian Telecomm. Corp,PTI Pacifica Inc.,PTI Pacifica Inc.,220001,PTI Pacifica Inc.,MP,691009501003017,10,1,9,1,0,0,0
3510128,17332,0004350252,Micronesian Telecomm. Corp,PTI Pacifica Inc.,PTI Pacifica Inc.,220001,PTI Pacifica Inc.,MP,691009501003017,30,0,0,0,1,4,4
3510129,17332,0004350252,Micronesian Telecomm. Corp,PTI Pacifica Inc.,PTI Pacifica Inc.,220001,PTI Pacifica Inc.,MP,691009501003018,10,1,9,1,0,0,0
3510130,17332,0004350252,Micronesian Telecomm. Corp,PTI Pacifica Inc.,PTI Pacifica Inc.,220001,PTI Pacifica Inc.,MP,691009501003018,30,0,0,0,1,4,4
3510131,17332,0004350252,Micronesian Telecomm. Corp,PTI Pacifica Inc.,PTI Pacifica Inc.,220001,PTI Pacifica Inc.,MP,691009501003019,10,1,9,1,0,0,0
3510132,17332,0004350252,Micronesian Telecomm. Corp,PTI Pacifica Inc.,PTI Pacifica Inc.,220001,PTI Pacifica Inc.,MP,691009501003019,30,0,0,0,1,4,4
3510133,17332,0004350252,Micronesian Telecomm. Corp,PTI Pacifica Inc.,PTI Pacifica Inc.,220001,PTI Pacifica Inc.,MP,691009501003020,10,1,9,1,0,0,0
3510134,17332,0004350252,Micronesian Telecomm. Corp,PTI Pacifica Inc.,PTI Pacifica Inc.,220001,PTI Pacifica Inc.,MP,691009501003020,30,0,0,0,1,4,4
3510135,17332,0004350252,Micronesian Telecomm. Corp,PTI Pacifica Inc.,PTI Pacifica Inc.,220001,PTI Pacifica Inc.,MP,691009501003021,10,1,9,1,0,0,0
3510136,17332,0004350252,Micronesian Telecomm. Corp,PTI Pacifica Inc.,PTI Pacifica Inc.,220001,PTI Pacifica Inc.,MP,691009501003021,30,0,0,0,1,4,4
3510137,17332,0004350252,Micronesian Telecomm. Corp,PTI Pacifica Inc.,PTI Pacifica Inc.,220001,PTI Pacifica Inc.,MP,691009501003022,10,1,9,1,0,0,0
3510138,17332,0004350252,Micronesian Telecomm. Corp,PTI Pacifica Inc.,PTI Pacifica Inc.,220001,PTI Pacifica Inc.,MP,691009501003022,30,0,0,0,1,4,4
3510139,17332,0004350252,Micronesian Telecomm. Corp,PTI Pacifica Inc.,PTI Pacifica Inc.,220001,PTI Pacifica Inc.,MP,691009501003023,10,1,9,1,0,0,0
3510140,17332,0004350252,Micronesian Telecomm. Corp,PTI Pacifica Inc.,PTI Pacifica Inc.,220001,PTI Pacifica Inc.,MP,691009501003023,30,0,0,0,1,4,4
3510141,17332,0004350252,Micronesian Telecomm. Corp,PTI Pacifica Inc.,PTI Pacifica Inc.,220001,PTI Pacifica Inc.,MP,691009501003024,10,1,9,1,0,0,0
3510142,17332,0004350252,Micronesian Telecomm. Corp,PTI Pacifica Inc.,PTI Pacifica Inc.,220001,PTI Pacifica Inc.,MP,691009501003024,30,0,0,0,1,4,4
3510143,17332,0004350252,Micronesian Telecomm. Corp,PTI Pacifica Inc.,PTI Pacifica Inc.,220001,PTI Pacifica Inc.,MP,691009501003025,10,1,9,1,0,0,0
3510144,17332,0004350252,Micronesian Telecomm. Corp,PTI Pacifica Inc.,PTI Pacifica Inc.,220001,PTI Pacifica Inc.,MP,691009501003025,30,0,0,0,1,4,4
3510145,17332,0004350252,Micronesian Telecomm. Corp,PTI Pacifica Inc.,PTI Pacifica Inc.,220001,PTI Pacifica Inc.,MP,691009501003026,10,1,9,1,0,0,0
3510146,17332,0004350252,Micronesian Telecomm. Corp,PTI Pacifica Inc.,PTI Pacifica Inc.,220001,PTI Pacifica Inc.,MP,691009501003026,30,0,0,0,1,4,4
3510147,17332,0004350252,Micronesian Telecomm. Corp,PTI Pacifica Inc.,PTI Pacifica Inc.,220001,PTI Pacifica Inc.,MP,691009501003027,10,1,9,1,0,0,0
3510148,17332,0004350252,Micronesian Telecomm. Corp,PTI Pacifica Inc.,PTI Pacifica Inc.,220001,PTI Pacifica Inc.,MP,691009501003027,30,0,0,0,1,4,4
3510149,17332,0004350252,Micronesian Telecomm. Corp,PTI Pacifica Inc.,PTI Pacifica Inc.,220001,PTI Pacifica Inc.,MP,691009501003028,10,1,9,1,0,0,0
3510150,17332,0004350252,Micronesian Telecomm. Corp,PTI Pacifica Inc.,PTI Pacifica Inc.,220001,PTI Pacifica Inc.,MP,691009501003028,30,0,0,0,1,4,4
3510151,17332,0004350252,Micronesian Telecomm. Corp,PTI Pacifica Inc.,PTI Pacifica Inc.,220001,PTI Pacifica Inc.,MP,691009501003029,10,1,9,1,0,0,0
3510152,17332,0004350252,Micronesian Telecomm. Corp,PTI Pacifica Inc.,PTI Pacifica Inc.,220001,PTI Pacifica Inc.,MP,691009501003029,30,0,0,0,1,4,4
3510153,17332,0004350252,Micronesian Telecomm. Corp,PTI Pacifica Inc.,PTI Pacifica Inc.,220001,PTI Pacifica Inc.,MP,691009501003030,10,1,9,1,0,0,0
3510154,17332,0004350252,Micronesian Telecomm. Corp,PTI Pacifica Inc.,PTI Pacifica Inc.,220001,PTI Pacifica Inc.,MP,691009501003030,30,0,0,0,1,4,4
3510155,17332,0004350252,Micronesian Telecomm. Corp,PTI Pacifica Inc.,PTI Pacifica Inc.,220001,PTI Pacifica Inc.,MP,691009501003031,10,1,9,1,0,0,0
3510156,17332,0004350252,Micronesian Telecomm. Corp,PTI Pacifica Inc.,PTI Pacifica Inc.,220001,PTI Pacifica Inc.,MP,691009501003031,30,0,0,0,1,4,4
3510157,17332,0004350252,Micronesian Telecomm. Corp,PTI Pacifica Inc.,PTI Pacifica Inc.,220001,PTI Pacifica Inc.,MP,691009501003032,10,1,9,1,0,0,0
3510158,17332,0004350252,Micronesian Telecomm. Corp,PTI Pacifica Inc.,PTI Pacifica Inc.,220001,PTI Pacifica Inc.,MP,691009501003032,30,0,0,0,1,4,4
3510159,17332,0004350252,Micronesian Telecomm. Corp,PTI Pacifica Inc.,PTI Pacifica Inc.,220001,PTI Pacifica Inc.,MP,691009501003033,10,1,9,1,0,0,0
3510160,17332,0004350252,Micronesian Telecomm. Corp,PTI Pacifica Inc.,PTI Pacifica Inc.,220001,PTI Pacifica Inc.,MP,691009501003033,30,0,0,0,1,4,4
3510161,17332,0004350252,Micronesian Telecomm. Corp,PTI Pacifica Inc.,PTI Pacifica Inc.,220001,PTI Pacifica Inc.,MP,691009501003034,10,1,9,1,0,0,0
3510162,17332,0004350252,Micronesian Telecomm. Corp,PTI Pacifica Inc.,PTI Pacifica Inc.,220001,PTI Pacifica Inc.,MP,691009501003034,30,0,0,0,1,4,4
3510163,17332,0004350252,Micronesian Telecomm. Corp,PTI Pacifica Inc.,PTI Pacifica Inc.,220001,PTI Pacifica Inc.,MP,691009501003035,10,1,9,1,0,0,0
3510164,17332,0004350252,Micronesian Telecomm. Corp,PTI Pacifica Inc.,PTI Pacifica Inc.,220001,PTI Pacifica Inc.,MP,691009501003035,30,0,0,0,1,4,4
3510165,17332,0004350252,Micronesian Telecomm. Corp,PTI Pacifica Inc.,PTI Pacifica Inc.,220001,PTI Pacifica Inc.,MP,691009501003036,10,1,9,1,0,0,0
3510166,17332,0004350252,Micronesian Telecomm. Corp,PTI Pacifica Inc.,PTI Pacifica Inc.,220001,PTI Pacifica Inc.,MP,691009501003036,30,0,0,0,1,4,4
3510167,17332,0004350252,Micronesian Telecomm. Corp,PTI Pacifica Inc.,PTI Pacifica Inc.,220001,PTI Pacifica Inc.,MP,691009501003037,10,1,9,1,0,0,0
3510168,17332,0004350252,Micronesian Telecomm. Corp,PTI Pacifica Inc.,PTI Pacifica Inc.,220001,PTI Pacifica Inc.,MP,691009501003037,30,0,0,0,1,4,4
3510169,17332,0004350252,Micronesian Telecomm. Corp,PTI Pacifica Inc.,PTI Pacifica Inc.,220001,PTI Pacifica Inc.,MP,691009501003038,10,1,9,1,0,0,0
3510170,17332,0004350252,Micronesian Telecomm. Corp,PTI Pacifica Inc.,PTI Pacifica Inc.,220001,PTI Pacifica Inc.,MP,691009501003038,30,0,0,0,1,4,4
3510171,17332,0004350252,Micronesian Telecomm. Corp,PTI Pacifica Inc.,PTI Pacifica Inc.,220001,PTI Pacifica Inc.,MP,691009501003039,10,1,9,1,0,0,0
3510172,17332,0004350252,Micronesian Telecomm. Corp,PTI Pacifica Inc.,PTI Pacifica Inc.,220001,PTI Pacifica Inc.,MP,691009501003039,30,0,0,0,1,4,4
3510173,17332,0004350252,Micronesian Telecomm. Corp,PTI Pacifica Inc.,PTI Pacifica Inc.,220001,PTI Pacifica Inc.,MP,691009501003040,10,1,9,1,0,0,0
3510174,17332,0004350252,Micronesian Telecomm. Corp,PTI Pacifica Inc.,PTI Pacifica Inc.,220001,PTI Pacifica Inc.,MP,691009501003040,30,0,0,0,1,4,4
3510175,17332,0004350252,Micronesian Telecomm. Corp,PTI Pacifica Inc.,PTI Pacifica Inc.,220001,PTI Pacifica Inc.,MP,691009501003041,10,1,9,1,0,0,0
3510176,17332,0004350252,Micronesian Telecomm. Corp,PTI Pacifica Inc.,PTI Pacifica Inc.,220001,PTI Pacifica Inc.,MP,691009501003041,30,0,0,0,1,4,4
3510177,17332,0004350252,Micronesian Telecomm. Corp,PTI Pacifica Inc.,PTI Pacifica Inc.,220001,PTI Pacifica Inc.,MP,691009501003042,10,1,9,1,0,0,0
3510178,17332,0004350252,Micronesian Telecomm. Corp,PTI Pacifica Inc.,PTI Pacifica Inc.,220001,PTI Pacifica Inc.,MP,691009501003042,30,0,0,0,1,4,4
3510179,17332,0004350252,Micronesian Telecomm. Corp,PTI Pacifica Inc.,PTI Pacifica Inc.,220001,PTI Pacifica Inc.,MP,691009501003043,10,1,9,1,0,0,0
3510180,17332,0004350252,Micronesian Telecomm. Corp,PTI Pacifica Inc.,PTI Pacifica Inc.,220001,PTI Pacifica Inc.,MP,691009501003043,30,0,0,0,1,4,4
3510181,17332,0004350252,Micronesian Telecomm. Corp,PTI Pacifica Inc.,PTI Pacifica Inc.,220001,PTI Pacifica Inc.,MP,691009501003044,10,1,9,1,0,0,0
3510182,17332,0004350252,Micronesian Telecomm. Corp,PTI Pacifica Inc.,PTI Pacifica Inc.,220001,PTI Pacifica Inc.,MP,691009501003044,30,0,0,0,1,4,4
3510183,17332,0004350252,Micronesian Telecomm. Corp,PTI Pacifica Inc.,PTI Pacifica Inc.,220001,PTI Pacifica Inc.,MP,691009501003045,10,1,9,1,0,0,0
3510184,17332,0004350252,Micronesian Telecomm. Corp,PTI Pacifica Inc.,PTI Pacifica Inc.,220001,PTI Pacifica Inc.,MP,691009501003045,30,0,0,0,1,4,4
3510185,17332,0004350252,Micronesian Telecomm. Corp,PTI Pacifica Inc.,PTI Pacifica Inc.,220001,PTI Pacifica Inc.,MP,691009501003046,10,1,9,1,0,0,0
3510186,17332,0004350252,Micronesian Telecomm. Corp,PTI Pacifica Inc.,PTI Pacifica Inc.,220001,PTI Pacifica Inc.,MP,691009501003046,30,0,0,0,1,4,4
17501799,20588,0004242723,"Docomo Pacific, Inc.",Docomo Pacific,"NTT DoCoMo, Inc.",130999,"NTT DoCoMo, Inc.",MP,691100016001001,41,1,1.8,0.512,0,0,0
17501800,20588,0004242723,"Docomo Pacific, Inc.",Docomo Pacific,"NTT DoCoMo, Inc.",130999,"NTT DoCoMo, Inc.",MP,691100015003000,41,1,1.8,0.512,0,0,0
17501801,20588,0004242723,"Docomo Pacific, Inc.",Docomo Pacific,"NTT DoCoMo, Inc.",130999,"NTT DoCoMo, Inc.",MP,691100013001000,41,1,1.8,0.512,0,0,0
17501802,20588,0004242723,"Docomo Pacific, Inc.",Docomo Pacific,"NTT DoCoMo, Inc.",130999,"NTT DoCoMo, Inc.",MP,691100010001000,41,1,1.8,0.512,0,0,0
17501803,20588,0004242723,"Docomo Pacific, Inc.",Docomo Pacific,"NTT DoCoMo, Inc.",130999,"NTT DoCoMo, Inc.",MP,691100007003000,41,1,1.8,0.512,0,0,0
17501804,20588,0004242723,"Docomo Pacific, Inc.",Docomo Pacific,"NTT DoCoMo, Inc.",130999,"NTT DoCoMo, Inc.",MP,691100005002000,41,1,1.8,0.512,0,0,0
17501805,20588,0004242723,"Docomo Pacific, Inc.",Docomo Pacific,"NTT DoCoMo, Inc.",130999,"NTT DoCoMo, Inc.",MP,691100002001000,41,1,1.8,0.512,0,0,0
