LogRecNo,dbaName,StateAbbr,TechCode,BlockCode
4983236,Bluesky_Communications,AS,80,600109501001004
4983743,Bluesky_Communications,AS,86,600109501001004
4983237,Bluesky_Communications,AS,80,600109501002000
4983744,Bluesky_Communications,AS,86,600109501002000
4983238,Bluesky_Communications,AS,80,600109501002001
4983745,Bluesky_Communications,AS,86,600109501002001
4983239,Bluesky_Communications,AS,80,600109501002002
4983746,Bluesky_Communications,AS,86,600109501002002
4983240,Bluesky_Communications,AS,80,600109501002003
4983747,Bluesky_Communications,AS,86,600109501002003
4983241,Bluesky_Communications,AS,80,600109501002004
4983748,Bluesky_Communications,AS,86,600109501002004
4983242,Bluesky_Communications,AS,80,600109501002005
4983749,Bluesky_Communications,AS,86,600109501002005
4983243,Bluesky_Communications,AS,80,600109501002006
4983750,Bluesky_Communications,AS,86,600109501002006
4983244,Bluesky_Communications,AS,80,600109501002013
4983751,Bluesky_Communications,AS,86,600109501002013
4983245,Bluesky_Communications,AS,80,600109501002014
4983752,Bluesky_Communications,AS,86,600109501002014
4983246,Bluesky_Communications,AS,80,600109501002015
4983753,Bluesky_Communications,AS,86,600109501002015
4983247,Bluesky_Communications,AS,80,600109501002016
4983754,Bluesky_Communications,AS,86,600109501002016
4983248,Bluesky_Communications,AS,80,600109501002017
4983755,Bluesky_Communications,AS,86,600109501002017
4983249,Bluesky_Communications,AS,80,600109501002018
4983756,Bluesky_Communications,AS,86,600109501002018
4983250,Bluesky_Communications,AS,80,600109501002019
4983757,Bluesky_Communications,AS,86,600109501002019
4983251,Bluesky_Communications,AS,80,600109501002025
4983758,Bluesky_Communications,AS,86,600109501002025
4983252,Bluesky_Communications,AS,80,600109501002026
4983759,Bluesky_Communications,AS,86,600109501002026
4983253,Bluesky_Communications,AS,80,600109501002027
4983760,Bluesky_Communications,AS,86,600109501002027
4983254,Bluesky_Communications,AS,80,600109501002028
4983761,Bluesky_Communications,AS,86,600109501002028
4983255,Bluesky_Communications,AS,80,600109501002032
4983762,Bluesky_Communications,AS,86,600109501002032
4983256,Bluesky_Communications,AS,80,600109501002033
4983763,Bluesky_Communications,AS,86,600109501002033
4983257,Bluesky_Communications,AS,80,600109501002034
4983764,Bluesky_Communications,AS,86,600109501002034
4983258,Bluesky_Communications,AS,80,600109501002040
4983765,Bluesky_Communications,AS,86,600109501002040
4983259,Bluesky_Communications,AS,80,600109502001006
4983766,Bluesky_Communications,AS,86,600109502001006
4983260,Bluesky_Communications,AS,80,600109502001007
4983767,Bluesky_Communications,AS,86,600109502001007
4983261,Bluesky_Communications,AS,80,600109502001008
4983768,Bluesky_Communications,AS,86,600109502001008
4983262,Bluesky_Communications,AS,80,600109502001009
4983769,Bluesky_Communications,AS,86,600109502001009
4983263,Bluesky_Communications,AS,80,600109502001010
4983770,Bluesky_Communications,AS,86,600109502001010
4983264,Bluesky_Communications,AS,80,600109502001011
4983771,Bluesky_Communications,AS,86,600109502001011
4983265,Bluesky_Communications,AS,80,600109502001012
4983772,Bluesky_Communications,AS,86,600109502001012
4983266,Bluesky_Communications,AS,80,600109502001013
4983773,Bluesky_Communications,AS,86,600109502001013
4983267,Bluesky_Communications,AS,80,600109502001014
4983774,Bluesky_Communications,AS,86,600109502001014
4983268,Bluesky_Communications,AS,80,600109502001016
4983775,Bluesky_Communications,AS,86,600109502001016
4983269,Bluesky_Communications,AS,80,600109502001023
4983776,Bluesky_Communications,AS,86,600109502001023
4983270,Bluesky_Communications,AS,80,600109502001024
4983777,Bluesky_Communications,AS,86,600109502001024
4983271,Bluesky_Communications,AS,80,600109502001026
4983778,Bluesky_Communications,AS,86,600109502001026
4983272,Bluesky_Communications,AS,80,600109502001027
4983779,Bluesky_Communications,AS,86,600109502001027
4983273,Bluesky_Communications,AS,80,600109502001028
4983780,Bluesky_Communications,AS,86,600109502001028
4983274,Bluesky_Communications,AS,80,600109502001029
4983781,Bluesky_Communications,AS,86,600109502001029
4983275,Bluesky_Communications,AS,80,600109502001030
4983782,Bluesky_Communications,AS,86,600109502001030
4983276,Bluesky_Communications,AS,80,600109502001031
4983783,Bluesky_Communications,AS,86,600109502001031
4983277,Bluesky_Communications,AS,80,600109502002006
4983784,Bluesky_Communications,AS,86,600109502002006
4983278,Bluesky_Communications,AS,80,600109502002012
4983785,Bluesky_Communications,AS,86,600109502002012
4983279,Bluesky_Communications,AS,80,600109502002013
4983786,Bluesky_Communications,AS,86,600109502002013
4983280,Bluesky_Communications,AS,80,600109502002014
4983787,Bluesky_Communications,AS,86,600109502002014
4983281,Bluesky_Communications,AS,80,600109502002015
4983788,Bluesky_Communications,AS,86,600109502002015
4983282,Bluesky_Communications,AS,80,600109502002016
4983789,Bluesky_Communications,AS,86,600109502002016
4983283,Bluesky_Communications,AS,80,600109502002017
4983790,Bluesky_Communications,AS,86,600109502002017
4983284,Bluesky_Communications,AS,80,600109502002018
4983791,Bluesky_Communications,AS,86,600109502002018
4983285,Bluesky_Communications,AS,80,600109502002019
4983792,Bluesky_Communications,AS,86,600109502002019
4983286,Bluesky_Communications,AS,80,600109503001003
4983793,Bluesky_Communications,AS,86,600109503001003
4983287,Bluesky_Communications,AS,80,600109503001005
4983794,Bluesky_Communications,AS,86,600109503001005
4983288,Bluesky_Communications,AS,80,600109503001009
4983795,Bluesky_Communications,AS,86,600109503001009
4983289,Bluesky_Communications,AS,80,600109503001010
4983796,Bluesky_Communications,AS,86,600109503001010
4983290,Bluesky_Communications,AS,80,600109503001013
4983797,Bluesky_Communications,AS,86,600109503001013
4983291,Bluesky_Communications,AS,80,600109503001014
4983798,Bluesky_Communications,AS,86,600109503001014
4983292,Bluesky_Communications,AS,80,600109503001017
4983799,Bluesky_Communications,AS,86,600109503001017
4983293,Bluesky_Communications,AS,80,600109503001018
4983800,Bluesky_Communications,AS,86,600109503001018
4983294,Bluesky_Communications,AS,80,600109503001019
4983801,Bluesky_Communications,AS,86,600109503001019
4983295,Bluesky_Communications,AS,80,600109503002002
4983802,Bluesky_Communications,AS,86,600109503002002
4983296,Bluesky_Communications,AS,80,600109503002003
4983803,Bluesky_Communications,AS,86,600109503002003
4983297,Bluesky_Communications,AS,80,600109503002005
4983804,Bluesky_Communications,AS,86,600109503002005
4983298,Bluesky_Communications,AS,80,600109503002006
4983805,Bluesky_Communications,AS,86,600109503002006
4983299,Bluesky_Communications,AS,80,600109503002007
4983806,Bluesky_Communications,AS,86,600109503002007
4983300,Bluesky_Communications,AS,80,600109503003009
4983807,Bluesky_Communications,AS,86,600109503003009
4983301,Bluesky_Communications,AS,80,600109503003011
4983808,Bluesky_Communications,AS,86,600109503003011
4983302,Bluesky_Communications,AS,80,600109503003014
4983809,Bluesky_Communications,AS,86,600109503003014
4983303,Bluesky_Communications,AS,80,600109503003015
4983810,Bluesky_Communications,AS,86,600109503003015
4983304,Bluesky_Communications,AS,80,600109503003016
4983811,Bluesky_Communications,AS,86,600109503003016
4983305,Bluesky_Communications,AS,80,600109503003017
4983812,Bluesky_Communications,AS,86,600109503003017
4983306,Bluesky_Communications,AS,80,600109503003030
4983813,Bluesky_Communications,AS,86,600109503003030
4983307,Bluesky_Communications,AS,80,600109503003031
4983814,Bluesky_Communications,AS,86,600109503003031
4983308,Bluesky_Communications,AS,80,600109503003032
4983815,Bluesky_Communications,AS,86,600109503003032
4983309,Bluesky_Communications,AS,80,600109503003033
4983816,Bluesky_Communications,AS,86,600109503003033
4983310,Bluesky_Communications,AS,80,600109503003034
4983817,Bluesky_Communications,AS,86,600109503003034
4983311,Bluesky_Communications,AS,80,600109503003035
4983818,Bluesky_Communications,AS,86,600109503003035
4983312,Bluesky_Communications,AS,80,600109503003038
4983819,Bluesky_Communications,AS,86,600109503003038
4983313,Bluesky_Communications,AS,80,600109503003039
4983820,Bluesky_Communications,AS,86,600109503003039
4983314,Bluesky_Communications,AS,80,600109503003041
4983821,Bluesky_Communications,AS,86,600109503003041
4983315,Bluesky_Communications,AS,80,600109503003042
4983822,Bluesky_Communications,AS,86,600109503003042
4983316,Bluesky_Communications,AS,80,600109503003043
4983823,Bluesky_Communications,AS,86,600109503003043
4983317,Bluesky_Communications,AS,80,600109503003045
4983824,Bluesky_Communications,AS,86,600109503003045
4983318,Bluesky_Communications,AS,80,600109503003046
4983825,Bluesky_Communications,AS,86,600109503003046
4983319,Bluesky_Communications,AS,80,600109503003047
4983826,Bluesky_Communications,AS,86,600109503003047
4983320,Bluesky_Communications,AS,80,600109505001003
4983827,Bluesky_Communications,AS,86,600109505001003
4983321,Bluesky_Communications,AS,80,600109505001004
4983828,Bluesky_Communications,AS,86,600109505001004
4983322,Bluesky_Communications,AS,80,600109505001005
4983829,Bluesky_Communications,AS,86,600109505001005
4983323,Bluesky_Communications,AS,80,600109505001006
4983830,Bluesky_Communications,AS,86,600109505001006
4983324,Bluesky_Communications,AS,80,600109505001007
4983831,Bluesky_Communications,AS,86,600109505001007
4983325,Bluesky_Communications,AS,80,600109505001008
4983832,Bluesky_Communications,AS,86,600109505001008
4983326,Bluesky_Communications,AS,80,600109505001009
4983833,Bluesky_Communications,AS,86,600109505001009
4983327,Bluesky_Communications,AS,80,600109505001010
4983834,Bluesky_Communications,AS,86,600109505001010
4983328,Bluesky_Communications,AS,80,600109505002004
4983835,Bluesky_Communications,AS,86,600109505002004
4983329,Bluesky_Communications,AS,80,600109505002005
4983836,Bluesky_Communications,AS,86,600109505002005
4983330,Bluesky_Communications,AS,80,600109505002006
4983837,Bluesky_Communications,AS,86,600109505002006
4983331,Bluesky_Communications,AS,80,600109505002007
4983838,Bluesky_Communications,AS,86,600109505002007
4983332,Bluesky_Communications,AS,80,600109505002008
4983839,Bluesky_Communications,AS,86,600109505002008
4983333,Bluesky_Communications,AS,80,600109505002009
4983840,Bluesky_Communications,AS,86,600109505002009
4983334,Bluesky_Communications,AS,80,600109505003002
4983841,Bluesky_Communications,AS,86,600109505003002
4983335,Bluesky_Communications,AS,80,600109505003003
4983842,Bluesky_Communications,AS,86,600109505003003
4983336,Bluesky_Communications,AS,80,600109505003004
4983843,Bluesky_Communications,AS,86,600109505003004
4983337,Bluesky_Communications,AS,80,600109506001000
4983844,Bluesky_Communications,AS,86,600109506001000
4983338,Bluesky_Communications,AS,80,600109506001001
4983845,Bluesky_Communications,AS,86,600109506001001
4983339,Bluesky_Communications,AS,80,600109506001002
4983846,Bluesky_Communications,AS,86,600109506001002
4983340,Bluesky_Communications,AS,80,600109506001003
4983847,Bluesky_Communications,AS,86,600109506001003
4983341,Bluesky_Communications,AS,80,600109506001004
4983848,Bluesky_Communications,AS,86,600109506001004
4983342,Bluesky_Communications,AS,80,600109506001005
4983849,Bluesky_Communications,AS,86,600109506001005
4983343,Bluesky_Communications,AS,80,600109506001006
4983850,Bluesky_Communications,AS,86,600109506001006
4983344,Bluesky_Communications,AS,80,600109506001007
4983851,Bluesky_Communications,AS,86,600109506001007
4983345,Bluesky_Communications,AS,80,600109506001008
4983852,Bluesky_Communications,AS,86,600109506001008
4983346,Bluesky_Communications,AS,80,600109506001009
4983853,Bluesky_Communications,AS,86,600109506001009
4983347,Bluesky_Communications,AS,80,600109506001010
4983854,Bluesky_Communications,AS,86,600109506001010
4983348,Bluesky_Communications,AS,80,600109506001011
4983855,Bluesky_Communications,AS,86,600109506001011
4983349,Bluesky_Communications,AS,80,600109506001012
4983856,Bluesky_Communications,AS,86,600109506001012
4983350,Bluesky_Communications,AS,80,600109506001013
4983857,Bluesky_Communications,AS,86,600109506001013
4983351,Bluesky_Communications,AS,80,600109506001014
4983858,Bluesky_Communications,AS,86,600109506001014
4983352,Bluesky_Communications,AS,80,600109506001015
4983859,Bluesky_Communications,AS,86,600109506001015
4983353,Bluesky_Communications,AS,80,600109506001018
4983860,Bluesky_Communications,AS,86,600109506001018
4983354,Bluesky_Communications,AS,80,600109506001025
4983861,Bluesky_Communications,AS,86,600109506001025
4983355,Bluesky_Communications,AS,80,600109506002000
4983862,Bluesky_Communications,AS,86,600109506002000
4983356,Bluesky_Communications,AS,80,600109506002001
4983863,Bluesky_Communications,AS,86,600109506002001
4983357,Bluesky_Communications,AS,80,600109506002002
4983864,Bluesky_Communications,AS,86,600109506002002
4983358,Bluesky_Communications,AS,80,600109506002003
4983865,Bluesky_Communications,AS,86,600109506002003
4983359,Bluesky_Communications,AS,80,600109506002004
4983866,Bluesky_Communications,AS,86,600109506002004
4983360,Bluesky_Communications,AS,80,600109506003000
4983867,Bluesky_Communications,AS,86,600109506003000
4983361,Bluesky_Communications,AS,80,600109506003002
4983868,Bluesky_Communications,AS,86,600109506003002
4983362,Bluesky_Communications,AS,80,600109506003003
4983869,Bluesky_Communications,AS,86,600109506003003
4983363,Bluesky_Communications,AS,80,600109506003004
4983870,Bluesky_Communications,AS,86,600109506003004
4983364,Bluesky_Communications,AS,80,600109506003005
4983871,Bluesky_Communications,AS,86,600109506003005
4983365,Bluesky_Communications,AS,80,600109507001000
4983872,Bluesky_Communications,AS,86,600109507001000
4983366,Bluesky_Communications,AS,80,600109507001001
4983873,Bluesky_Communications,AS,86,600109507001001
4983367,Bluesky_Communications,AS,80,600109507001002
4983874,Bluesky_Communications,AS,86,600109507001002
4983368,Bluesky_Communications,AS,80,600109507001005
4983875,Bluesky_Communications,AS,86,600109507001005
4983369,Bluesky_Communications,AS,80,600109507001006
4983876,Bluesky_Communications,AS,86,600109507001006
4983370,Bluesky_Communications,AS,80,600109507001007
4983877,Bluesky_Communications,AS,86,600109507001007
4983371,Bluesky_Communications,AS,80,600109507001008
4983878,Bluesky_Communications,AS,86,600109507001008
4983372,Bluesky_Communications,AS,80,600109507001009
4983879,Bluesky_Communications,AS,86,600109507001009
4983373,Bluesky_Communications,AS,80,600109507001010
4983880,Bluesky_Communications,AS,86,600109507001010
4983374,Bluesky_Communications,AS,80,600109507001011
4983881,Bluesky_Communications,AS,86,600109507001011
4983375,Bluesky_Communications,AS,80,600109507001012
4983882,Bluesky_Communications,AS,86,600109507001012
4983376,Bluesky_Communications,AS,80,600109507001013
4983883,Bluesky_Communications,AS,86,600109507001013
4983377,Bluesky_Communications,AS,80,600109507001014
4983884,Bluesky_Communications,AS,86,600109507001014
4983378,Bluesky_Communications,AS,80,600109507002002
4983885,Bluesky_Communications,AS,86,600109507002002
4983379,Bluesky_Communications,AS,80,600109507002003
4983886,Bluesky_Communications,AS,86,600109507002003
4983380,Bluesky_Communications,AS,80,600109507002005
4983887,Bluesky_Communications,AS,86,600109507002005
4983381,Bluesky_Communications,AS,80,600109507002006
4983888,Bluesky_Communications,AS,86,600109507002006
4983382,Bluesky_Communications,AS,80,600109507002007
4983889,Bluesky_Communications,AS,86,600109507002007
4983383,Bluesky_Communications,AS,80,600109507002008
4983890,Bluesky_Communications,AS,86,600109507002008
4983384,Bluesky_Communications,AS,80,600109507002009
4983891,Bluesky_Communications,AS,86,600109507002009
4983385,Bluesky_Communications,AS,80,600109507002010
4983892,Bluesky_Communications,AS,86,600109507002010
4983386,Bluesky_Communications,AS,80,600109507002011
4983893,Bluesky_Communications,AS,86,600109507002011
4983387,Bluesky_Communications,AS,80,600109507002012
4983894,Bluesky_Communications,AS,86,600109507002012
4983388,Bluesky_Communications,AS,80,600109507002013
4983895,Bluesky_Communications,AS,86,600109507002013
4983389,Bluesky_Communications,AS,80,600109507002016
4983896,Bluesky_Communications,AS,86,600109507002016
4983390,Bluesky_Communications,AS,80,600109507002017
4983897,Bluesky_Communications,AS,86,600109507002017
4983391,Bluesky_Communications,AS,80,600109507002018
4983898,Bluesky_Communications,AS,86,600109507002018
4983392,Bluesky_Communications,AS,80,600109507002019
4983899,Bluesky_Communications,AS,86,600109507002019
4983393,Bluesky_Communications,AS,80,600109507003002
4983900,Bluesky_Communications,AS,86,600109507003002
4983394,Bluesky_Communications,AS,80,600109507003003
4983901,Bluesky_Communications,AS,86,600109507003003
4983395,Bluesky_Communications,AS,80,600109507003004
4983902,Bluesky_Communications,AS,86,600109507003004
4983396,Bluesky_Communications,AS,80,600109507003005
4983903,Bluesky_Communications,AS,86,600109507003005
4983397,Bluesky_Communications,AS,80,600109507003006
4983904,Bluesky_Communications,AS,86,600109507003006
4983398,Bluesky_Communications,AS,80,600109507003007
4983905,Bluesky_Communications,AS,86,600109507003007
4983399,Bluesky_Communications,AS,80,600109507003009
4983906,Bluesky_Communications,AS,86,600109507003009
4983400,Bluesky_Communications,AS,80,600109507003010
4983907,Bluesky_Communications,AS,86,600109507003010
4983401,Bluesky_Communications,AS,80,600109507003011
4983908,Bluesky_Communications,AS,86,600109507003011
4983402,Bluesky_Communications,AS,80,600109507003012
4983909,Bluesky_Communications,AS,86,600109507003012
4983403,Bluesky_Communications,AS,80,600109509001004
4983910,Bluesky_Communications,AS,86,600109509001004
4983404,Bluesky_Communications,AS,80,600109509001005
4983911,Bluesky_Communications,AS,86,600109509001005
4983405,Bluesky_Communications,AS,80,600109509001006
4983912,Bluesky_Communications,AS,86,600109509001006
4983406,Bluesky_Communications,AS,80,600109509001007
4983913,Bluesky_Communications,AS,86,600109509001007
4983407,Bluesky_Communications,AS,80,600109509001017
4983914,Bluesky_Communications,AS,86,600109509001017
4983408,Bluesky_Communications,AS,80,600109509001018
4983915,Bluesky_Communications,AS,86,600109509001018
4983409,Bluesky_Communications,AS,80,600109509002000
4983916,Bluesky_Communications,AS,86,600109509002000
4983410,Bluesky_Communications,AS,80,600109509002001
4983917,Bluesky_Communications,AS,86,600109509002001
4983411,Bluesky_Communications,AS,80,600109509002002
4983918,Bluesky_Communications,AS,86,600109509002002
4983412,Bluesky_Communications,AS,80,600109509002003
4983919,Bluesky_Communications,AS,86,600109509002003
4983413,Bluesky_Communications,AS,80,600109509003000
4983920,Bluesky_Communications,AS,86,600109509003000
4983414,Bluesky_Communications,AS,80,600109509003001
4983921,Bluesky_Communications,AS,86,600109509003001
4983415,Bluesky_Communications,AS,80,600109509003002
4983922,Bluesky_Communications,AS,86,600109509003002
4983416,Bluesky_Communications,AS,80,600109509003003
4983923,Bluesky_Communications,AS,86,600109509003003
4983417,Bluesky_Communications,AS,80,600109509003004
4983924,Bluesky_Communications,AS,86,600109509003004
4983418,Bluesky_Communications,AS,80,600109509003005
4983925,Bluesky_Communications,AS,86,600109509003005
4983419,Bluesky_Communications,AS,80,600109509003012
4983926,Bluesky_Communications,AS,86,600109509003012
4983420,Bluesky_Communications,AS,80,600109509003013
4983927,Bluesky_Communications,AS,86,600109509003013
4983421,Bluesky_Communications,AS,80,600109509003015
4983928,Bluesky_Communications,AS,86,600109509003015
4983422,Bluesky_Communications,AS,80,600109509003016
4983929,Bluesky_Communications,AS,86,600109509003016
4983423,Bluesky_Communications,AS,80,600109509003017
4983930,Bluesky_Communications,AS,86,600109509003017
4983424,Bluesky_Communications,AS,80,600109509003018
4983931,Bluesky_Communications,AS,86,600109509003018
4983425,Bluesky_Communications,AS,80,600109509003019
4983932,Bluesky_Communications,AS,86,600109509003019
4983426,Bluesky_Communications,AS,80,600109509003020
4983933,Bluesky_Communications,AS,86,600109509003020
4983427,Bluesky_Communications,AS,80,600109509003021
4983934,Bluesky_Communications,AS,86,600109509003021
4983428,Bluesky_Communications,AS,80,600109509003022
4983935,Bluesky_Communications,AS,86,600109509003022
4983429,Bluesky_Communications,AS,80,600109509003023
4983936,Bluesky_Communications,AS,86,600109509003023
4983430,Bluesky_Communications,AS,80,600109509003024
4983937,Bluesky_Communications,AS,86,600109509003024
4983431,Bluesky_Communications,AS,80,600109509003025
4983938,Bluesky_Communications,AS,86,600109509003025
4983432,Bluesky_Communications,AS,80,600109509003026
4983939,Bluesky_Communications,AS,86,600109509003026
4983433,Bluesky_Communications,AS,80,600109509003027
4983940,Bluesky_Communications,AS,86,600109509003027
4983434,Bluesky_Communications,AS,80,600109509003030
4983941,Bluesky_Communications,AS,86,600109509003030
4983435,Bluesky_Communications,AS,80,600109509003031
4983942,Bluesky_Communications,AS,86,600109509003031
4983436,Bluesky_Communications,AS,80,600109509003032
4983943,Bluesky_Communications,AS,86,600109509003032
4983437,Bluesky_Communications,AS,80,600109509003033
4983944,Bluesky_Communications,AS,86,600109509003033
4983438,Bluesky_Communications,AS,80,600109509003034
4983945,Bluesky_Communications,AS,86,600109509003034
4983439,Bluesky_Communications,AS,80,600109509003036
4983946,Bluesky_Communications,AS,86,600109509003036
4983440,Bluesky_Communications,AS,80,600109509003038
4983947,Bluesky_Communications,AS,86,600109509003038
4983441,Bluesky_Communications,AS,80,600109509003039
4983948,Bluesky_Communications,AS,86,600109509003039
4983442,Bluesky_Communications,AS,80,600109509003040
4983949,Bluesky_Communications,AS,86,600109509003040
4983443,Bluesky_Communications,AS,80,600109509003041
4983950,Bluesky_Communications,AS,86,600109509003041
4983444,Bluesky_Communications,AS,80,600109509003042
4983951,Bluesky_Communications,AS,86,600109509003042
4983445,Bluesky_Communications,AS,80,600109509003043
4983952,Bluesky_Communications,AS,86,600109509003043
4983446,Bluesky_Communications,AS,80,600109509003044
4983953,Bluesky_Communications,AS,86,600109509003044
4983447,Bluesky_Communications,AS,80,600109509003045
4983954,Bluesky_Communications,AS,86,600109509003045
4983448,Bluesky_Communications,AS,80,600109509003046
4983955,Bluesky_Communications,AS,86,600109509003046
4983449,Bluesky_Communications,AS,80,600109509003047
4983956,Bluesky_Communications,AS,86,600109509003047
4983450,Bluesky_Communications,AS,80,600109509003049
4983957,Bluesky_Communications,AS,86,600109509003049
4983451,Bluesky_Communications,AS,80,600109509003050
4983958,Bluesky_Communications,AS,86,600109509003050
4983452,Bluesky_Communications,AS,80,600109509004000
4983959,Bluesky_Communications,AS,86,600109509004000
4983453,Bluesky_Communications,AS,80,600109509004001
4983960,Bluesky_Communications,AS,86,600109509004001
4983454,Bluesky_Communications,AS,80,600109509004007
4983961,Bluesky_Communications,AS,86,600109509004007
4983455,Bluesky_Communications,AS,80,600109509004009
4983962,Bluesky_Communications,AS,86,600109509004009
4983456,Bluesky_Communications,AS,80,600109509004010
4983963,Bluesky_Communications,AS,86,600109509004010
4983457,Bluesky_Communications,AS,80,600109509004011
4983964,Bluesky_Communications,AS,86,600109509004011
4983458,Bluesky_Communications,AS,80,600109509004012
4983965,Bluesky_Communications,AS,86,600109509004012
4983459,Bluesky_Communications,AS,80,600109509004013
4983966,Bluesky_Communications,AS,86,600109509004013
4983967,Bluesky_Communications,AS,86,600209518002002
4983968,Bluesky_Communications,AS,86,600209518002003
4983969,Bluesky_Communications,AS,86,600209518002005
4983970,Bluesky_Communications,AS,86,600209518002006
4983971,Bluesky_Communications,AS,86,600209518002007
4983972,Bluesky_Communications,AS,86,600209518002008
4983973,Bluesky_Communications,AS,86,600209518002009
4983974,Bluesky_Communications,AS,86,600209518002022
4983460,Bluesky_Communications,AS,80,600509510001000
4983975,Bluesky_Communications,AS,86,600509510001000
4983461,Bluesky_Communications,AS,80,600509510001001
4983976,Bluesky_Communications,AS,86,600509510001001
4983462,Bluesky_Communications,AS,80,600509510001002
4983977,Bluesky_Communications,AS,86,600509510001002
4983463,Bluesky_Communications,AS,80,600509510001003
4983978,Bluesky_Communications,AS,86,600509510001003
4983464,Bluesky_Communications,AS,80,600509510001004
4983979,Bluesky_Communications,AS,86,600509510001004
4983465,Bluesky_Communications,AS,80,600509510001005
4983980,Bluesky_Communications,AS,86,600509510001005
4983466,Bluesky_Communications,AS,80,600509510001006
4983981,Bluesky_Communications,AS,86,600509510001006
4983467,Bluesky_Communications,AS,80,600509510001007
4983982,Bluesky_Communications,AS,86,600509510001007
4983468,Bluesky_Communications,AS,80,600509510001008
4983983,Bluesky_Communications,AS,86,600509510001008
4983469,Bluesky_Communications,AS,80,600509510001009
4983984,Bluesky_Communications,AS,86,600509510001009
4983470,Bluesky_Communications,AS,80,600509510001010
4983985,Bluesky_Communications,AS,86,600509510001010
4983471,Bluesky_Communications,AS,80,600509510002000
4983986,Bluesky_Communications,AS,86,600509510002000
4983472,Bluesky_Communications,AS,80,600509510002001
4983987,Bluesky_Communications,AS,86,600509510002001
4983473,Bluesky_Communications,AS,80,600509510002002
4983988,Bluesky_Communications,AS,86,600509510002002
4983474,Bluesky_Communications,AS,80,600509510002003
4983989,Bluesky_Communications,AS,86,600509510002003
4983475,Bluesky_Communications,AS,80,600509510002004
4983990,Bluesky_Communications,AS,86,600509510002004
4983476,Bluesky_Communications,AS,80,600509510002005
4983991,Bluesky_Communications,AS,86,600509510002005
4983477,Bluesky_Communications,AS,80,600509510002006
4983992,Bluesky_Communications,AS,86,600509510002006
4983478,Bluesky_Communications,AS,80,600509510002007
4983993,Bluesky_Communications,AS,86,600509510002007
4983479,Bluesky_Communications,AS,80,600509510002008
4983994,Bluesky_Communications,AS,86,600509510002008
4983480,Bluesky_Communications,AS,80,600509510002009
4983995,Bluesky_Communications,AS,86,600509510002009
4983481,Bluesky_Communications,AS,80,600509510002010
4983996,Bluesky_Communications,AS,86,600509510002010
4983482,Bluesky_Communications,AS,80,600509510002011
4983997,Bluesky_Communications,AS,86,600509510002011
4983483,Bluesky_Communications,AS,80,600509510002012
4983998,Bluesky_Communications,AS,86,600509510002012
4983484,Bluesky_Communications,AS,80,600509510002013
4983999,Bluesky_Communications,AS,86,600509510002013
4983485,Bluesky_Communications,AS,80,600509510002014
4984000,Bluesky_Communications,AS,86,600509510002014
4983486,Bluesky_Communications,AS,80,600509510002015
4984001,Bluesky_Communications,AS,86,600509510002015
4983487,Bluesky_Communications,AS,80,600509510002016
4984002,Bluesky_Communications,AS,86,600509510002016
4983488,Bluesky_Communications,AS,80,600509510002017
4984003,Bluesky_Communications,AS,86,600509510002017
4983489,Bluesky_Communications,AS,80,600509510002018
4984004,Bluesky_Communications,AS,86,600509510002018
4983490,Bluesky_Communications,AS,80,600509510002019
4984005,Bluesky_Communications,AS,86,600509510002019
4983491,Bluesky_Communications,AS,80,600509511001000
4984006,Bluesky_Communications,AS,86,600509511001000
4983492,Bluesky_Communications,AS,80,600509511001001
4984007,Bluesky_Communications,AS,86,600509511001001
4983493,Bluesky_Communications,AS,80,600509511001002
4984008,Bluesky_Communications,AS,86,600509511001002
4983494,Bluesky_Communications,AS,80,600509511001003
4984009,Bluesky_Communications,AS,86,600509511001003
4983495,Bluesky_Communications,AS,80,600509511001004
4984010,Bluesky_Communications,AS,86,600509511001004
4983496,Bluesky_Communications,AS,80,600509511001005
4984011,Bluesky_Communications,AS,86,600509511001005
4983497,Bluesky_Communications,AS,80,600509511001006
4984012,Bluesky_Communications,AS,86,600509511001006
4983498,Bluesky_Communications,AS,80,600509511001007
4984013,Bluesky_Communications,AS,86,600509511001007
4983499,Bluesky_Communications,AS,80,600509511001008
4984014,Bluesky_Communications,AS,86,600509511001008
4983500,Bluesky_Communications,AS,80,600509511001009
4984015,Bluesky_Communications,AS,86,600509511001009
4983501,Bluesky_Communications,AS,80,600509511001010
4984016,Bluesky_Communications,AS,86,600509511001010
4983502,Bluesky_Communications,AS,80,600509511001011
4984017,Bluesky_Communications,AS,86,600509511001011
4983503,Bluesky_Communications,AS,80,600509511001012
4984018,Bluesky_Communications,AS,86,600509511001012
4983504,Bluesky_Communications,AS,80,600509511002000
4984019,Bluesky_Communications,AS,86,600509511002000
4983505,Bluesky_Communications,AS,80,600509511002001
4984020,Bluesky_Communications,AS,86,600509511002001
4983506,Bluesky_Communications,AS,80,600509511002002
4984021,Bluesky_Communications,AS,86,600509511002002
4983507,Bluesky_Communications,AS,80,600509511002003
4984022,Bluesky_Communications,AS,86,600509511002003
4983508,Bluesky_Communications,AS,80,600509511002004
4984023,Bluesky_Communications,AS,86,600509511002004
4983509,Bluesky_Communications,AS,80,600509511002005
4984024,Bluesky_Communications,AS,86,600509511002005
4983510,Bluesky_Communications,AS,80,600509511002006
4984025,Bluesky_Communications,AS,86,600509511002006
4983511,Bluesky_Communications,AS,80,600509511002007
4984026,Bluesky_Communications,AS,86,600509511002007
4983512,Bluesky_Communications,AS,80,600509511002008
4984027,Bluesky_Communications,AS,86,600509511002008
4983513,Bluesky_Communications,AS,80,600509511002009
4984028,Bluesky_Communications,AS,86,600509511002009
4983514,Bluesky_Communications,AS,80,600509511003000
4984029,Bluesky_Communications,AS,86,600509511003000
4983515,Bluesky_Communications,AS,80,600509511003001
4984030,Bluesky_Communications,AS,86,600509511003001
4983516,Bluesky_Communications,AS,80,600509511003002
4984031,Bluesky_Communications,AS,86,600509511003002
4983517,Bluesky_Communications,AS,80,600509511003003
4984032,Bluesky_Communications,AS,86,600509511003003
4983518,Bluesky_Communications,AS,80,600509511003004
4984033,Bluesky_Communications,AS,86,600509511003004
4983519,Bluesky_Communications,AS,80,600509511003005
4984034,Bluesky_Communications,AS,86,600509511003005
4983520,Bluesky_Communications,AS,80,600509511003006
4984035,Bluesky_Communications,AS,86,600509511003006
4983521,Bluesky_Communications,AS,80,600509511003007
4984036,Bluesky_Communications,AS,86,600509511003007
4983522,Bluesky_Communications,AS,80,600509512011001
4984037,Bluesky_Communications,AS,86,600509512011001
4983523,Bluesky_Communications,AS,80,600509512011002
4984038,Bluesky_Communications,AS,86,600509512011002
4983524,Bluesky_Communications,AS,80,600509512011003
4984039,Bluesky_Communications,AS,86,600509512011003
4983525,Bluesky_Communications,AS,80,600509512011004
4984040,Bluesky_Communications,AS,86,600509512011004
4983526,Bluesky_Communications,AS,80,600509512011005
4984041,Bluesky_Communications,AS,86,600509512011005
4983527,Bluesky_Communications,AS,80,600509512011006
4984042,Bluesky_Communications,AS,86,600509512011006
4983528,Bluesky_Communications,AS,80,600509512011007
4984043,Bluesky_Communications,AS,86,600509512011007
4983529,Bluesky_Communications,AS,80,600509512011008
4984044,Bluesky_Communications,AS,86,600509512011008
4983530,Bluesky_Communications,AS,80,600509512011009
4984045,Bluesky_Communications,AS,86,600509512011009
4983531,Bluesky_Communications,AS,80,600509512011010
4984046,Bluesky_Communications,AS,86,600509512011010
4983532,Bluesky_Communications,AS,80,600509512011011
4984047,Bluesky_Communications,AS,86,600509512011011
4983533,Bluesky_Communications,AS,80,600509512011012
4984048,Bluesky_Communications,AS,86,600509512011012
4983534,Bluesky_Communications,AS,80,600509512011013
4984049,Bluesky_Communications,AS,86,600509512011013
4983535,Bluesky_Communications,AS,80,600509512011014
4984050,Bluesky_Communications,AS,86,600509512011014
4983536,Bluesky_Communications,AS,80,600509512011015
4984051,Bluesky_Communications,AS,86,600509512011015
4983537,Bluesky_Communications,AS,80,600509512011016
4984052,Bluesky_Communications,AS,86,600509512011016
4983538,Bluesky_Communications,AS,80,600509512011017
4984053,Bluesky_Communications,AS,86,600509512011017
4983539,Bluesky_Communications,AS,80,600509512011018
4984054,Bluesky_Communications,AS,86,600509512011018
4983540,Bluesky_Communications,AS,80,600509512011019
4984055,Bluesky_Communications,AS,86,600509512011019
4983541,Bluesky_Communications,AS,80,600509512011020
4984056,Bluesky_Communications,AS,86,600509512011020
4983542,Bluesky_Communications,AS,80,600509512011021
4984057,Bluesky_Communications,AS,86,600509512011021
4983543,Bluesky_Communications,AS,80,600509512011022
4984058,Bluesky_Communications,AS,86,600509512011022
4983544,Bluesky_Communications,AS,80,600509512011023
4984059,Bluesky_Communications,AS,86,600509512011023
4983545,Bluesky_Communications,AS,80,600509512011024
4984060,Bluesky_Communications,AS,86,600509512011024
4983546,Bluesky_Communications,AS,80,600509512011025
4984061,Bluesky_Communications,AS,86,600509512011025
4983547,Bluesky_Communications,AS,80,600509512011026
4984062,Bluesky_Communications,AS,86,600509512011026
4983548,Bluesky_Communications,AS,80,600509512012000
4984063,Bluesky_Communications,AS,86,600509512012000
4983549,Bluesky_Communications,AS,80,600509512012001
4984064,Bluesky_Communications,AS,86,600509512012001
4983550,Bluesky_Communications,AS,80,600509512012002
4984065,Bluesky_Communications,AS,86,600509512012002
4983551,Bluesky_Communications,AS,80,600509512012003
4984066,Bluesky_Communications,AS,86,600509512012003
4983552,Bluesky_Communications,AS,80,600509512012004
4984067,Bluesky_Communications,AS,86,600509512012004
4983553,Bluesky_Communications,AS,80,600509512012005
4984068,Bluesky_Communications,AS,86,600509512012005
4983554,Bluesky_Communications,AS,80,600509512012006
4984069,Bluesky_Communications,AS,86,600509512012006
4983555,Bluesky_Communications,AS,80,600509512012007
4984070,Bluesky_Communications,AS,86,600509512012007
4983556,Bluesky_Communications,AS,80,600509512012008
4984071,Bluesky_Communications,AS,86,600509512012008
4983557,Bluesky_Communications,AS,80,600509512012009
4984072,Bluesky_Communications,AS,86,600509512012009
4983558,Bluesky_Communications,AS,80,600509512012010
4984073,Bluesky_Communications,AS,86,600509512012010
4983559,Bluesky_Communications,AS,80,600509512012011
4984074,Bluesky_Communications,AS,86,600509512012011
4983560,Bluesky_Communications,AS,80,600509512012012
4984075,Bluesky_Communications,AS,86,600509512012012
4983561,Bluesky_Communications,AS,80,600509512021000
4984076,Bluesky_Communications,AS,86,600509512021000
4983562,Bluesky_Communications,AS,80,600509512021001
4984077,Bluesky_Communications,AS,86,600509512021001
4983563,Bluesky_Communications,AS,80,600509512021002
4984078,Bluesky_Communications,AS,86,600509512021002
4983564,Bluesky_Communications,AS,80,600509512021003
4984079,Bluesky_Communications,AS,86,600509512021003
4983565,Bluesky_Communications,AS,80,600509512021004
4984080,Bluesky_Communications,AS,86,600509512021004
4983566,Bluesky_Communications,AS,80,600509512021005
4984081,Bluesky_Communications,AS,86,600509512021005
4983567,Bluesky_Communications,AS,80,600509512021006
4984082,Bluesky_Communications,AS,86,600509512021006
4983568,Bluesky_Communications,AS,80,600509512021007
4984083,Bluesky_Communications,AS,86,600509512021007
4983569,Bluesky_Communications,AS,80,600509512021008
4984084,Bluesky_Communications,AS,86,600509512021008
4983570,Bluesky_Communications,AS,80,600509512021009
4984085,Bluesky_Communications,AS,86,600509512021009
4983571,Bluesky_Communications,AS,80,600509512021010
4984086,Bluesky_Communications,AS,86,600509512021010
4983572,Bluesky_Communications,AS,80,600509512021011
4984087,Bluesky_Communications,AS,86,600509512021011
4983573,Bluesky_Communications,AS,80,600509512021012
4984088,Bluesky_Communications,AS,86,600509512021012
4983574,Bluesky_Communications,AS,80,600509512021013
4984089,Bluesky_Communications,AS,86,600509512021013
4983575,Bluesky_Communications,AS,80,600509512021014
4984090,Bluesky_Communications,AS,86,600509512021014
4983576,Bluesky_Communications,AS,80,600509512021015
4984091,Bluesky_Communications,AS,86,600509512021015
4983577,Bluesky_Communications,AS,80,600509512021016
4984092,Bluesky_Communications,AS,86,600509512021016
4983578,Bluesky_Communications,AS,80,600509512021017
4984093,Bluesky_Communications,AS,86,600509512021017
4983579,Bluesky_Communications,AS,80,600509512021018
4984094,Bluesky_Communications,AS,86,600509512021018
4983580,Bluesky_Communications,AS,80,600509512021019
4984095,Bluesky_Communications,AS,86,600509512021019
4983581,Bluesky_Communications,AS,80,600509512021020
4984096,Bluesky_Communications,AS,86,600509512021020
4983582,Bluesky_Communications,AS,80,600509512021021
4984097,Bluesky_Communications,AS,86,600509512021021
4983583,Bluesky_Communications,AS,80,600509512021022
4984098,Bluesky_Communications,AS,86,600509512021022
4983584,Bluesky_Communications,AS,80,600509512021023
4984099,Bluesky_Communications,AS,86,600509512021023
4983585,Bluesky_Communications,AS,80,600509512022000
4984100,Bluesky_Communications,AS,86,600509512022000
4983586,Bluesky_Communications,AS,80,600509512022001
4984101,Bluesky_Communications,AS,86,600509512022001
4983587,Bluesky_Communications,AS,80,600509512022002
4984102,Bluesky_Communications,AS,86,600509512022002
4983588,Bluesky_Communications,AS,80,600509512022003
4984103,Bluesky_Communications,AS,86,600509512022003
4983589,Bluesky_Communications,AS,80,600509512022004
4984104,Bluesky_Communications,AS,86,600509512022004
4983590,Bluesky_Communications,AS,80,600509512022005
4984105,Bluesky_Communications,AS,86,600509512022005
4983591,Bluesky_Communications,AS,80,600509512031000
4984106,Bluesky_Communications,AS,86,600509512031000
4983592,Bluesky_Communications,AS,80,600509512031001
4984107,Bluesky_Communications,AS,86,600509512031001
4983593,Bluesky_Communications,AS,80,600509512031002
4984108,Bluesky_Communications,AS,86,600509512031002
4983594,Bluesky_Communications,AS,80,600509512031003
4984109,Bluesky_Communications,AS,86,600509512031003
4983595,Bluesky_Communications,AS,80,600509512031004
4984110,Bluesky_Communications,AS,86,600509512031004
4983596,Bluesky_Communications,AS,80,600509512031005
4984111,Bluesky_Communications,AS,86,600509512031005
4983597,Bluesky_Communications,AS,80,600509512031006
4984112,Bluesky_Communications,AS,86,600509512031006
4983598,Bluesky_Communications,AS,80,600509512031007
4984113,Bluesky_Communications,AS,86,600509512031007
4983599,Bluesky_Communications,AS,80,600509512032000
4984114,Bluesky_Communications,AS,86,600509512032000
4983600,Bluesky_Communications,AS,80,600509512032001
4984115,Bluesky_Communications,AS,86,600509512032001
4983601,Bluesky_Communications,AS,80,600509512032002
4984116,Bluesky_Communications,AS,86,600509512032002
4983602,Bluesky_Communications,AS,80,600509512032003
4984117,Bluesky_Communications,AS,86,600509512032003
4983603,Bluesky_Communications,AS,80,600509512032004
4984118,Bluesky_Communications,AS,86,600509512032004
4983604,Bluesky_Communications,AS,80,600509512032005
4984119,Bluesky_Communications,AS,86,600509512032005
4983605,Bluesky_Communications,AS,80,600509512032006
4984120,Bluesky_Communications,AS,86,600509512032006
4983606,Bluesky_Communications,AS,80,600509512032007
4984121,Bluesky_Communications,AS,86,600509512032007
4983607,Bluesky_Communications,AS,80,600509512032008
4984122,Bluesky_Communications,AS,86,600509512032008
4983608,Bluesky_Communications,AS,80,600509512032010
4984123,Bluesky_Communications,AS,86,600509512032010
4983609,Bluesky_Communications,AS,80,600509512032011
4984124,Bluesky_Communications,AS,86,600509512032011
4983610,Bluesky_Communications,AS,80,600509512032013
4984125,Bluesky_Communications,AS,86,600509512032013
4983611,Bluesky_Communications,AS,80,600509512032014
4984126,Bluesky_Communications,AS,86,600509512032014
4983612,Bluesky_Communications,AS,80,600509512032015
4984127,Bluesky_Communications,AS,86,600509512032015
4983613,Bluesky_Communications,AS,80,600509512032016
4984128,Bluesky_Communications,AS,86,600509512032016
4983614,Bluesky_Communications,AS,80,600509512032017
4984129,Bluesky_Communications,AS,86,600509512032017
4983615,Bluesky_Communications,AS,80,600509512032018
4984130,Bluesky_Communications,AS,86,600509512032018
4983616,Bluesky_Communications,AS,80,600509512032019
4984131,Bluesky_Communications,AS,86,600509512032019
4983617,Bluesky_Communications,AS,80,600509512032020
4984132,Bluesky_Communications,AS,86,600509512032020
4983618,Bluesky_Communications,AS,80,600509512032021
4984133,Bluesky_Communications,AS,86,600509512032021
4983619,Bluesky_Communications,AS,80,600509512033000
4984134,Bluesky_Communications,AS,86,600509512033000
4983620,Bluesky_Communications,AS,80,600509512033001
4984135,Bluesky_Communications,AS,86,600509512033001
4983621,Bluesky_Communications,AS,80,600509512033002
4984136,Bluesky_Communications,AS,86,600509512033002
4983622,Bluesky_Communications,AS,80,600509512033003
4984137,Bluesky_Communications,AS,86,600509512033003
4983623,Bluesky_Communications,AS,80,600509512033004
4984138,Bluesky_Communications,AS,86,600509512033004
4983624,Bluesky_Communications,AS,80,600509512033005
4984139,Bluesky_Communications,AS,86,600509512033005
4983625,Bluesky_Communications,AS,80,600509512033011
4984140,Bluesky_Communications,AS,86,600509512033011
4983626,Bluesky_Communications,AS,80,600509512033012
4984141,Bluesky_Communications,AS,86,600509512033012
4983627,Bluesky_Communications,AS,80,600509512033013
4984142,Bluesky_Communications,AS,86,600509512033013
4983628,Bluesky_Communications,AS,80,600509512033014
4984143,Bluesky_Communications,AS,86,600509512033014
4983629,Bluesky_Communications,AS,80,600509512033015
4984144,Bluesky_Communications,AS,86,600509512033015
4983630,Bluesky_Communications,AS,80,600509512033016
4984145,Bluesky_Communications,AS,86,600509512033016
4983631,Bluesky_Communications,AS,80,600509513001000
4984146,Bluesky_Communications,AS,86,600509513001000
4983632,Bluesky_Communications,AS,80,600509513001001
4984147,Bluesky_Communications,AS,86,600509513001001
4983633,Bluesky_Communications,AS,80,600509513001002
4984148,Bluesky_Communications,AS,86,600509513001002
4983634,Bluesky_Communications,AS,80,600509513001003
4984149,Bluesky_Communications,AS,86,600509513001003
4983635,Bluesky_Communications,AS,80,600509513001004
4984150,Bluesky_Communications,AS,86,600509513001004
4983636,Bluesky_Communications,AS,80,600509513001005
4984151,Bluesky_Communications,AS,86,600509513001005
4983637,Bluesky_Communications,AS,80,600509513001006
4984152,Bluesky_Communications,AS,86,600509513001006
4983638,Bluesky_Communications,AS,80,600509513001008
4984153,Bluesky_Communications,AS,86,600509513001008
4983639,Bluesky_Communications,AS,80,600509513001012
4984154,Bluesky_Communications,AS,86,600509513001012
4983640,Bluesky_Communications,AS,80,600509513001013
4984155,Bluesky_Communications,AS,86,600509513001013
4983641,Bluesky_Communications,AS,80,600509513001014
4984156,Bluesky_Communications,AS,86,600509513001014
4983642,Bluesky_Communications,AS,80,600509513002003
4984157,Bluesky_Communications,AS,86,600509513002003
4983643,Bluesky_Communications,AS,80,600509513002004
4984158,Bluesky_Communications,AS,86,600509513002004
4983644,Bluesky_Communications,AS,80,600509513002005
4984159,Bluesky_Communications,AS,86,600509513002005
4983645,Bluesky_Communications,AS,80,600509513002006
4984160,Bluesky_Communications,AS,86,600509513002006
4983646,Bluesky_Communications,AS,80,600509513002007
4984161,Bluesky_Communications,AS,86,600509513002007
4983647,Bluesky_Communications,AS,80,600509513002008
4984162,Bluesky_Communications,AS,86,600509513002008
4983648,Bluesky_Communications,AS,80,600509513002009
4984163,Bluesky_Communications,AS,86,600509513002009
4983649,Bluesky_Communications,AS,80,600509513002010
4984164,Bluesky_Communications,AS,86,600509513002010
4983650,Bluesky_Communications,AS,80,600509513002011
4984165,Bluesky_Communications,AS,86,600509513002011
4983651,Bluesky_Communications,AS,80,600509513002012
4984166,Bluesky_Communications,AS,86,600509513002012
4983652,Bluesky_Communications,AS,80,600509513002013
4984167,Bluesky_Communications,AS,86,600509513002013
4983653,Bluesky_Communications,AS,80,600509513002014
4984168,Bluesky_Communications,AS,86,600509513002014
4983654,Bluesky_Communications,AS,80,600509513002016
4984169,Bluesky_Communications,AS,86,600509513002016
4983655,Bluesky_Communications,AS,80,600509513002017
4984170,Bluesky_Communications,AS,86,600509513002017
4983656,Bluesky_Communications,AS,80,600509513002018
4984171,Bluesky_Communications,AS,86,600509513002018
4983657,Bluesky_Communications,AS,80,600509513002019
4984172,Bluesky_Communications,AS,86,600509513002019
4983658,Bluesky_Communications,AS,80,600509513002020
4984173,Bluesky_Communications,AS,86,600509513002020
4983659,Bluesky_Communications,AS,80,600509513002021
4984174,Bluesky_Communications,AS,86,600509513002021
4983660,Bluesky_Communications,AS,80,600509513002022
4984175,Bluesky_Communications,AS,86,600509513002022
4983661,Bluesky_Communications,AS,80,600509513002023
4984176,Bluesky_Communications,AS,86,600509513002023
4983662,Bluesky_Communications,AS,80,600509513002024
4984177,Bluesky_Communications,AS,86,600509513002024
4983663,Bluesky_Communications,AS,80,600509513002025
4984178,Bluesky_Communications,AS,86,600509513002025
4983664,Bluesky_Communications,AS,80,600509513002026
4984179,Bluesky_Communications,AS,86,600509513002026
4983665,Bluesky_Communications,AS,80,600509515001007
4984180,Bluesky_Communications,AS,86,600509515001007
4983666,Bluesky_Communications,AS,80,600509515001008
4984181,Bluesky_Communications,AS,86,600509515001008
4983667,Bluesky_Communications,AS,80,600509515001009
4984182,Bluesky_Communications,AS,86,600509515001009
4983668,Bluesky_Communications,AS,80,600509515001010
4984183,Bluesky_Communications,AS,86,600509515001010
4983669,Bluesky_Communications,AS,80,600509515001011
4984184,Bluesky_Communications,AS,86,600509515001011
4983670,Bluesky_Communications,AS,80,600509515001012
4984185,Bluesky_Communications,AS,86,600509515001012
4983671,Bluesky_Communications,AS,80,600509515001015
4984186,Bluesky_Communications,AS,86,600509515001015
4983672,Bluesky_Communications,AS,80,600509515001016
4984187,Bluesky_Communications,AS,86,600509515001016
4983673,Bluesky_Communications,AS,80,600509516001000
4984188,Bluesky_Communications,AS,86,600509516001000
4983674,Bluesky_Communications,AS,80,600509516001001
4984189,Bluesky_Communications,AS,86,600509516001001
4983675,Bluesky_Communications,AS,80,600509516001002
4984190,Bluesky_Communications,AS,86,600509516001002
4983676,Bluesky_Communications,AS,80,600509516001004
4984191,Bluesky_Communications,AS,86,600509516001004
4983677,Bluesky_Communications,AS,80,600509516001008
4984192,Bluesky_Communications,AS,86,600509516001008
4983678,Bluesky_Communications,AS,80,600509516001009
4984193,Bluesky_Communications,AS,86,600509516001009
4983679,Bluesky_Communications,AS,80,600509516001011
4984194,Bluesky_Communications,AS,86,600509516001011
4983680,Bluesky_Communications,AS,80,600509516001012
4984195,Bluesky_Communications,AS,86,600509516001012
4983681,Bluesky_Communications,AS,80,600509516001013
4984196,Bluesky_Communications,AS,86,600509516001013
4983682,Bluesky_Communications,AS,80,600509516001014
4984197,Bluesky_Communications,AS,86,600509516001014
4983683,Bluesky_Communications,AS,80,600509516001019
4984198,Bluesky_Communications,AS,86,600509516001019
4983684,Bluesky_Communications,AS,80,600509516001036
4984199,Bluesky_Communications,AS,86,600509516001036
4983685,Bluesky_Communications,AS,80,600509516002006
4984200,Bluesky_Communications,AS,86,600509516002006
4983686,Bluesky_Communications,AS,80,600509516002008
4984201,Bluesky_Communications,AS,86,600509516002008
4983687,Bluesky_Communications,AS,80,600509516002009
4984202,Bluesky_Communications,AS,86,600509516002009
4983688,Bluesky_Communications,AS,80,600509516002010
4984203,Bluesky_Communications,AS,86,600509516002010
4983689,Bluesky_Communications,AS,80,600509516002014
4984204,Bluesky_Communications,AS,86,600509516002014
4983690,Bluesky_Communications,AS,80,600509516002015
4984205,Bluesky_Communications,AS,86,600509516002015
4983691,Bluesky_Communications,AS,80,600509516002016
4984206,Bluesky_Communications,AS,86,600509516002016
4983692,Bluesky_Communications,AS,80,600509516002017
4984207,Bluesky_Communications,AS,86,600509516002017
4983693,Bluesky_Communications,AS,80,600509516002018
4984208,Bluesky_Communications,AS,86,600509516002018
4983694,Bluesky_Communications,AS,80,600509516002019
4984209,Bluesky_Communications,AS,86,600509516002019
4983695,Bluesky_Communications,AS,80,600509516002021
4984210,Bluesky_Communications,AS,86,600509516002021
4983696,Bluesky_Communications,AS,80,600509516002023
4984211,Bluesky_Communications,AS,86,600509516002023
4983697,Bluesky_Communications,AS,80,600509516002024
4984212,Bluesky_Communications,AS,86,600509516002024
4983698,Bluesky_Communications,AS,80,600509516003002
4984213,Bluesky_Communications,AS,86,600509516003002
4983699,Bluesky_Communications,AS,80,600509516003003
4984214,Bluesky_Communications,AS,86,600509516003003
4983700,Bluesky_Communications,AS,80,600509516003004
4984215,Bluesky_Communications,AS,86,600509516003004
4983701,Bluesky_Communications,AS,80,600509516003005
4984216,Bluesky_Communications,AS,86,600509516003005
4983702,Bluesky_Communications,AS,80,600509516003006
4984217,Bluesky_Communications,AS,86,600509516003006
4983703,Bluesky_Communications,AS,80,600509516003007
4984218,Bluesky_Communications,AS,86,600509516003007
4983704,Bluesky_Communications,AS,80,600509516003008
4984219,Bluesky_Communications,AS,86,600509516003008
4983705,Bluesky_Communications,AS,80,600509516003009
4984220,Bluesky_Communications,AS,86,600509516003009
4983706,Bluesky_Communications,AS,80,600509516003010
4984221,Bluesky_Communications,AS,86,600509516003010
4983707,Bluesky_Communications,AS,80,600509516003011
4984222,Bluesky_Communications,AS,86,600509516003011
4983708,Bluesky_Communications,AS,80,600509516003012
4984223,Bluesky_Communications,AS,86,600509516003012
4983709,Bluesky_Communications,AS,80,600509516003013
4984224,Bluesky_Communications,AS,86,600509516003013
4983710,Bluesky_Communications,AS,80,600509516003014
4984225,Bluesky_Communications,AS,86,600509516003014
4983711,Bluesky_Communications,AS,80,600509516003015
4984226,Bluesky_Communications,AS,86,600509516003015
4983712,Bluesky_Communications,AS,80,600509516004000
4984227,Bluesky_Communications,AS,86,600509516004000
4983713,Bluesky_Communications,AS,80,600509516004001
4984228,Bluesky_Communications,AS,86,600509516004001
4983714,Bluesky_Communications,AS,80,600509516004002
4984229,Bluesky_Communications,AS,86,600509516004002
4983715,Bluesky_Communications,AS,80,600509516004003
4984230,Bluesky_Communications,AS,86,600509516004003
4983716,Bluesky_Communications,AS,80,600509516004004
4984231,Bluesky_Communications,AS,86,600509516004004
4983717,Bluesky_Communications,AS,80,600509516004005
4984232,Bluesky_Communications,AS,86,600509516004005
4983718,Bluesky_Communications,AS,80,600509516004006
4984233,Bluesky_Communications,AS,86,600509516004006
4983719,Bluesky_Communications,AS,80,600509516004007
4984234,Bluesky_Communications,AS,86,600509516004007
4983720,Bluesky_Communications,AS,80,600509516004008
4984235,Bluesky_Communications,AS,86,600509516004008
4983721,Bluesky_Communications,AS,80,600509516004009
4984236,Bluesky_Communications,AS,86,600509516004009
4983722,Bluesky_Communications,AS,80,600509516004010
4984237,Bluesky_Communications,AS,86,600509516004010
4983723,Bluesky_Communications,AS,80,600509516004011
4984238,Bluesky_Communications,AS,86,600509516004011
4983724,Bluesky_Communications,AS,80,600509516004012
4984239,Bluesky_Communications,AS,86,600509516004012
4983725,Bluesky_Communications,AS,80,600509516004013
4984240,Bluesky_Communications,AS,86,600509516004013
4983726,Bluesky_Communications,AS,80,600509516004014
4984241,Bluesky_Communications,AS,86,600509516004014
4983727,Bluesky_Communications,AS,80,600509516004015
4984242,Bluesky_Communications,AS,86,600509516004015
4983728,Bluesky_Communications,AS,80,600509516004016
4984243,Bluesky_Communications,AS,86,600509516004016
4983729,Bluesky_Communications,AS,80,600509516004017
4984244,Bluesky_Communications,AS,86,600509516004017
4983730,Bluesky_Communications,AS,80,600509516004018
4984245,Bluesky_Communications,AS,86,600509516004018
4983731,Bluesky_Communications,AS,80,600509516004019
4984246,Bluesky_Communications,AS,86,600509516004019
4983732,Bluesky_Communications,AS,80,600509516004020
4984247,Bluesky_Communications,AS,86,600509516004020
4983733,Bluesky_Communications,AS,80,600509516004021
4984248,Bluesky_Communications,AS,86,600509516004021
4983734,Bluesky_Communications,AS,80,600509516004022
4984249,Bluesky_Communications,AS,86,600509516004022
4983735,Bluesky_Communications,AS,80,600509516004023
4984250,Bluesky_Communications,AS,86,600509516004023
4983736,Bluesky_Communications,AS,80,600509516004024
4984251,Bluesky_Communications,AS,86,600509516004024
4983737,Bluesky_Communications,AS,80,600509516004025
4984252,Bluesky_Communications,AS,86,600509516004025
4983738,Bluesky_Communications,AS,80,600509516004026
4984253,Bluesky_Communications,AS,86,600509516004026
4983739,Bluesky_Communications,AS,80,600509516004027
4984254,Bluesky_Communications,AS,86,600509516004027
4983740,Bluesky_Communications,AS,80,600509516004030
4984255,Bluesky_Communications,AS,86,600509516004030
4983741,Bluesky_Communications,AS,80,600509516004031
4984256,Bluesky_Communications,AS,86,600509516004031
4983742,Bluesky_Communications,AS,80,600509516004032
4984257,Bluesky_Communications,AS,86,600509516004032
