LogRecNo,Provider_Id,FRN,ProviderName,DBAName,HoldingCompanyName,HocoNum,HocoFinal,StateAbbr,BlockCode,TechCode,Consumer,MaxAdDown,MaxAdUp,Business,MaxCIRDown,MaxCIRUp
13260757,19866,0007435902,"AST Telecom, LLC",Bluesky Communications,"American Samoa Telecom, LLC",170012,"American Samoa Telecom, LLC",AS,600109501002026,70,1,0.384,0.384,0,0,0
13260758,19866,0007435902,"AST Telecom, LLC",Bluesky Communications,"American Samoa Telecom, LLC",170012,"American Samoa Telecom, LLC",AS,600109501002026,42,0,0,0,1,0.768,0.256
13260759,19866,0007435902,"AST Telecom, LLC",Bluesky Communications,"American Samoa Telecom, LLC",170012,"American Samoa Telecom, LLC",AS,600109502002013,70,1,0.384,0.384,0,0,0
13260760,19866,0007435902,"AST Telecom, LLC",Bluesky Communications,"American Samoa Telecom, LLC",170012,"American Samoa Telecom, LLC",AS,600109503002000,70,1,0.384,0.384,0,0,0
13260761,19866,0007435902,"AST Telecom, LLC",Bluesky Communications,"American Samoa Telecom, LLC",170012,"American Samoa Telecom, LLC",AS,600109503002000,42,1,0.768,0.256,0,0,0
13260762,19866,0007435902,"AST Telecom, LLC",Bluesky Communications,"American Samoa Telecom, LLC",170012,"American Samoa Telecom, LLC",AS,600109505002005,70,1,0.384,0.384,1,0.768,0.768
13260763,19866,0007435902,"AST Telecom, LLC",Bluesky Communications,"American Samoa Telecom, LLC",170012,"American Samoa Telecom, LLC",AS,600109505002005,50,0,0,0,1,2,2
13260764,19866,0007435902,"AST Telecom, LLC",Bluesky Communications,"American Samoa Telecom, LLC",170012,"American Samoa Telecom, LLC",AS,600109505002005,42,0,0,0,1,1,0.256
13260765,19866,0007435902,"AST Telecom, LLC",Bluesky Communications,"American Samoa Telecom, LLC",170012,"American Samoa Telecom, LLC",AS,600109506001020,70,1,0.384,0.384,1,2,2
13260766,19866,0007435902,"AST Telecom, LLC",Bluesky Communications,"American Samoa Telecom, LLC",170012,"American Samoa Telecom, LLC",AS,600109506001020,50,0,0,0,1,4,4
13260767,19866,0007435902,"AST Telecom, LLC",Bluesky Communications,"American Samoa Telecom, LLC",170012,"American Samoa Telecom, LLC",AS,600109506001020,42,1,1,0.256,1,2,0.256
13260768,19866,0007435902,"AST Telecom, LLC",Bluesky Communications,"American Samoa Telecom, LLC",170012,"American Samoa Telecom, LLC",AS,600109507002003,70,1,0.256,0.256,1,2,2
13260769,19866,0007435902,"AST Telecom, LLC",Bluesky Communications,"American Samoa Telecom, LLC",170012,"American Samoa Telecom, LLC",AS,600109507002003,50,0,0,0,1,2,2
13260770,19866,0007435902,"AST Telecom, LLC",Bluesky Communications,"American Samoa Telecom, LLC",170012,"American Samoa Telecom, LLC",AS,600109507002003,42,1,1,0.256,1,1.5,0.512
13260771,19866,0007435902,"AST Telecom, LLC",Bluesky Communications,"American Samoa Telecom, LLC",170012,"American Samoa Telecom, LLC",AS,600109509003013,42,1,1,0.256,0,0,0
13260772,19866,0007435902,"AST Telecom, LLC",Bluesky Communications,"American Samoa Telecom, LLC",170012,"American Samoa Telecom, LLC",AS,600509510001008,70,1,0.384,0.384,1,0.768,0.768
13260773,19866,0007435902,"AST Telecom, LLC",Bluesky Communications,"American Samoa Telecom, LLC",170012,"American Samoa Telecom, LLC",AS,600509510001008,50,0,0,0,1,1,1
13260774,19866,0007435902,"AST Telecom, LLC",Bluesky Communications,"American Samoa Telecom, LLC",170012,"American Samoa Telecom, LLC",AS,600509510001008,42,1,1,0.256,1,2,0.256
13260775,19866,0007435902,"AST Telecom, LLC",Bluesky Communications,"American Samoa Telecom, LLC",170012,"American Samoa Telecom, LLC",AS,600509511003002,70,1,0.384,0.384,1,2,2
13260776,19866,0007435902,"AST Telecom, LLC",Bluesky Communications,"American Samoa Telecom, LLC",170012,"American Samoa Telecom, LLC",AS,600509511003002,50,0,0,0,1,5,5
13260777,19866,0007435902,"AST Telecom, LLC",Bluesky Communications,"American Samoa Telecom, LLC",170012,"American Samoa Telecom, LLC",AS,600509511003002,42,1,1,0.256,1,2,0.256
13260778,19866,0007435902,"AST Telecom, LLC",Bluesky Communications,"American Samoa Telecom, LLC",170012,"American Samoa Telecom, LLC",AS,600509512011000,70,1,0.384,0.384,1,2,2
13260779,19866,0007435902,"AST Telecom, LLC",Bluesky Communications,"American Samoa Telecom, LLC",170012,"American Samoa Telecom, LLC",AS,600509512011000,50,0,0,0,1,0.768,0.768
13260780,19866,0007435902,"AST Telecom, LLC",Bluesky Communications,"American Samoa Telecom, LLC",170012,"American Samoa Telecom, LLC",AS,600509512011000,42,1,1,0.256,1,2,0.256
13260781,19866,0007435902,"AST Telecom, LLC",Bluesky Communications,"American Samoa Telecom, LLC",170012,"American Samoa Telecom, LLC",AS,600509512021017,50,0,0,0,1,1.5,1.5
13260782,19866,0007435902,"AST Telecom, LLC",Bluesky Communications,"American Samoa Telecom, LLC",170012,"American Samoa Telecom, LLC",AS,600509512032009,70,1,0.256,0.256,0,0,0
13260783,19866,0007435902,"AST Telecom, LLC",Bluesky Communications,"American Samoa Telecom, LLC",170012,"American Samoa Telecom, LLC",AS,600509512032009,42,1,1,0.256,1,1.5,0.256
13260784,19866,0007435902,"AST Telecom, LLC",Bluesky Communications,"American Samoa Telecom, LLC",170012,"American Samoa Telecom, LLC",AS,600509513001009,70,1,0.384,0.384,0,0,0
13260785,19866,0007435902,"AST Telecom, LLC",Bluesky Communications,"American Samoa Telecom, LLC",170012,"American Samoa Telecom, LLC",AS,600509513001009,42,1,1,0.256,0,0,0
13260786,19866,0007435902,"AST Telecom, LLC",Bluesky Communications,"American Samoa Telecom, LLC",170012,"American Samoa Telecom, LLC",AS,600509515001008,70,1,0.384,0.384,0,0,0
13260787,19866,0007435902,"AST Telecom, LLC",Bluesky Communications,"American Samoa Telecom, LLC",170012,"American Samoa Telecom, LLC",AS,600509515001008,42,1,1,0.256,0,0,0
13260788,19866,0007435902,"AST Telecom, LLC",Bluesky Communications,"American Samoa Telecom, LLC",170012,"American Samoa Telecom, LLC",AS,600509516004009,70,1,0.384,0.384,0,0,0
13260789,19866,0007435902,"AST Telecom, LLC",Bluesky Communications,"American Samoa Telecom, LLC",170012,"American Samoa Telecom, LLC",AS,600509516004009,42,1,1,0.256,1,1,0.256
