LogRecNo,dbaName,StateAbbr,TechCode,BlockCode
17440852,NNTC_WIRELESS__LLC,CO,85,080330001002059
17440853,NNTC_WIRELESS__LLC,CO,85,080859661001000
17440854,NNTC_WIRELESS__LLC,CO,85,080859661001001
17440855,NNTC_WIRELESS__LLC,CO,85,080859661001002
17440856,NNTC_WIRELESS__LLC,CO,85,080859661001003
17440857,NNTC_WIRELESS__LLC,CO,85,080859661001004
17440858,NNTC_WIRELESS__LLC,CO,85,080859661001005
17440859,NNTC_WIRELESS__LLC,CO,85,080859661001006
17440860,NNTC_WIRELESS__LLC,CO,85,080859661001007
17440861,NNTC_WIRELESS__LLC,CO,85,080859661001008
17440862,NNTC_WIRELESS__LLC,CO,85,080859661001009
17440863,NNTC_WIRELESS__LLC,CO,85,080859661001010
17440864,NNTC_WIRELESS__LLC,CO,85,080859661001011
17440865,NNTC_WIRELESS__LLC,CO,85,080859661001012
17440866,NNTC_WIRELESS__LLC,CO,85,080859661001013
17440867,NNTC_WIRELESS__LLC,CO,85,080859661001014
17440868,NNTC_WIRELESS__LLC,CO,85,080859661001015
17440869,NNTC_WIRELESS__LLC,CO,85,080859661001016
17440870,NNTC_WIRELESS__LLC,CO,85,080859661001017
17440871,NNTC_WIRELESS__LLC,CO,85,080859661001018
17440872,NNTC_WIRELESS__LLC,CO,85,080859661001019
17440873,NNTC_WIRELESS__LLC,CO,85,080859661001020
17440874,NNTC_WIRELESS__LLC,CO,85,080859661001021
17440875,NNTC_WIRELESS__LLC,CO,85,080859661001022
17440876,NNTC_WIRELESS__LLC,CO,85,080859661001023
17440877,NNTC_WIRELESS__LLC,CO,85,080859661001024
17440878,NNTC_WIRELESS__LLC,CO,85,080859661001025
17440879,NNTC_WIRELESS__LLC,CO,85,080859661001026
17440880,NNTC_WIRELESS__LLC,CO,85,080859661001027
17440881,NNTC_WIRELESS__LLC,CO,85,080859661001028
17440882,NNTC_WIRELESS__LLC,CO,85,080859661001029
17440883,NNTC_WIRELESS__LLC,CO,85,080859661001030
17440884,NNTC_WIRELESS__LLC,CO,85,080859661001031
17440885,NNTC_WIRELESS__LLC,CO,85,080859661001032
17440886,NNTC_WIRELESS__LLC,CO,85,080859661001033
17440887,NNTC_WIRELESS__LLC,CO,85,080859661001034
17440888,NNTC_WIRELESS__LLC,CO,85,080859661001035
17440889,NNTC_WIRELESS__LLC,CO,85,080859661001036
17440890,NNTC_WIRELESS__LLC,CO,85,080859661001037
17440891,NNTC_WIRELESS__LLC,CO,85,080859661001038
17440892,NNTC_WIRELESS__LLC,CO,85,080859661001039
17440893,NNTC_WIRELESS__LLC,CO,85,080859661001040
17440894,NNTC_WIRELESS__LLC,CO,85,080859661001041
17440895,NNTC_WIRELESS__LLC,CO,85,080859661001042
17440896,NNTC_WIRELESS__LLC,CO,85,080859661001043
17440897,NNTC_WIRELESS__LLC,CO,85,080859661001044
17440898,NNTC_WIRELESS__LLC,CO,85,080859661001045
17440899,NNTC_WIRELESS__LLC,CO,85,080859661001046
17440900,NNTC_WIRELESS__LLC,CO,85,080859661001047
17440901,NNTC_WIRELESS__LLC,CO,85,080859661001048
17440902,NNTC_WIRELESS__LLC,CO,85,080859661001049
17440903,NNTC_WIRELESS__LLC,CO,85,080859661001050
17440904,NNTC_WIRELESS__LLC,CO,85,080859661001051
17440905,NNTC_WIRELESS__LLC,CO,85,080859661001052
17440906,NNTC_WIRELESS__LLC,CO,85,080859661001053
17440907,NNTC_WIRELESS__LLC,CO,85,080859661001054
17440908,NNTC_WIRELESS__LLC,CO,85,080859661001055
17440909,NNTC_WIRELESS__LLC,CO,85,080859661001056
17440910,NNTC_WIRELESS__LLC,CO,85,080859661001057
17440911,NNTC_WIRELESS__LLC,CO,85,080859661001058
17440912,NNTC_WIRELESS__LLC,CO,85,080859661001059
17440913,NNTC_WIRELESS__LLC,CO,85,080859661001060
17440914,NNTC_WIRELESS__LLC,CO,85,080859661001061
17440915,NNTC_WIRELESS__LLC,CO,85,080859661001062
17440916,NNTC_WIRELESS__LLC,CO,85,080859661001063
17440917,NNTC_WIRELESS__LLC,CO,85,080859661001064
17440918,NNTC_WIRELESS__LLC,CO,85,080859661001065
17440919,NNTC_WIRELESS__LLC,CO,85,080859661001066
17440920,NNTC_WIRELESS__LLC,CO,85,080859661001067
17440921,NNTC_WIRELESS__LLC,CO,85,080859661001068
17440922,NNTC_WIRELESS__LLC,CO,85,080859661001069
17440923,NNTC_WIRELESS__LLC,CO,85,080859661001070
17440924,NNTC_WIRELESS__LLC,CO,85,080859661001071
17440925,NNTC_WIRELESS__LLC,CO,85,080859661001072
17440926,NNTC_WIRELESS__LLC,CO,85,080859661001073
17440927,NNTC_WIRELESS__LLC,CO,85,080859661001074
17440928,NNTC_WIRELESS__LLC,CO,85,080859661001075
17440929,NNTC_WIRELESS__LLC,CO,85,080859661001076
17440930,NNTC_WIRELESS__LLC,CO,85,080859661001077
17440931,NNTC_WIRELESS__LLC,CO,85,080859661001078
17440932,NNTC_WIRELESS__LLC,CO,85,080859661001079
17440933,NNTC_WIRELESS__LLC,CO,85,080859661001080
17440934,NNTC_WIRELESS__LLC,CO,85,080859661001081
17440935,NNTC_WIRELESS__LLC,CO,85,080859661001082
17440936,NNTC_WIRELESS__LLC,CO,85,080859661001083
17440937,NNTC_WIRELESS__LLC,CO,85,080859661001084
17440938,NNTC_WIRELESS__LLC,CO,85,080859661001085
17440939,NNTC_WIRELESS__LLC,CO,85,080859661001086
17440940,NNTC_WIRELESS__LLC,CO,85,080859661001087
17440941,NNTC_WIRELESS__LLC,CO,85,080859661001088
17440942,NNTC_WIRELESS__LLC,CO,85,080859661001089
17440943,NNTC_WIRELESS__LLC,CO,85,080859661001090
17440944,NNTC_WIRELESS__LLC,CO,85,080859661001091
17440945,NNTC_WIRELESS__LLC,CO,85,080859661001092
17440946,NNTC_WIRELESS__LLC,CO,85,080859661001093
17440947,NNTC_WIRELESS__LLC,CO,85,080859661001094
17440948,NNTC_WIRELESS__LLC,CO,85,080859661001095
17440949,NNTC_WIRELESS__LLC,CO,85,080859661001096
17440950,NNTC_WIRELESS__LLC,CO,85,080859661001097
17440951,NNTC_WIRELESS__LLC,CO,85,080859661001098
17440952,NNTC_WIRELESS__LLC,CO,85,080859661001099
17440953,NNTC_WIRELESS__LLC,CO,85,080859661001100
17440954,NNTC_WIRELESS__LLC,CO,85,080859661001101
17440955,NNTC_WIRELESS__LLC,CO,85,080859661001102
17440956,NNTC_WIRELESS__LLC,CO,85,080859661001103
17440957,NNTC_WIRELESS__LLC,CO,85,080859661001104
17440958,NNTC_WIRELESS__LLC,CO,85,080859661001105
17440959,NNTC_WIRELESS__LLC,CO,85,080859661001106
17440960,NNTC_WIRELESS__LLC,CO,85,080859661001107
17440961,NNTC_WIRELESS__LLC,CO,85,080859661001108
17440962,NNTC_WIRELESS__LLC,CO,85,080859661001109
17440963,NNTC_WIRELESS__LLC,CO,85,080859661001110
17440964,NNTC_WIRELESS__LLC,CO,85,080859661001111
17440965,NNTC_WIRELESS__LLC,CO,85,080859661001112
17440966,NNTC_WIRELESS__LLC,CO,85,080859661001113
17440967,NNTC_WIRELESS__LLC,CO,85,080859661001114
17440968,NNTC_WIRELESS__LLC,CO,85,080859661001115
17440969,NNTC_WIRELESS__LLC,CO,85,080859661001116
17440970,NNTC_WIRELESS__LLC,CO,85,080859661001117
17440971,NNTC_WIRELESS__LLC,CO,85,080859661001118
17440972,NNTC_WIRELESS__LLC,CO,85,080859661001119
17440973,NNTC_WIRELESS__LLC,CO,85,080859661001120
17440974,NNTC_WIRELESS__LLC,CO,85,080859661001121
17440975,NNTC_WIRELESS__LLC,CO,85,080859661001123
17440976,NNTC_WIRELESS__LLC,CO,85,080859661001124
17440977,NNTC_WIRELESS__LLC,CO,85,080859661001125
17440978,NNTC_WIRELESS__LLC,CO,85,080859661001126
17440979,NNTC_WIRELESS__LLC,CO,85,080859661001127
17440980,NNTC_WIRELESS__LLC,CO,85,080859661001128
17440981,NNTC_WIRELESS__LLC,CO,85,080859661001129
17440982,NNTC_WIRELESS__LLC,CO,85,080859661001130
17440983,NNTC_WIRELESS__LLC,CO,85,080859661001131
17440984,NNTC_WIRELESS__LLC,CO,85,080859661001132
17440985,NNTC_WIRELESS__LLC,CO,85,080859661001133
17440986,NNTC_WIRELESS__LLC,CO,85,080859661001134
17440987,NNTC_WIRELESS__LLC,CO,85,080859661001135
17440988,NNTC_WIRELESS__LLC,CO,85,080859661001136
17440989,NNTC_WIRELESS__LLC,CO,85,080859661001137
17440990,NNTC_WIRELESS__LLC,CO,85,080859661001138
17440991,NNTC_WIRELESS__LLC,CO,85,080859661001139
17440992,NNTC_WIRELESS__LLC,CO,85,080859661001140
17440993,NNTC_WIRELESS__LLC,CO,85,080859661001141
17440994,NNTC_WIRELESS__LLC,CO,85,080859661001142
17440995,NNTC_WIRELESS__LLC,CO,85,080859661001143
17440996,NNTC_WIRELESS__LLC,CO,85,080859661001144
17440997,NNTC_WIRELESS__LLC,CO,85,080859661001145
17440998,NNTC_WIRELESS__LLC,CO,85,080859661001146
17440999,NNTC_WIRELESS__LLC,CO,85,080859661001147
17441000,NNTC_WIRELESS__LLC,CO,85,080859661001148
17441001,NNTC_WIRELESS__LLC,CO,85,080859661001149
17441002,NNTC_WIRELESS__LLC,CO,85,080859661001150
17441003,NNTC_WIRELESS__LLC,CO,85,080859661001151
17441004,NNTC_WIRELESS__LLC,CO,85,080859661001152
17441005,NNTC_WIRELESS__LLC,CO,85,080859661001153
17441006,NNTC_WIRELESS__LLC,CO,85,080859661001154
17441007,NNTC_WIRELESS__LLC,CO,85,080859661001155
17441008,NNTC_WIRELESS__LLC,CO,85,080859661001156
17441009,NNTC_WIRELESS__LLC,CO,85,080859661001157
17441010,NNTC_WIRELESS__LLC,CO,85,080859661001158
17441011,NNTC_WIRELESS__LLC,CO,85,080859661001159
17441012,NNTC_WIRELESS__LLC,CO,85,080859661001160
17441013,NNTC_WIRELESS__LLC,CO,85,080859661001161
17441014,NNTC_WIRELESS__LLC,CO,85,080859661001162
17441015,NNTC_WIRELESS__LLC,CO,85,080859661001163
17441016,NNTC_WIRELESS__LLC,CO,85,080859661001164
17441017,NNTC_WIRELESS__LLC,CO,85,080859661001165
17441018,NNTC_WIRELESS__LLC,CO,85,080859661001166
17441019,NNTC_WIRELESS__LLC,CO,85,080859661001167
17441020,NNTC_WIRELESS__LLC,CO,85,080859661001168
17441021,NNTC_WIRELESS__LLC,CO,85,080859661001169
17441022,NNTC_WIRELESS__LLC,CO,85,080859661001170
17441023,NNTC_WIRELESS__LLC,CO,85,080859661001171
17441024,NNTC_WIRELESS__LLC,CO,85,080859661001172
17441025,NNTC_WIRELESS__LLC,CO,85,080859661001173
17441026,NNTC_WIRELESS__LLC,CO,85,080859661001174
17441027,NNTC_WIRELESS__LLC,CO,85,080859661001175
17441028,NNTC_WIRELESS__LLC,CO,85,080859661001176
17441029,NNTC_WIRELESS__LLC,CO,85,080859661001177
17441030,NNTC_WIRELESS__LLC,CO,85,080859661002000
17441031,NNTC_WIRELESS__LLC,CO,85,080859661002001
17441032,NNTC_WIRELESS__LLC,CO,85,080859661002002
17441033,NNTC_WIRELESS__LLC,CO,85,080859661002003
17441034,NNTC_WIRELESS__LLC,CO,85,080859661002004
17441035,NNTC_WIRELESS__LLC,CO,85,080859661002005
17441036,NNTC_WIRELESS__LLC,CO,85,080859661002006
17441037,NNTC_WIRELESS__LLC,CO,85,080859661002007
17441038,NNTC_WIRELESS__LLC,CO,85,080859661002008
17441039,NNTC_WIRELESS__LLC,CO,85,080859661002009
17441040,NNTC_WIRELESS__LLC,CO,85,080859661002010
17441041,NNTC_WIRELESS__LLC,CO,85,080859661002011
17441042,NNTC_WIRELESS__LLC,CO,85,080859661002012
17441043,NNTC_WIRELESS__LLC,CO,85,080859661002013
17441044,NNTC_WIRELESS__LLC,CO,85,080859661002014
17441045,NNTC_WIRELESS__LLC,CO,85,080859661002015
17441046,NNTC_WIRELESS__LLC,CO,85,080859661002016
17441047,NNTC_WIRELESS__LLC,CO,85,080859661002017
17441048,NNTC_WIRELESS__LLC,CO,85,080859661002018
17441049,NNTC_WIRELESS__LLC,CO,85,080859661002019
17441050,NNTC_WIRELESS__LLC,CO,85,080859661002020
17441051,NNTC_WIRELESS__LLC,CO,85,080859661002021
17441052,NNTC_WIRELESS__LLC,CO,85,080859661002022
17441053,NNTC_WIRELESS__LLC,CO,85,080859661002023
17441054,NNTC_WIRELESS__LLC,CO,85,080859661002024
17441055,NNTC_WIRELESS__LLC,CO,85,080859661002025
17441056,NNTC_WIRELESS__LLC,CO,85,080859661002026
17441057,NNTC_WIRELESS__LLC,CO,85,080859661002027
17441058,NNTC_WIRELESS__LLC,CO,85,080859661002028
17441059,NNTC_WIRELESS__LLC,CO,85,080859661002029
17441060,NNTC_WIRELESS__LLC,CO,85,080859661002030
17441061,NNTC_WIRELESS__LLC,CO,85,080859661002031
17441062,NNTC_WIRELESS__LLC,CO,85,080859661002032
17441063,NNTC_WIRELESS__LLC,CO,85,080859661002033
17441064,NNTC_WIRELESS__LLC,CO,85,080859661002034
17441065,NNTC_WIRELESS__LLC,CO,85,080859661002035
17441066,NNTC_WIRELESS__LLC,CO,85,080859661002036
17441067,NNTC_WIRELESS__LLC,CO,85,080859661002037
17441068,NNTC_WIRELESS__LLC,CO,85,080859661002038
17441069,NNTC_WIRELESS__LLC,CO,85,080859661002039
17441070,NNTC_WIRELESS__LLC,CO,85,080859661002040
17441071,NNTC_WIRELESS__LLC,CO,85,080859661002041
17441072,NNTC_WIRELESS__LLC,CO,85,080859661002042
17441073,NNTC_WIRELESS__LLC,CO,85,080859661002043
17441074,NNTC_WIRELESS__LLC,CO,85,080859661002044
17441075,NNTC_WIRELESS__LLC,CO,85,080859661002045
17441076,NNTC_WIRELESS__LLC,CO,85,080859661002046
17441077,NNTC_WIRELESS__LLC,CO,85,080859661002047
17441078,NNTC_WIRELESS__LLC,CO,85,080859661002048
17441079,NNTC_WIRELESS__LLC,CO,85,080859661002049
17441080,NNTC_WIRELESS__LLC,CO,85,080859661002050
17441081,NNTC_WIRELESS__LLC,CO,85,080859661002051
17441082,NNTC_WIRELESS__LLC,CO,85,080859661002052
17441083,NNTC_WIRELESS__LLC,CO,85,080859661002053
17441084,NNTC_WIRELESS__LLC,CO,85,080859661002054
17441085,NNTC_WIRELESS__LLC,CO,85,080859661002055
17441086,NNTC_WIRELESS__LLC,CO,85,080859661002056
17441087,NNTC_WIRELESS__LLC,CO,85,080859661002057
17441088,NNTC_WIRELESS__LLC,CO,85,080859661002058
17441089,NNTC_WIRELESS__LLC,CO,85,080859661002059
17441090,NNTC_WIRELESS__LLC,CO,85,080859661002060
17441091,NNTC_WIRELESS__LLC,CO,85,080859661002061
17441092,NNTC_WIRELESS__LLC,CO,85,080859661002062
17441093,NNTC_WIRELESS__LLC,CO,85,080859661002063
17441094,NNTC_WIRELESS__LLC,CO,85,080859661002064
17441095,NNTC_WIRELESS__LLC,CO,85,080859661002065
17441096,NNTC_WIRELESS__LLC,CO,85,080859661002066
17441097,NNTC_WIRELESS__LLC,CO,85,080859661002067
17441098,NNTC_WIRELESS__LLC,CO,85,080859661002068
17441099,NNTC_WIRELESS__LLC,CO,85,080859661002069
17441100,NNTC_WIRELESS__LLC,CO,85,080859661002070
17441101,NNTC_WIRELESS__LLC,CO,85,080859661002071
17441102,NNTC_WIRELESS__LLC,CO,85,080859661002072
17441103,NNTC_WIRELESS__LLC,CO,85,080859661002073
17441104,NNTC_WIRELESS__LLC,CO,85,080859661002074
17441105,NNTC_WIRELESS__LLC,CO,85,080859661002075
17441106,NNTC_WIRELESS__LLC,CO,85,080859661002076
17441107,NNTC_WIRELESS__LLC,CO,85,080859661002077
17441108,NNTC_WIRELESS__LLC,CO,85,080859661002078
17441109,NNTC_WIRELESS__LLC,CO,85,080859661002079
17441110,NNTC_WIRELESS__LLC,CO,85,080859661002080
17441111,NNTC_WIRELESS__LLC,CO,85,080859661002081
17441112,NNTC_WIRELESS__LLC,CO,85,080859661002082
17441113,NNTC_WIRELESS__LLC,CO,85,080859661002083
17441114,NNTC_WIRELESS__LLC,CO,85,080859661002084
17441115,NNTC_WIRELESS__LLC,CO,85,080859661002085
17441116,NNTC_WIRELESS__LLC,CO,85,080859661002086
17441117,NNTC_WIRELESS__LLC,CO,85,080859661002087
17441118,NNTC_WIRELESS__LLC,CO,85,080859661002088
17441119,NNTC_WIRELESS__LLC,CO,85,080859661002089
17441120,NNTC_WIRELESS__LLC,CO,85,080859661002090
17441121,NNTC_WIRELESS__LLC,CO,85,080859661002091
17441122,NNTC_WIRELESS__LLC,CO,85,080859661002092
17441123,NNTC_WIRELESS__LLC,CO,85,080859661002093
17441124,NNTC_WIRELESS__LLC,CO,85,080859661002094
17441125,NNTC_WIRELESS__LLC,CO,85,080859661002095
17441126,NNTC_WIRELESS__LLC,CO,85,080859661002096
17441127,NNTC_WIRELESS__LLC,CO,85,080859661002097
17441128,NNTC_WIRELESS__LLC,CO,85,080859661002098
17441129,NNTC_WIRELESS__LLC,CO,85,080859661002099
17441130,NNTC_WIRELESS__LLC,CO,85,080859661002100
17441131,NNTC_WIRELESS__LLC,CO,85,080859661002101
17441132,NNTC_WIRELESS__LLC,CO,85,080859661002102
17441133,NNTC_WIRELESS__LLC,CO,85,080859661002103
17441134,NNTC_WIRELESS__LLC,CO,85,080859661002104
17441135,NNTC_WIRELESS__LLC,CO,85,080859661002105
17441136,NNTC_WIRELESS__LLC,CO,85,080859661002106
17441137,NNTC_WIRELESS__LLC,CO,85,080859661002107
17441138,NNTC_WIRELESS__LLC,CO,85,080859661002108
17441139,NNTC_WIRELESS__LLC,CO,85,080859661002109
17441140,NNTC_WIRELESS__LLC,CO,85,080859661002110
17441141,NNTC_WIRELESS__LLC,CO,85,080859661002111
17441142,NNTC_WIRELESS__LLC,CO,85,080859661002112
17441143,NNTC_WIRELESS__LLC,CO,85,080859661002113
17441144,NNTC_WIRELESS__LLC,CO,85,080859661002114
17441145,NNTC_WIRELESS__LLC,CO,85,080859661002115
17441146,NNTC_WIRELESS__LLC,CO,85,080859661002116
17441147,NNTC_WIRELESS__LLC,CO,85,080859661002117
17441148,NNTC_WIRELESS__LLC,CO,85,080859661002118
17441149,NNTC_WIRELESS__LLC,CO,85,080859661002119
17441150,NNTC_WIRELESS__LLC,CO,85,080859661002120
17441151,NNTC_WIRELESS__LLC,CO,85,080859661002121
17441152,NNTC_WIRELESS__LLC,CO,85,080859661002122
17441153,NNTC_WIRELESS__LLC,CO,85,080859661002123
17441154,NNTC_WIRELESS__LLC,CO,85,080859661002126
17441155,NNTC_WIRELESS__LLC,CO,85,080859661002129
17441156,NNTC_WIRELESS__LLC,CO,85,080859661002130
17441157,NNTC_WIRELESS__LLC,CO,85,080859661002131
17441158,NNTC_WIRELESS__LLC,CO,85,080859661002132
17441159,NNTC_WIRELESS__LLC,CO,85,080859661002133
17441160,NNTC_WIRELESS__LLC,CO,85,080859661002134
17441161,NNTC_WIRELESS__LLC,CO,85,080859661002135
17441162,NNTC_WIRELESS__LLC,CO,85,080859661002136
17441163,NNTC_WIRELESS__LLC,CO,85,080859661002137
17441164,NNTC_WIRELESS__LLC,CO,85,080859661002138
17441165,NNTC_WIRELESS__LLC,CO,85,080859661002139
17441166,NNTC_WIRELESS__LLC,CO,85,080859661002140
17441167,NNTC_WIRELESS__LLC,CO,85,080859661002141
17441168,NNTC_WIRELESS__LLC,CO,85,080859661002142
17441169,NNTC_WIRELESS__LLC,CO,85,080859661002143
17441170,NNTC_WIRELESS__LLC,CO,85,080859661002144
17441171,NNTC_WIRELESS__LLC,CO,85,080859661002145
17441172,NNTC_WIRELESS__LLC,CO,85,080859661002146
17441173,NNTC_WIRELESS__LLC,CO,85,080859661002147
17441174,NNTC_WIRELESS__LLC,CO,85,080859661002148
17441175,NNTC_WIRELESS__LLC,CO,85,080859661002149
17441176,NNTC_WIRELESS__LLC,CO,85,080859661002150
17441177,NNTC_WIRELESS__LLC,CO,85,080859661002151
17441178,NNTC_WIRELESS__LLC,CO,85,080859661002152
17441179,NNTC_WIRELESS__LLC,CO,85,080859661002153
17441180,NNTC_WIRELESS__LLC,CO,85,080859661002154
17441181,NNTC_WIRELESS__LLC,CO,85,080859661002155
17441182,NNTC_WIRELESS__LLC,CO,85,080859661002156
17441183,NNTC_WIRELESS__LLC,CO,85,080859661002157
17441184,NNTC_WIRELESS__LLC,CO,85,080859661002158
17441185,NNTC_WIRELESS__LLC,CO,85,080859661002159
17441186,NNTC_WIRELESS__LLC,CO,85,080859661002160
17441187,NNTC_WIRELESS__LLC,CO,85,080859661002161
17441188,NNTC_WIRELESS__LLC,CO,85,080859661002162
17441189,NNTC_WIRELESS__LLC,CO,85,080859661002163
17441190,NNTC_WIRELESS__LLC,CO,85,080859661002164
17441191,NNTC_WIRELESS__LLC,CO,85,080859661002165
17441192,NNTC_WIRELESS__LLC,CO,85,080859661002166
17441193,NNTC_WIRELESS__LLC,CO,85,080859661002167
17441194,NNTC_WIRELESS__LLC,CO,85,080859661002168
17441195,NNTC_WIRELESS__LLC,CO,85,080859661002169
17441196,NNTC_WIRELESS__LLC,CO,85,080859661002170
17441197,NNTC_WIRELESS__LLC,CO,85,080859661002171
17441198,NNTC_WIRELESS__LLC,CO,85,080859661002172
17441199,NNTC_WIRELESS__LLC,CO,85,080859661002173
17441200,NNTC_WIRELESS__LLC,CO,85,080859661002174
17441201,NNTC_WIRELESS__LLC,CO,85,080859661002175
17441202,NNTC_WIRELESS__LLC,CO,85,080859661002176
17441203,NNTC_WIRELESS__LLC,CO,85,080859661002177
17441204,NNTC_WIRELESS__LLC,CO,85,080859661002178
17441205,NNTC_WIRELESS__LLC,CO,85,080859661002179
17441206,NNTC_WIRELESS__LLC,CO,85,080859661002180
17441207,NNTC_WIRELESS__LLC,CO,85,080859661002181
17441208,NNTC_WIRELESS__LLC,CO,85,080859661002182
17441209,NNTC_WIRELESS__LLC,CO,85,080859661002183
17441210,NNTC_WIRELESS__LLC,CO,85,080859661002184
17441211,NNTC_WIRELESS__LLC,CO,85,080859661002185
17441212,NNTC_WIRELESS__LLC,CO,85,080859661002186
17441213,NNTC_WIRELESS__LLC,CO,85,080859661002187
17441214,NNTC_WIRELESS__LLC,CO,85,080859661002188
17441215,NNTC_WIRELESS__LLC,CO,85,080859661002189
17441216,NNTC_WIRELESS__LLC,CO,85,080859661002190
17441217,NNTC_WIRELESS__LLC,CO,85,080859661002191
17441218,NNTC_WIRELESS__LLC,CO,85,080859661002192
17441219,NNTC_WIRELESS__LLC,CO,85,080859661002193
17441220,NNTC_WIRELESS__LLC,CO,85,080859661002194
17441221,NNTC_WIRELESS__LLC,CO,85,080859661002195
17441222,NNTC_WIRELESS__LLC,CO,85,080859661002196
17441223,NNTC_WIRELESS__LLC,CO,85,080859661002197
17441224,NNTC_WIRELESS__LLC,CO,85,080859661002198
17441225,NNTC_WIRELESS__LLC,CO,85,080859661002199
17441226,NNTC_WIRELESS__LLC,CO,85,080859661002200
17441227,NNTC_WIRELESS__LLC,CO,85,080859661002201
17441228,NNTC_WIRELESS__LLC,CO,85,080859661002202
17441229,NNTC_WIRELESS__LLC,CO,85,080859661002203
17441230,NNTC_WIRELESS__LLC,CO,85,080859661002204
17441231,NNTC_WIRELESS__LLC,CO,85,080859661002205
17441232,NNTC_WIRELESS__LLC,CO,85,080859661002206
17441233,NNTC_WIRELESS__LLC,CO,85,080859661002207
17441234,NNTC_WIRELESS__LLC,CO,85,080859661002208
17441235,NNTC_WIRELESS__LLC,CO,85,080859661002209
17441236,NNTC_WIRELESS__LLC,CO,85,080859661002210
17441237,NNTC_WIRELESS__LLC,CO,85,080859661002211
17441238,NNTC_WIRELESS__LLC,CO,85,080859661002212
17441239,NNTC_WIRELESS__LLC,CO,85,080859661002213
17441240,NNTC_WIRELESS__LLC,CO,85,080859661002214
17441241,NNTC_WIRELESS__LLC,CO,85,080859661002215
17441242,NNTC_WIRELESS__LLC,CO,85,080859661002216
17441243,NNTC_WIRELESS__LLC,CO,85,080859661002217
17441244,NNTC_WIRELESS__LLC,CO,85,080859661002218
17441245,NNTC_WIRELESS__LLC,CO,85,080859661002219
17441246,NNTC_WIRELESS__LLC,CO,85,080859661002220
17441247,NNTC_WIRELESS__LLC,CO,85,080859661002221
17441248,NNTC_WIRELESS__LLC,CO,85,080859661002222
17441249,NNTC_WIRELESS__LLC,CO,85,080859661002223
17441250,NNTC_WIRELESS__LLC,CO,85,080859661002224
17441251,NNTC_WIRELESS__LLC,CO,85,080859661002225
17441252,NNTC_WIRELESS__LLC,CO,85,080859661002226
17441253,NNTC_WIRELESS__LLC,CO,85,080859661002227
17441254,NNTC_WIRELESS__LLC,CO,85,080859661002228
17441255,NNTC_WIRELESS__LLC,CO,85,080859661002229
17441256,NNTC_WIRELESS__LLC,CO,85,080859661002230
17441257,NNTC_WIRELESS__LLC,CO,85,080859661002231
17441258,NNTC_WIRELESS__LLC,CO,85,080859661002232
17441259,NNTC_WIRELESS__LLC,CO,85,080859661002233
17441260,NNTC_WIRELESS__LLC,CO,85,080859661002234
17441261,NNTC_WIRELESS__LLC,CO,85,080859661002235
17441262,NNTC_WIRELESS__LLC,CO,85,080859661002236
17441263,NNTC_WIRELESS__LLC,CO,85,080859661002237
17441264,NNTC_WIRELESS__LLC,CO,85,080859661002238
17441265,NNTC_WIRELESS__LLC,CO,85,080859661002239
17441266,NNTC_WIRELESS__LLC,CO,85,080859661002240
17441267,NNTC_WIRELESS__LLC,CO,85,080859661002241
17441268,NNTC_WIRELESS__LLC,CO,85,080859661002242
17441269,NNTC_WIRELESS__LLC,CO,85,080859661002243
17441270,NNTC_WIRELESS__LLC,CO,85,080859661002244
17441271,NNTC_WIRELESS__LLC,CO,85,080859661002245
17441272,NNTC_WIRELESS__LLC,CO,85,080859661002246
17441273,NNTC_WIRELESS__LLC,CO,85,080859661002247
17441274,NNTC_WIRELESS__LLC,CO,85,080859661002248
17441275,NNTC_WIRELESS__LLC,CO,85,080859661002249
17441276,NNTC_WIRELESS__LLC,CO,85,080859661002250
17441277,NNTC_WIRELESS__LLC,CO,85,080859661002251
17441278,NNTC_WIRELESS__LLC,CO,85,080859661002252
17441279,NNTC_WIRELESS__LLC,CO,85,080859661002253
17441280,NNTC_WIRELESS__LLC,CO,85,080859661002254
17441281,NNTC_WIRELESS__LLC,CO,85,080859661002255
17441282,NNTC_WIRELESS__LLC,CO,85,080859661002256
17441283,NNTC_WIRELESS__LLC,CO,85,080859661002257
17441284,NNTC_WIRELESS__LLC,CO,85,080859661002258
17441285,NNTC_WIRELESS__LLC,CO,85,080859661002259
17441286,NNTC_WIRELESS__LLC,CO,85,080859661002260
17441287,NNTC_WIRELESS__LLC,CO,85,080859661002261
17441288,NNTC_WIRELESS__LLC,CO,85,080859661002262
17441289,NNTC_WIRELESS__LLC,CO,85,080859661002263
17441290,NNTC_WIRELESS__LLC,CO,85,080859661002264
17441291,NNTC_WIRELESS__LLC,CO,85,080859661002265
17441292,NNTC_WIRELESS__LLC,CO,85,080859661002266
17441293,NNTC_WIRELESS__LLC,CO,85,080859661002267
17441294,NNTC_WIRELESS__LLC,CO,85,080859661002268
17441295,NNTC_WIRELESS__LLC,CO,85,080859661002269
17441296,NNTC_WIRELESS__LLC,CO,85,080859661002270
17441297,NNTC_WIRELESS__LLC,CO,85,080859661002271
17441298,NNTC_WIRELESS__LLC,CO,85,080859661002272
17441299,NNTC_WIRELESS__LLC,CO,85,080859661002273
17441300,NNTC_WIRELESS__LLC,CO,85,080859661002274
17441301,NNTC_WIRELESS__LLC,CO,85,080859661002275
17441302,NNTC_WIRELESS__LLC,CO,85,080859661002276
17441303,NNTC_WIRELESS__LLC,CO,85,080859661002277
17441304,NNTC_WIRELESS__LLC,CO,85,080859661002278
17441305,NNTC_WIRELESS__LLC,CO,85,080859661002279
17441306,NNTC_WIRELESS__LLC,CO,85,080859661002280
17441307,NNTC_WIRELESS__LLC,CO,85,080859661002281
17441308,NNTC_WIRELESS__LLC,CO,85,080859661002282
17441309,NNTC_WIRELESS__LLC,CO,85,080859661002283
17441310,NNTC_WIRELESS__LLC,CO,85,080859661002284
17441311,NNTC_WIRELESS__LLC,CO,85,080859661002285
17441312,NNTC_WIRELESS__LLC,CO,85,080859661002286
17441313,NNTC_WIRELESS__LLC,CO,85,080859661002287
17441314,NNTC_WIRELESS__LLC,CO,85,080859661002288
17441315,NNTC_WIRELESS__LLC,CO,85,080859661002289
17441316,NNTC_WIRELESS__LLC,CO,85,080859661002290
17441317,NNTC_WIRELESS__LLC,CO,85,080859661002291
17441318,NNTC_WIRELESS__LLC,CO,85,080859661002292
17441319,NNTC_WIRELESS__LLC,CO,85,080859661002293
17441320,NNTC_WIRELESS__LLC,CO,85,080859661002294
17441321,NNTC_WIRELESS__LLC,CO,85,080859661002296
17441322,NNTC_WIRELESS__LLC,CO,85,080859661002297
17441323,NNTC_WIRELESS__LLC,CO,85,080859661002298
17441324,NNTC_WIRELESS__LLC,CO,85,080859661002299
17441325,NNTC_WIRELESS__LLC,CO,85,080859661002300
17441326,NNTC_WIRELESS__LLC,CO,85,080859661002301
17441327,NNTC_WIRELESS__LLC,CO,85,080859661002302
17441328,NNTC_WIRELESS__LLC,CO,85,080859661002303
17441329,NNTC_WIRELESS__LLC,CO,85,080859661002304
17441330,NNTC_WIRELESS__LLC,CO,85,080859661002305
17441331,NNTC_WIRELESS__LLC,CO,85,080859661002306
17441332,NNTC_WIRELESS__LLC,CO,85,080859661002307
17441333,NNTC_WIRELESS__LLC,CO,85,080859661003009
17441334,NNTC_WIRELESS__LLC,CO,85,080859661003014
17441335,NNTC_WIRELESS__LLC,CO,85,080859661003015
17441336,NNTC_WIRELESS__LLC,CO,85,080859661003016
17441337,NNTC_WIRELESS__LLC,CO,85,080859661003017
17441338,NNTC_WIRELESS__LLC,CO,85,080859661003018
17441339,NNTC_WIRELESS__LLC,CO,85,080859661003019
17441340,NNTC_WIRELESS__LLC,CO,85,080859661003020
17441341,NNTC_WIRELESS__LLC,CO,85,080859661003021
17441342,NNTC_WIRELESS__LLC,CO,85,080859661003022
17441343,NNTC_WIRELESS__LLC,CO,85,080859661003023
17441344,NNTC_WIRELESS__LLC,CO,85,080859661003024
17441345,NNTC_WIRELESS__LLC,CO,85,080859661003025
17441346,NNTC_WIRELESS__LLC,CO,85,080859661003026
17441347,NNTC_WIRELESS__LLC,CO,85,080859661003027
17441348,NNTC_WIRELESS__LLC,CO,85,080859661003028
17441349,NNTC_WIRELESS__LLC,CO,85,080859661003029
17441350,NNTC_WIRELESS__LLC,CO,85,080859661003030
17441351,NNTC_WIRELESS__LLC,CO,85,080859661003031
17441352,NNTC_WIRELESS__LLC,CO,85,080859661003032
17441353,NNTC_WIRELESS__LLC,CO,85,080859661003033
17441354,NNTC_WIRELESS__LLC,CO,85,080859661003034
17441355,NNTC_WIRELESS__LLC,CO,85,080859661003035
17441356,NNTC_WIRELESS__LLC,CO,85,080859661003036
17441357,NNTC_WIRELESS__LLC,CO,85,080859661003037
17441358,NNTC_WIRELESS__LLC,CO,85,080859661003038
17441359,NNTC_WIRELESS__LLC,CO,85,080859661003039
17441360,NNTC_WIRELESS__LLC,CO,85,080859661003040
17441361,NNTC_WIRELESS__LLC,CO,85,080859661003041
17441362,NNTC_WIRELESS__LLC,CO,85,080859661003042
17441363,NNTC_WIRELESS__LLC,CO,85,080859661003043
17441364,NNTC_WIRELESS__LLC,CO,85,080859661003044
17441365,NNTC_WIRELESS__LLC,CO,85,080859661003045
17441366,NNTC_WIRELESS__LLC,CO,85,080859661003046
17441367,NNTC_WIRELESS__LLC,CO,85,080859661003047
17441368,NNTC_WIRELESS__LLC,CO,85,080859661003048
17441369,NNTC_WIRELESS__LLC,CO,85,080859661003049
17441370,NNTC_WIRELESS__LLC,CO,85,080859661003050
17441371,NNTC_WIRELESS__LLC,CO,85,080859661003051
17441372,NNTC_WIRELESS__LLC,CO,85,080859661003052
17441373,NNTC_WIRELESS__LLC,CO,85,080859661003053
17441374,NNTC_WIRELESS__LLC,CO,85,080859661003054
17441375,NNTC_WIRELESS__LLC,CO,85,080859661003055
17441376,NNTC_WIRELESS__LLC,CO,85,080859661003056
17441377,NNTC_WIRELESS__LLC,CO,85,080859661003057
17441378,NNTC_WIRELESS__LLC,CO,85,080859661003058
17441379,NNTC_WIRELESS__LLC,CO,85,080859661003059
17441380,NNTC_WIRELESS__LLC,CO,85,080859661003060
17441381,NNTC_WIRELESS__LLC,CO,85,080859661003061
17441382,NNTC_WIRELESS__LLC,CO,85,080859661003062
17441383,NNTC_WIRELESS__LLC,CO,85,080859661003063
17441384,NNTC_WIRELESS__LLC,CO,85,080859661003064
17441385,NNTC_WIRELESS__LLC,CO,85,080859661003065
17441386,NNTC_WIRELESS__LLC,CO,85,080859661003066
17441387,NNTC_WIRELESS__LLC,CO,85,080859661003067
17441388,NNTC_WIRELESS__LLC,CO,85,080859661003068
17441389,NNTC_WIRELESS__LLC,CO,85,080859661003069
17441390,NNTC_WIRELESS__LLC,CO,85,080859661003070
17441391,NNTC_WIRELESS__LLC,CO,85,080859661003071
17441392,NNTC_WIRELESS__LLC,CO,85,080859661003072
17441393,NNTC_WIRELESS__LLC,CO,85,080859661003073
17441394,NNTC_WIRELESS__LLC,CO,85,080859661003074
17441395,NNTC_WIRELESS__LLC,CO,85,080859661003075
17441396,NNTC_WIRELESS__LLC,CO,85,080859661003076
17441397,NNTC_WIRELESS__LLC,CO,85,080859661003079
17441398,NNTC_WIRELESS__LLC,CO,85,080859661003080
17441399,NNTC_WIRELESS__LLC,CO,85,080859661003081
17441400,NNTC_WIRELESS__LLC,CO,85,080859661003082
17441401,NNTC_WIRELESS__LLC,CO,85,080859661003083
17441402,NNTC_WIRELESS__LLC,CO,85,080859661003118
17441403,NNTC_WIRELESS__LLC,CO,85,080859661003119
17441404,NNTC_WIRELESS__LLC,CO,85,080859661003120
17441405,NNTC_WIRELESS__LLC,CO,85,080859661003121
17441406,NNTC_WIRELESS__LLC,CO,85,080859661003122
17441407,NNTC_WIRELESS__LLC,CO,85,080859661003123
17441408,NNTC_WIRELESS__LLC,CO,85,080859661003124
17441409,NNTC_WIRELESS__LLC,CO,85,080859661003125
17441410,NNTC_WIRELESS__LLC,CO,85,080859661003126
17441411,NNTC_WIRELESS__LLC,CO,85,080859661003127
17441412,NNTC_WIRELESS__LLC,CO,85,080859661003128
17441413,NNTC_WIRELESS__LLC,CO,85,080859661003129
17441414,NNTC_WIRELESS__LLC,CO,85,080859661003130
17441415,NNTC_WIRELESS__LLC,CO,85,080859661003131
17441416,NNTC_WIRELESS__LLC,CO,85,080859661003132
17441417,NNTC_WIRELESS__LLC,CO,85,080859661003133
17441418,NNTC_WIRELESS__LLC,CO,85,080859661003134
17441419,NNTC_WIRELESS__LLC,CO,85,080859661003135
17441420,NNTC_WIRELESS__LLC,CO,85,080859661003136
17441421,NNTC_WIRELESS__LLC,CO,85,080859661003137
17441422,NNTC_WIRELESS__LLC,CO,85,080859661003138
17441423,NNTC_WIRELESS__LLC,CO,85,080859661003139
17441424,NNTC_WIRELESS__LLC,CO,85,080859661003140
17441425,NNTC_WIRELESS__LLC,CO,85,080859661003141
17441426,NNTC_WIRELESS__LLC,CO,85,080859661003142
17441427,NNTC_WIRELESS__LLC,CO,85,080859661003143
17441428,NNTC_WIRELESS__LLC,CO,85,080859661003144
17441429,NNTC_WIRELESS__LLC,CO,85,080859661003145
17441430,NNTC_WIRELESS__LLC,CO,85,080859661003146
17441431,NNTC_WIRELESS__LLC,CO,85,080859661003147
17441432,NNTC_WIRELESS__LLC,CO,85,080859661003148
17441433,NNTC_WIRELESS__LLC,CO,85,080859661003149
17441434,NNTC_WIRELESS__LLC,CO,85,080859661003150
17441435,NNTC_WIRELESS__LLC,CO,85,080859661003151
17441436,NNTC_WIRELESS__LLC,CO,85,080859661003152
17441437,NNTC_WIRELESS__LLC,CO,85,080859661003153
17441438,NNTC_WIRELESS__LLC,CO,85,080859661003154
17441439,NNTC_WIRELESS__LLC,CO,85,080859661003155
17441440,NNTC_WIRELESS__LLC,CO,85,080859661003156
17441441,NNTC_WIRELESS__LLC,CO,85,080859661003157
17441442,NNTC_WIRELESS__LLC,CO,85,080859661003158
17441443,NNTC_WIRELESS__LLC,CO,85,080859661003159
17441444,NNTC_WIRELESS__LLC,CO,85,080859661003160
17441445,NNTC_WIRELESS__LLC,CO,85,080859661003162
17441446,NNTC_WIRELESS__LLC,CO,85,080859661003163
17441447,NNTC_WIRELESS__LLC,CO,85,080859661003164
17441448,NNTC_WIRELESS__LLC,CO,85,080859661003165
17441449,NNTC_WIRELESS__LLC,CO,85,080859661003166
17441450,NNTC_WIRELESS__LLC,CO,85,080859661003167
17441451,NNTC_WIRELESS__LLC,CO,85,080859661003168
17441452,NNTC_WIRELESS__LLC,CO,85,080859661003169
17441453,NNTC_WIRELESS__LLC,CO,85,080859661003170
17441454,NNTC_WIRELESS__LLC,CO,85,080859661003171
17441455,NNTC_WIRELESS__LLC,CO,85,080859662012157
17441456,NNTC_WIRELESS__LLC,CO,85,080859662012158
17441457,NNTC_WIRELESS__LLC,CO,85,080859662012159
17441458,NNTC_WIRELESS__LLC,CO,85,080859662012160
17441459,NNTC_WIRELESS__LLC,CO,85,080859662012161
17441460,NNTC_WIRELESS__LLC,CO,85,080859662012162
17441461,NNTC_WIRELESS__LLC,CO,85,080859662012163
17441462,NNTC_WIRELESS__LLC,CO,85,080859662012164
17441463,NNTC_WIRELESS__LLC,CO,85,080859662012165
17441464,NNTC_WIRELESS__LLC,CO,85,080859662012167
17441465,NNTC_WIRELESS__LLC,CO,85,080859662012168
17441466,NNTC_WIRELESS__LLC,CO,85,080859662012170
17441467,NNTC_WIRELESS__LLC,CO,85,080859662012173
17441468,NNTC_WIRELESS__LLC,CO,85,080859662012174
17441469,NNTC_WIRELESS__LLC,CO,85,080859662012175
17441470,NNTC_WIRELESS__LLC,CO,85,080859662012176
17441471,NNTC_WIRELESS__LLC,CO,85,080859662012177
17441472,NNTC_WIRELESS__LLC,CO,85,080859662012178
17441473,NNTC_WIRELESS__LLC,CO,85,080859662012179
17441474,NNTC_WIRELESS__LLC,CO,85,080859662012180
17441475,NNTC_WIRELESS__LLC,CO,85,080859662012181
17441476,NNTC_WIRELESS__LLC,CO,85,080859662012182
17441477,NNTC_WIRELESS__LLC,CO,85,080859662012183
17441478,NNTC_WIRELESS__LLC,CO,85,080859662012184
17441479,NNTC_WIRELESS__LLC,CO,85,080859662012185
17441480,NNTC_WIRELESS__LLC,CO,85,080859662012186
17441481,NNTC_WIRELESS__LLC,CO,85,080859662012187
17441482,NNTC_WIRELESS__LLC,CO,85,080859662012188
17441483,NNTC_WIRELESS__LLC,CO,85,080859662012189
17441484,NNTC_WIRELESS__LLC,CO,85,080859662012190
17441485,NNTC_WIRELESS__LLC,CO,85,080859662012191
17441486,NNTC_WIRELESS__LLC,CO,85,080859662012192
17441487,NNTC_WIRELESS__LLC,CO,85,080859662012193
17441488,NNTC_WIRELESS__LLC,CO,85,080859662012194
17441489,NNTC_WIRELESS__LLC,CO,85,080859662012195
17441490,NNTC_WIRELESS__LLC,CO,85,080859662012196
17441491,NNTC_WIRELESS__LLC,CO,85,080859662012197
17441492,NNTC_WIRELESS__LLC,CO,85,080859662012200
17441493,NNTC_WIRELESS__LLC,CO,85,081139682001007
17441494,NNTC_WIRELESS__LLC,CO,85,081139682001008
17441495,NNTC_WIRELESS__LLC,CO,85,081139682001010
17441496,NNTC_WIRELESS__LLC,CO,85,081139682001011
17441497,NNTC_WIRELESS__LLC,CO,85,081139682001012
17441498,NNTC_WIRELESS__LLC,CO,85,081139682001013
17441499,NNTC_WIRELESS__LLC,CO,85,081139682001014
17441500,NNTC_WIRELESS__LLC,CO,85,081139682001015
17441501,NNTC_WIRELESS__LLC,CO,85,081139682001016
17441502,NNTC_WIRELESS__LLC,CO,85,081139682001017
17441503,NNTC_WIRELESS__LLC,CO,85,081139682001018
17441504,NNTC_WIRELESS__LLC,CO,85,081139682001019
17441505,NNTC_WIRELESS__LLC,CO,85,081139682001020
17441506,NNTC_WIRELESS__LLC,CO,85,081139682001021
17441507,NNTC_WIRELESS__LLC,CO,85,081139682001022
17441508,NNTC_WIRELESS__LLC,CO,85,081139682001023
17441509,NNTC_WIRELESS__LLC,CO,85,081139682001024
17441510,NNTC_WIRELESS__LLC,CO,85,081139682001025
17441511,NNTC_WIRELESS__LLC,CO,85,081139682001026
17441512,NNTC_WIRELESS__LLC,CO,85,081139682001027
17441513,NNTC_WIRELESS__LLC,CO,85,081139682001028
17441514,NNTC_WIRELESS__LLC,CO,85,081139682001029
17441515,NNTC_WIRELESS__LLC,CO,85,081139682001030
17441516,NNTC_WIRELESS__LLC,CO,85,081139682001031
17441517,NNTC_WIRELESS__LLC,CO,85,081139682001032
17441518,NNTC_WIRELESS__LLC,CO,85,081139682001033
17441519,NNTC_WIRELESS__LLC,CO,85,081139682001034
17441520,NNTC_WIRELESS__LLC,CO,85,081139682001035
17441521,NNTC_WIRELESS__LLC,CO,85,081139682001036
17441522,NNTC_WIRELESS__LLC,CO,85,081139682001037
17441523,NNTC_WIRELESS__LLC,CO,85,081139682001038
17441524,NNTC_WIRELESS__LLC,CO,85,081139682001039
17441525,NNTC_WIRELESS__LLC,CO,85,081139682001040
17441526,NNTC_WIRELESS__LLC,CO,85,081139682001041
17441527,NNTC_WIRELESS__LLC,CO,85,081139682001042
17441528,NNTC_WIRELESS__LLC,CO,85,081139682001043
17441529,NNTC_WIRELESS__LLC,CO,85,081139682001044
17441530,NNTC_WIRELESS__LLC,CO,85,081139682001045
17441531,NNTC_WIRELESS__LLC,CO,85,081139682001046
17441532,NNTC_WIRELESS__LLC,CO,85,081139682001047
17441533,NNTC_WIRELESS__LLC,CO,85,081139682001048
17441534,NNTC_WIRELESS__LLC,CO,85,081139682001049
17441535,NNTC_WIRELESS__LLC,CO,85,081139682001050
17441536,NNTC_WIRELESS__LLC,CO,85,081139682001051
17441537,NNTC_WIRELESS__LLC,CO,85,081139682001052
17441538,NNTC_WIRELESS__LLC,CO,85,081139682001053
17441539,NNTC_WIRELESS__LLC,CO,85,081139682001054
17441540,NNTC_WIRELESS__LLC,CO,85,081139682001055
17441541,NNTC_WIRELESS__LLC,CO,85,081139682001056
17441542,NNTC_WIRELESS__LLC,CO,85,081139682001057
17441543,NNTC_WIRELESS__LLC,CO,85,081139682001058
17441544,NNTC_WIRELESS__LLC,CO,85,081139682001059
17441545,NNTC_WIRELESS__LLC,CO,85,081139682001060
17441546,NNTC_WIRELESS__LLC,CO,85,081139682001061
17441547,NNTC_WIRELESS__LLC,CO,85,081139682001062
17441548,NNTC_WIRELESS__LLC,CO,85,081139682001063
17441549,NNTC_WIRELESS__LLC,CO,85,081139682001064
17441550,NNTC_WIRELESS__LLC,CO,85,081139682001065
17441551,NNTC_WIRELESS__LLC,CO,85,081139682001066
17441552,NNTC_WIRELESS__LLC,CO,85,081139682001067
17441553,NNTC_WIRELESS__LLC,CO,85,081139682001068
17441554,NNTC_WIRELESS__LLC,CO,85,081139682001069
17441555,NNTC_WIRELESS__LLC,CO,85,081139682001070
17441556,NNTC_WIRELESS__LLC,CO,85,081139682001071
17441557,NNTC_WIRELESS__LLC,CO,85,081139682001072
17441558,NNTC_WIRELESS__LLC,CO,85,081139682001073
17441559,NNTC_WIRELESS__LLC,CO,85,081139682001074
17441560,NNTC_WIRELESS__LLC,CO,85,081139682001075
17441561,NNTC_WIRELESS__LLC,CO,85,081139682001076
17441562,NNTC_WIRELESS__LLC,CO,85,081139682001077
17441563,NNTC_WIRELESS__LLC,CO,85,081139682001078
17441564,NNTC_WIRELESS__LLC,CO,85,081139682001079
17441565,NNTC_WIRELESS__LLC,CO,85,081139682001080
17441566,NNTC_WIRELESS__LLC,CO,85,081139682001081
17441567,NNTC_WIRELESS__LLC,CO,85,081139682001082
17441568,NNTC_WIRELESS__LLC,CO,85,081139682001083
17441569,NNTC_WIRELESS__LLC,CO,85,081139682001084
17441570,NNTC_WIRELESS__LLC,CO,85,081139682001085
17441571,NNTC_WIRELESS__LLC,CO,85,081139682001086
17441572,NNTC_WIRELESS__LLC,CO,85,081139682001087
17441573,NNTC_WIRELESS__LLC,CO,85,081139682001088
17441574,NNTC_WIRELESS__LLC,CO,85,081139682001089
17441575,NNTC_WIRELESS__LLC,CO,85,081139682001090
17441576,NNTC_WIRELESS__LLC,CO,85,081139682001091
17441577,NNTC_WIRELESS__LLC,CO,85,081139682001092
17441578,NNTC_WIRELESS__LLC,CO,85,081139682001093
17441579,NNTC_WIRELESS__LLC,CO,85,081139682001094
17441580,NNTC_WIRELESS__LLC,CO,85,081139682001095
17441581,NNTC_WIRELESS__LLC,CO,85,081139682001096
17441582,NNTC_WIRELESS__LLC,CO,85,081139682001097
17441583,NNTC_WIRELESS__LLC,CO,85,081139682001098
17441584,NNTC_WIRELESS__LLC,CO,85,081139682001099
17441585,NNTC_WIRELESS__LLC,CO,85,081139682001100
17441586,NNTC_WIRELESS__LLC,CO,85,081139682001101
17441587,NNTC_WIRELESS__LLC,CO,85,081139682001102
17441588,NNTC_WIRELESS__LLC,CO,85,081139682001103
17441589,NNTC_WIRELESS__LLC,CO,85,081139682001104
17441590,NNTC_WIRELESS__LLC,CO,85,081139682001105
17441591,NNTC_WIRELESS__LLC,CO,85,081139682001106
17441592,NNTC_WIRELESS__LLC,CO,85,081139682001107
17441593,NNTC_WIRELESS__LLC,CO,85,081139682001108
17441594,NNTC_WIRELESS__LLC,CO,85,081139682001109
17441595,NNTC_WIRELESS__LLC,CO,85,081139682001110
17441596,NNTC_WIRELESS__LLC,CO,85,081139682001111
17441597,NNTC_WIRELESS__LLC,CO,85,081139682001112
17441598,NNTC_WIRELESS__LLC,CO,85,081139682001113
17441599,NNTC_WIRELESS__LLC,CO,85,081139682001114
17441600,NNTC_WIRELESS__LLC,CO,85,081139682001115
17441601,NNTC_WIRELESS__LLC,CO,85,081139682001116
17441602,NNTC_WIRELESS__LLC,CO,85,081139682001117
17441603,NNTC_WIRELESS__LLC,CO,85,081139682001118
17441604,NNTC_WIRELESS__LLC,CO,85,081139682001119
17441605,NNTC_WIRELESS__LLC,CO,85,081139682001120
17441606,NNTC_WIRELESS__LLC,CO,85,081139682001121
17441607,NNTC_WIRELESS__LLC,CO,85,081139682001122
17441608,NNTC_WIRELESS__LLC,CO,85,081139682001123
17441609,NNTC_WIRELESS__LLC,CO,85,081139682001124
17441610,NNTC_WIRELESS__LLC,CO,85,081139682001125
17441611,NNTC_WIRELESS__LLC,CO,85,081139682001126
17441612,NNTC_WIRELESS__LLC,CO,85,081139682001127
17441613,NNTC_WIRELESS__LLC,CO,85,081139682001128
17441614,NNTC_WIRELESS__LLC,CO,85,081139682001129
17441615,NNTC_WIRELESS__LLC,CO,85,081139682001130
17441616,NNTC_WIRELESS__LLC,CO,85,081139682001131
17441617,NNTC_WIRELESS__LLC,CO,85,081139682001132
17441618,NNTC_WIRELESS__LLC,CO,85,081139682001133
17441619,NNTC_WIRELESS__LLC,CO,85,081139682001134
17441620,NNTC_WIRELESS__LLC,CO,85,081139682001135
17441621,NNTC_WIRELESS__LLC,CO,85,081139682001136
17441622,NNTC_WIRELESS__LLC,CO,85,081139682001137
17441623,NNTC_WIRELESS__LLC,CO,85,081139682001138
17441624,NNTC_WIRELESS__LLC,CO,85,081139682001139
17441625,NNTC_WIRELESS__LLC,CO,85,081139682001140
17441626,NNTC_WIRELESS__LLC,CO,85,081139682001141
17441627,NNTC_WIRELESS__LLC,CO,85,081139682001142
17441628,NNTC_WIRELESS__LLC,CO,85,081139682001143
17441629,NNTC_WIRELESS__LLC,CO,85,081139682001144
17441630,NNTC_WIRELESS__LLC,CO,85,081139682001145
17441631,NNTC_WIRELESS__LLC,CO,85,081139682001146
17441632,NNTC_WIRELESS__LLC,CO,85,081139682001147
17441633,NNTC_WIRELESS__LLC,CO,85,081139682001148
17441634,NNTC_WIRELESS__LLC,CO,85,081139682001149
17441635,NNTC_WIRELESS__LLC,CO,85,081139682001150
17441636,NNTC_WIRELESS__LLC,CO,85,081139682001151
17441637,NNTC_WIRELESS__LLC,CO,85,081139682001152
17441638,NNTC_WIRELESS__LLC,CO,85,081139682001153
17441639,NNTC_WIRELESS__LLC,CO,85,081139682001154
17441640,NNTC_WIRELESS__LLC,CO,85,081139682001155
17441641,NNTC_WIRELESS__LLC,CO,85,081139682001156
17441642,NNTC_WIRELESS__LLC,CO,85,081139682001157
17441643,NNTC_WIRELESS__LLC,CO,85,081139682001158
17441644,NNTC_WIRELESS__LLC,CO,85,081139682001159
17441645,NNTC_WIRELESS__LLC,CO,85,081139682001160
17441646,NNTC_WIRELESS__LLC,CO,85,081139682001161
17441647,NNTC_WIRELESS__LLC,CO,85,081139682001162
17441648,NNTC_WIRELESS__LLC,CO,85,081139682001163
17441649,NNTC_WIRELESS__LLC,CO,85,081139682001164
17441650,NNTC_WIRELESS__LLC,CO,85,081139682001165
17441651,NNTC_WIRELESS__LLC,CO,85,081139682001166
17441652,NNTC_WIRELESS__LLC,CO,85,081139682001167
17441653,NNTC_WIRELESS__LLC,CO,85,081139682001168
17441654,NNTC_WIRELESS__LLC,CO,85,081139682001169
17441655,NNTC_WIRELESS__LLC,CO,85,081139682001170
17441656,NNTC_WIRELESS__LLC,CO,85,081139682001171
17441657,NNTC_WIRELESS__LLC,CO,85,081139682001172
17441658,NNTC_WIRELESS__LLC,CO,85,081139682001173
17441659,NNTC_WIRELESS__LLC,CO,85,081139682001174
17441660,NNTC_WIRELESS__LLC,CO,85,081139682001175
17441661,NNTC_WIRELESS__LLC,CO,85,081139682001176
17441662,NNTC_WIRELESS__LLC,CO,85,081139682001177
17441663,NNTC_WIRELESS__LLC,CO,85,081139682001178
17441664,NNTC_WIRELESS__LLC,CO,85,081139682001179
17441665,NNTC_WIRELESS__LLC,CO,85,081139682001180
17441666,NNTC_WIRELESS__LLC,CO,85,081139682001181
17441667,NNTC_WIRELESS__LLC,CO,85,081139682001182
17441668,NNTC_WIRELESS__LLC,CO,85,081139682001183
17441669,NNTC_WIRELESS__LLC,CO,85,081139682001184
17441670,NNTC_WIRELESS__LLC,CO,85,081139682001185
17441671,NNTC_WIRELESS__LLC,CO,85,081139682001186
17441672,NNTC_WIRELESS__LLC,CO,85,081139682001187
17441673,NNTC_WIRELESS__LLC,CO,85,081139682001188
17441674,NNTC_WIRELESS__LLC,CO,85,081139682001189
17441675,NNTC_WIRELESS__LLC,CO,85,081139682001190
17441676,NNTC_WIRELESS__LLC,CO,85,081139682001191
17441677,NNTC_WIRELESS__LLC,CO,85,081139682001192
17441678,NNTC_WIRELESS__LLC,CO,85,081139682001193
17441679,NNTC_WIRELESS__LLC,CO,85,081139682001194
17441680,NNTC_WIRELESS__LLC,CO,85,081139682001195
17441681,NNTC_WIRELESS__LLC,CO,85,081139682001196
17441682,NNTC_WIRELESS__LLC,CO,85,081139682001197
17441683,NNTC_WIRELESS__LLC,CO,85,081139682001198
17441684,NNTC_WIRELESS__LLC,CO,85,081139682001199
17441685,NNTC_WIRELESS__LLC,CO,85,081139682001200
17441686,NNTC_WIRELESS__LLC,CO,85,081139682001201
17441687,NNTC_WIRELESS__LLC,CO,85,081139682001202
17441688,NNTC_WIRELESS__LLC,CO,85,081139682001203
17441689,NNTC_WIRELESS__LLC,CO,85,081139682001204
17441690,NNTC_WIRELESS__LLC,CO,85,081139682001205
17441691,NNTC_WIRELESS__LLC,CO,85,081139682001206
17441692,NNTC_WIRELESS__LLC,CO,85,081139682001207
17441693,NNTC_WIRELESS__LLC,CO,85,081139682001208
17441694,NNTC_WIRELESS__LLC,CO,85,081139682001209
17441695,NNTC_WIRELESS__LLC,CO,85,081139682001210
17441696,NNTC_WIRELESS__LLC,CO,85,081139682001211
17441697,NNTC_WIRELESS__LLC,CO,85,081139682001212
17441698,NNTC_WIRELESS__LLC,CO,85,081139682001213
17441699,NNTC_WIRELESS__LLC,CO,85,081139682001214
17441700,NNTC_WIRELESS__LLC,CO,85,081139682001215
17441701,NNTC_WIRELESS__LLC,CO,85,081139682001216
17441702,NNTC_WIRELESS__LLC,CO,85,081139682001217
17441703,NNTC_WIRELESS__LLC,CO,85,081139682001218
17441704,NNTC_WIRELESS__LLC,CO,85,081139682001219
17441705,NNTC_WIRELESS__LLC,CO,85,081139682001220
17441706,NNTC_WIRELESS__LLC,CO,85,081139682001221
17441707,NNTC_WIRELESS__LLC,CO,85,081139682001222
17441708,NNTC_WIRELESS__LLC,CO,85,081139682001223
17441709,NNTC_WIRELESS__LLC,CO,85,081139682001224
17441710,NNTC_WIRELESS__LLC,CO,85,081139682001225
17441711,NNTC_WIRELESS__LLC,CO,85,081139682001226
17441712,NNTC_WIRELESS__LLC,CO,85,081139682001227
17441713,NNTC_WIRELESS__LLC,CO,85,081139682001228
17441714,NNTC_WIRELESS__LLC,CO,85,081139682001229
17441715,NNTC_WIRELESS__LLC,CO,85,081139682001230
17441716,NNTC_WIRELESS__LLC,CO,85,081139682001231
17441717,NNTC_WIRELESS__LLC,CO,85,081139682001232
17441718,NNTC_WIRELESS__LLC,CO,85,081139682001233
17441719,NNTC_WIRELESS__LLC,CO,85,081139682001234
17441720,NNTC_WIRELESS__LLC,CO,85,081139682001235
17441721,NNTC_WIRELESS__LLC,CO,85,081139682001236
17441722,NNTC_WIRELESS__LLC,CO,85,081139682001237
17441723,NNTC_WIRELESS__LLC,CO,85,081139682001238
17441724,NNTC_WIRELESS__LLC,CO,85,081139682001239
17441725,NNTC_WIRELESS__LLC,CO,85,081139682001240
17441726,NNTC_WIRELESS__LLC,CO,85,081139682001241
17441727,NNTC_WIRELESS__LLC,CO,85,081139682001242
17441728,NNTC_WIRELESS__LLC,CO,85,081139682001243
17441729,NNTC_WIRELESS__LLC,CO,85,081139682001244
17441730,NNTC_WIRELESS__LLC,CO,85,081139682001245
17441731,NNTC_WIRELESS__LLC,CO,85,081139682001246
17441732,NNTC_WIRELESS__LLC,CO,85,081139682001247
17441733,NNTC_WIRELESS__LLC,CO,85,081139682001248
17441734,NNTC_WIRELESS__LLC,CO,85,081139682001249
17441735,NNTC_WIRELESS__LLC,CO,85,081139682001250
17441736,NNTC_WIRELESS__LLC,CO,85,081139682001251
17441737,NNTC_WIRELESS__LLC,CO,85,081139682001252
17441738,NNTC_WIRELESS__LLC,CO,85,081139682001253
17441739,NNTC_WIRELESS__LLC,CO,85,081139682001254
17441740,NNTC_WIRELESS__LLC,CO,85,081139682001255
17441741,NNTC_WIRELESS__LLC,CO,85,081139682001256
17441742,NNTC_WIRELESS__LLC,CO,85,081139682001257
17441743,NNTC_WIRELESS__LLC,CO,85,081139682001258
17441744,NNTC_WIRELESS__LLC,CO,85,081139682001259
17441745,NNTC_WIRELESS__LLC,CO,85,081139682001260
17441746,NNTC_WIRELESS__LLC,CO,85,081139682001261
17441747,NNTC_WIRELESS__LLC,CO,85,081139682001262
17441748,NNTC_WIRELESS__LLC,CO,85,081139682001263
17441749,NNTC_WIRELESS__LLC,CO,85,081139682001264
17441750,NNTC_WIRELESS__LLC,CO,85,081139682001265
17441751,NNTC_WIRELESS__LLC,CO,85,081139682001266
17441752,NNTC_WIRELESS__LLC,CO,85,081139682001267
17441753,NNTC_WIRELESS__LLC,CO,85,081139682001268
17441754,NNTC_WIRELESS__LLC,CO,85,081139682001269
17441755,NNTC_WIRELESS__LLC,CO,85,081139682001270
17441756,NNTC_WIRELESS__LLC,CO,85,081139682001271
17441757,NNTC_WIRELESS__LLC,CO,85,081139682001272
17441758,NNTC_WIRELESS__LLC,CO,85,081139682001273
17441759,NNTC_WIRELESS__LLC,CO,85,081139682001274
17441760,NNTC_WIRELESS__LLC,CO,85,081139682001275
17441761,NNTC_WIRELESS__LLC,CO,85,081139682001276
17441762,NNTC_WIRELESS__LLC,CO,85,081139682001277
17441763,NNTC_WIRELESS__LLC,CO,85,081139682001278
17441764,NNTC_WIRELESS__LLC,CO,85,081139682001279
17441765,NNTC_WIRELESS__LLC,CO,85,081139682001280
17441766,NNTC_WIRELESS__LLC,CO,85,081139682001281
17441767,NNTC_WIRELESS__LLC,CO,85,081139682001282
17441768,NNTC_WIRELESS__LLC,CO,85,081139682001283
17441769,NNTC_WIRELESS__LLC,CO,85,081139682001284
17441770,NNTC_WIRELESS__LLC,CO,85,081139682001285
17441771,NNTC_WIRELESS__LLC,CO,85,081139682001286
17441772,NNTC_WIRELESS__LLC,CO,85,081139682001287
17441773,NNTC_WIRELESS__LLC,CO,85,081139682001288
17441774,NNTC_WIRELESS__LLC,CO,85,081139682001289
17441775,NNTC_WIRELESS__LLC,CO,85,081139682001290
17441776,NNTC_WIRELESS__LLC,CO,85,081139682001291
17441777,NNTC_WIRELESS__LLC,CO,85,081139682001292
17441778,NNTC_WIRELESS__LLC,CO,85,081139682001293
17441779,NNTC_WIRELESS__LLC,CO,85,081139682001294
17441780,NNTC_WIRELESS__LLC,CO,85,081139682001295
17441781,NNTC_WIRELESS__LLC,CO,85,081139682001296
17441782,NNTC_WIRELESS__LLC,CO,85,081139682001297
17441783,NNTC_WIRELESS__LLC,CO,85,081139682001298
17441784,NNTC_WIRELESS__LLC,CO,85,081139682001299
17441785,NNTC_WIRELESS__LLC,CO,85,081139682001300
17441786,NNTC_WIRELESS__LLC,CO,85,081139682001301
17441787,NNTC_WIRELESS__LLC,CO,85,081139682001302
17441788,NNTC_WIRELESS__LLC,CO,85,081139682001303
17441789,NNTC_WIRELESS__LLC,CO,85,081139682001304
17441790,NNTC_WIRELESS__LLC,CO,85,081139682001305
17441791,NNTC_WIRELESS__LLC,CO,85,081139682001306
17441792,NNTC_WIRELESS__LLC,CO,85,081139682001309
17441793,NNTC_WIRELESS__LLC,CO,85,081139682001310
17441794,NNTC_WIRELESS__LLC,CO,85,081139682001311
17441795,NNTC_WIRELESS__LLC,CO,85,081139682001312
17441796,NNTC_WIRELESS__LLC,CO,85,081139682001313
17441797,NNTC_WIRELESS__LLC,CO,85,081139682001314
17441798,NNTC_WIRELESS__LLC,CO,85,081139682001315
17441799,NNTC_WIRELESS__LLC,CO,85,081139682001316
17441800,NNTC_WIRELESS__LLC,CO,85,081139682001317
17441801,NNTC_WIRELESS__LLC,CO,85,081139682001318
17441802,NNTC_WIRELESS__LLC,CO,85,081139682001319
17441803,NNTC_WIRELESS__LLC,CO,85,081139682001320
17441804,NNTC_WIRELESS__LLC,CO,85,081139682001321
17441805,NNTC_WIRELESS__LLC,CO,85,081139682001322
17441806,NNTC_WIRELESS__LLC,CO,85,081139682001323
17441807,NNTC_WIRELESS__LLC,CO,85,081139682001324
17441808,NNTC_WIRELESS__LLC,CO,85,081139682001325
17441809,NNTC_WIRELESS__LLC,CO,85,081139682001326
17441810,NNTC_WIRELESS__LLC,CO,85,081139682001327
17441811,NNTC_WIRELESS__LLC,CO,85,081139682001328
17441812,NNTC_WIRELESS__LLC,CO,85,081139682001329
17441813,NNTC_WIRELESS__LLC,CO,85,081139682001330
17441814,NNTC_WIRELESS__LLC,CO,85,081139682001331
17441815,NNTC_WIRELESS__LLC,CO,85,081139682001332
17441816,NNTC_WIRELESS__LLC,CO,85,081139682001333
17441817,NNTC_WIRELESS__LLC,CO,85,081139682001334
17441818,NNTC_WIRELESS__LLC,CO,85,081139682001335
17441819,NNTC_WIRELESS__LLC,CO,85,081139682001336
17441820,NNTC_WIRELESS__LLC,CO,85,081139682001337
17441821,NNTC_WIRELESS__LLC,CO,85,081139682001338
17441822,NNTC_WIRELESS__LLC,CO,85,081139682001339
17441823,NNTC_WIRELESS__LLC,CO,85,081139682001340
17441824,NNTC_WIRELESS__LLC,CO,85,081139682001341
17441825,NNTC_WIRELESS__LLC,CO,85,081139682001342
17441826,NNTC_WIRELESS__LLC,CO,85,081139682001343
17441827,NNTC_WIRELESS__LLC,CO,85,081139682001344
17441828,NNTC_WIRELESS__LLC,CO,85,081139682001345
17441829,NNTC_WIRELESS__LLC,CO,85,081139682001346
17441830,NNTC_WIRELESS__LLC,CO,85,081139682001347
17441831,NNTC_WIRELESS__LLC,CO,85,081139682001348
17441832,NNTC_WIRELESS__LLC,CO,85,081139682001349
17441833,NNTC_WIRELESS__LLC,CO,85,081139682001350
17441834,NNTC_WIRELESS__LLC,CO,85,081139682001351
17441835,NNTC_WIRELESS__LLC,CO,85,081139682001352
17441836,NNTC_WIRELESS__LLC,CO,85,081139682001353
17441837,NNTC_WIRELESS__LLC,CO,85,081139682001354
17441838,NNTC_WIRELESS__LLC,CO,85,081139682001355
17441839,NNTC_WIRELESS__LLC,CO,85,081139682001356
17441840,NNTC_WIRELESS__LLC,CO,85,081139682001357
17441841,NNTC_WIRELESS__LLC,CO,85,081139682001358
17441842,NNTC_WIRELESS__LLC,CO,85,081139682001359
17441843,NNTC_WIRELESS__LLC,CO,85,081139682001360
17441844,NNTC_WIRELESS__LLC,CO,85,081139682001361
17441845,NNTC_WIRELESS__LLC,CO,85,081139682001362
17441846,NNTC_WIRELESS__LLC,CO,85,081139682001363
17441847,NNTC_WIRELESS__LLC,CO,85,081139682001364
17441848,NNTC_WIRELESS__LLC,CO,85,081139682001365
17441849,NNTC_WIRELESS__LLC,CO,85,081139682001366
17441850,NNTC_WIRELESS__LLC,CO,85,081139682001367
17441851,NNTC_WIRELESS__LLC,CO,85,081139682001368
17441852,NNTC_WIRELESS__LLC,CO,85,081139682001369
17441853,NNTC_WIRELESS__LLC,CO,85,081139682001370
17441854,NNTC_WIRELESS__LLC,CO,85,081139682001371
17441855,NNTC_WIRELESS__LLC,CO,85,081139682001372
17441856,NNTC_WIRELESS__LLC,CO,85,081139682001373
17441857,NNTC_WIRELESS__LLC,CO,85,081139682001374
17441858,NNTC_WIRELESS__LLC,CO,85,081139682001375
17441859,NNTC_WIRELESS__LLC,CO,85,081139682001376
17441860,NNTC_WIRELESS__LLC,CO,85,081139682001377
17441861,NNTC_WIRELESS__LLC,CO,85,081139682001378
17441862,NNTC_WIRELESS__LLC,CO,85,081139682001379
17441863,NNTC_WIRELESS__LLC,CO,85,081139682001380
17441864,NNTC_WIRELESS__LLC,CO,85,081139682001381
17441865,NNTC_WIRELESS__LLC,CO,85,081139682001382
17441866,NNTC_WIRELESS__LLC,CO,85,081139682001383
17441867,NNTC_WIRELESS__LLC,CO,85,081139682001384
17441868,NNTC_WIRELESS__LLC,CO,85,081139682001385
17441869,NNTC_WIRELESS__LLC,CO,85,081139682001386
17441870,NNTC_WIRELESS__LLC,CO,85,081139682001387
17441871,NNTC_WIRELESS__LLC,CO,85,081139682001388
17441872,NNTC_WIRELESS__LLC,CO,85,081139682001389
17441873,NNTC_WIRELESS__LLC,CO,85,081139682001390
17441874,NNTC_WIRELESS__LLC,CO,85,081139682001391
17441875,NNTC_WIRELESS__LLC,CO,85,081139682001392
17441876,NNTC_WIRELESS__LLC,CO,85,081139682001393
17441877,NNTC_WIRELESS__LLC,CO,85,081139682001394
17441878,NNTC_WIRELESS__LLC,CO,85,081139682001395
17441879,NNTC_WIRELESS__LLC,CO,85,081139682001396
17441880,NNTC_WIRELESS__LLC,CO,85,081139682001397
17441881,NNTC_WIRELESS__LLC,CO,85,081139682001398
17441882,NNTC_WIRELESS__LLC,CO,85,081139682001399
17441883,NNTC_WIRELESS__LLC,CO,85,081139682001400
17441884,NNTC_WIRELESS__LLC,CO,85,081139682001401
17441885,NNTC_WIRELESS__LLC,CO,85,081139682001402
17441886,NNTC_WIRELESS__LLC,CO,85,081139682001403
17441887,NNTC_WIRELESS__LLC,CO,85,081139682001404
17441888,NNTC_WIRELESS__LLC,CO,85,081139682001405
17441889,NNTC_WIRELESS__LLC,CO,85,081139682001406
17441890,NNTC_WIRELESS__LLC,CO,85,081139682001407
17441891,NNTC_WIRELESS__LLC,CO,85,081139682001410
17441892,NNTC_WIRELESS__LLC,CO,85,081139682001411
17441893,NNTC_WIRELESS__LLC,CO,85,081139682001412
17441894,NNTC_WIRELESS__LLC,CO,85,081139682001413
17441895,NNTC_WIRELESS__LLC,CO,85,081139682001414
17441896,NNTC_WIRELESS__LLC,CO,85,081139682001415
17441897,NNTC_WIRELESS__LLC,CO,85,081139682001417
17441898,NNTC_WIRELESS__LLC,CO,85,081139682001418
17441899,NNTC_WIRELESS__LLC,CO,85,081139682001419
17441900,NNTC_WIRELESS__LLC,CO,85,081139682001420
17441901,NNTC_WIRELESS__LLC,CO,85,081139682001421
17441902,NNTC_WIRELESS__LLC,CO,85,081139682001422
17441903,NNTC_WIRELESS__LLC,CO,85,081139682001423
17441904,NNTC_WIRELESS__LLC,CO,85,081139682001427
17441905,NNTC_WIRELESS__LLC,CO,85,081139682001429
17441906,NNTC_WIRELESS__LLC,CO,85,081139682001431
17441907,NNTC_WIRELESS__LLC,CO,85,081139682001432
17441908,NNTC_WIRELESS__LLC,CO,85,081139682001433
17441909,NNTC_WIRELESS__LLC,CO,85,081139682001434
17441910,NNTC_WIRELESS__LLC,CO,85,081139682001435
17441911,NNTC_WIRELESS__LLC,CO,85,081139682001436
17441912,NNTC_WIRELESS__LLC,CO,85,081139682001437
17441913,NNTC_WIRELESS__LLC,CO,85,081139682001438
17441914,NNTC_WIRELESS__LLC,CO,85,081139682001439
17441915,NNTC_WIRELESS__LLC,CO,85,081139682001440
17441916,NNTC_WIRELESS__LLC,CO,85,081139682001441
17441917,NNTC_WIRELESS__LLC,CO,85,081139682001442
17441918,NNTC_WIRELESS__LLC,CO,85,081139682001443
17441919,NNTC_WIRELESS__LLC,CO,85,081139682001444
17441920,NNTC_WIRELESS__LLC,CO,85,081139682001445
17441921,NNTC_WIRELESS__LLC,CO,85,081139682001446
17441922,NNTC_WIRELESS__LLC,CO,85,081139682001447
17441923,NNTC_WIRELESS__LLC,CO,85,081139682001448
17441924,NNTC_WIRELESS__LLC,CO,85,081139682001449
17441925,NNTC_WIRELESS__LLC,CO,85,081139682001450
17441926,NNTC_WIRELESS__LLC,CO,85,081139682001451
17441927,NNTC_WIRELESS__LLC,CO,85,081139682001452
17441928,NNTC_WIRELESS__LLC,CO,85,081139682001453
17441929,NNTC_WIRELESS__LLC,CO,85,081139682001454
17441930,NNTC_WIRELESS__LLC,CO,85,081139682001455
17441931,NNTC_WIRELESS__LLC,CO,85,081139682001456
17441932,NNTC_WIRELESS__LLC,CO,85,081139682001457
17441933,NNTC_WIRELESS__LLC,CO,85,081139682001458
17441934,NNTC_WIRELESS__LLC,CO,85,081139682001459
17441935,NNTC_WIRELESS__LLC,CO,85,081139682001460
17441936,NNTC_WIRELESS__LLC,CO,85,081139682001461
17441937,NNTC_WIRELESS__LLC,CO,85,081139682001462
17441938,NNTC_WIRELESS__LLC,CO,85,081139682001463
17441939,NNTC_WIRELESS__LLC,CO,85,081139682001464
17441940,NNTC_WIRELESS__LLC,CO,85,081139682001465
17441941,NNTC_WIRELESS__LLC,CO,85,081139682001466
17441942,NNTC_WIRELESS__LLC,CO,85,081139682001467
17441943,NNTC_WIRELESS__LLC,CO,85,081139682001468
17441944,NNTC_WIRELESS__LLC,CO,85,081139682001469
17441945,NNTC_WIRELESS__LLC,CO,85,081139682001470
17441946,NNTC_WIRELESS__LLC,CO,85,081139682001471
17441947,NNTC_WIRELESS__LLC,CO,85,081139682001472
17441948,NNTC_WIRELESS__LLC,CO,85,081139682001473
17441949,NNTC_WIRELESS__LLC,CO,85,081139682001474
17441950,NNTC_WIRELESS__LLC,CO,85,081139682001475
17441951,NNTC_WIRELESS__LLC,CO,85,081139682001476
17441952,NNTC_WIRELESS__LLC,CO,85,081139682001477
17441953,NNTC_WIRELESS__LLC,CO,85,081139682001478
17441954,NNTC_WIRELESS__LLC,CO,85,081139682001479
17441955,NNTC_WIRELESS__LLC,CO,85,081139682001480
17441956,NNTC_WIRELESS__LLC,CO,85,081139682001481
17441957,NNTC_WIRELESS__LLC,CO,85,081139682001482
17441958,NNTC_WIRELESS__LLC,CO,85,081139682001483
17441959,NNTC_WIRELESS__LLC,CO,85,081139682001484
17441960,NNTC_WIRELESS__LLC,CO,85,081139682001485
17441961,NNTC_WIRELESS__LLC,CO,85,081139682001486
17441962,NNTC_WIRELESS__LLC,CO,85,081139682001487
17441963,NNTC_WIRELESS__LLC,CO,85,081139682001488
17441964,NNTC_WIRELESS__LLC,CO,85,081139682001489
17441965,NNTC_WIRELESS__LLC,CO,85,081139682001490
17441966,NNTC_WIRELESS__LLC,CO,85,081139682001491
17441967,NNTC_WIRELESS__LLC,CO,85,081139682001492
17441968,NNTC_WIRELESS__LLC,CO,85,081139682001493
17441969,NNTC_WIRELESS__LLC,CO,85,081139682001494
17441970,NNTC_WIRELESS__LLC,CO,85,081139682001495
17441971,NNTC_WIRELESS__LLC,CO,85,081139682001496
17441972,NNTC_WIRELESS__LLC,CO,85,081139682001497
17441973,NNTC_WIRELESS__LLC,CO,85,081139682001498
17441974,NNTC_WIRELESS__LLC,CO,85,081139682001499
17441975,NNTC_WIRELESS__LLC,CO,85,081139682001500
17441976,NNTC_WIRELESS__LLC,CO,85,081139682001501
17441977,NNTC_WIRELESS__LLC,CO,85,081139682001502
17441978,NNTC_WIRELESS__LLC,CO,85,081139682001503
17441979,NNTC_WIRELESS__LLC,CO,85,081139682001504
17441980,NNTC_WIRELESS__LLC,CO,85,081139682001505
17441981,NNTC_WIRELESS__LLC,CO,85,081139682001506
17441982,NNTC_WIRELESS__LLC,CO,85,081139682001507
17441983,NNTC_WIRELESS__LLC,CO,85,081139682001508
17441984,NNTC_WIRELESS__LLC,CO,85,081139682001509
17441985,NNTC_WIRELESS__LLC,CO,85,081139682001510
17441986,NNTC_WIRELESS__LLC,CO,85,081139682001511
17441987,NNTC_WIRELESS__LLC,CO,85,081139682001512
17441988,NNTC_WIRELESS__LLC,CO,85,081139682001513
17441989,NNTC_WIRELESS__LLC,CO,85,081139682001514
17441990,NNTC_WIRELESS__LLC,CO,85,081139682001515
17441991,NNTC_WIRELESS__LLC,CO,85,081139682001516
17441992,NNTC_WIRELESS__LLC,CO,85,081139682001517
17441993,NNTC_WIRELESS__LLC,CO,85,081139682001518
17441994,NNTC_WIRELESS__LLC,CO,85,081139682001519
17441995,NNTC_WIRELESS__LLC,CO,85,081139682001520
17441996,NNTC_WIRELESS__LLC,CO,85,081139682001521
17441997,NNTC_WIRELESS__LLC,CO,85,081139682001522
17441998,NNTC_WIRELESS__LLC,CO,85,081139682001523
17441999,NNTC_WIRELESS__LLC,CO,85,081139682001524
17442000,NNTC_WIRELESS__LLC,CO,85,081139682001525
17442001,NNTC_WIRELESS__LLC,CO,85,081139682001526
17442002,NNTC_WIRELESS__LLC,CO,85,081139682001527
17442003,NNTC_WIRELESS__LLC,CO,85,081139682001528
17442004,NNTC_WIRELESS__LLC,CO,85,081139682001529
17442005,NNTC_WIRELESS__LLC,CO,85,081139682001530
17442006,NNTC_WIRELESS__LLC,CO,85,081139682001531
17442007,NNTC_WIRELESS__LLC,CO,85,081139682001532
17442008,NNTC_WIRELESS__LLC,CO,85,081139682001533
17442009,NNTC_WIRELESS__LLC,CO,85,081139682001534
17442010,NNTC_WIRELESS__LLC,CO,85,081139682001535
17442011,NNTC_WIRELESS__LLC,CO,85,081139682001536
17442012,NNTC_WIRELESS__LLC,CO,85,081139682001537
17442013,NNTC_WIRELESS__LLC,CO,85,081139682001538
17442014,NNTC_WIRELESS__LLC,CO,85,081139682001542
17442015,NNTC_WIRELESS__LLC,CO,85,081139682001543
17442016,NNTC_WIRELESS__LLC,CO,85,081139682001544
17442017,NNTC_WIRELESS__LLC,CO,85,081139682001545
17442018,NNTC_WIRELESS__LLC,CO,85,081139682001547
17442019,NNTC_WIRELESS__LLC,CO,85,081139682001548
17442020,NNTC_WIRELESS__LLC,CO,85,081139682001549
17442021,NNTC_WIRELESS__LLC,CO,85,081139682001550
17442022,NNTC_WIRELESS__LLC,CO,85,081139682001561
17442023,NNTC_WIRELESS__LLC,CO,85,081139682001567
17442024,NNTC_WIRELESS__LLC,CO,85,081139682001568
17442025,NNTC_WIRELESS__LLC,CO,85,081139682001569
17442026,NNTC_WIRELESS__LLC,CO,85,081139682001570
17442027,NNTC_WIRELESS__LLC,CO,85,081139682001571
17442028,NNTC_WIRELESS__LLC,CO,85,081139682001572
17442029,NNTC_WIRELESS__LLC,CO,85,081139682001573
17442030,NNTC_WIRELESS__LLC,CO,85,081139682001574
17442031,NNTC_WIRELESS__LLC,CO,85,081139682001575
17442032,NNTC_WIRELESS__LLC,CO,85,081139682001576
17442033,NNTC_WIRELESS__LLC,CO,85,081139682001577
17442034,NNTC_WIRELESS__LLC,CO,85,081139682001578
17442035,NNTC_WIRELESS__LLC,CO,85,081139682001579
17442036,NNTC_WIRELESS__LLC,CO,85,081139682001580
17442037,NNTC_WIRELESS__LLC,CO,85,081139682001581
17442038,NNTC_WIRELESS__LLC,CO,85,081139682001586
17442039,NNTC_WIRELESS__LLC,CO,85,081139682001587
17442040,NNTC_WIRELESS__LLC,CO,85,081139682001588
17442041,NNTC_WIRELESS__LLC,CO,85,081139682001589
17442042,NNTC_WIRELESS__LLC,CO,85,081139682001590
17442043,NNTC_WIRELESS__LLC,CO,85,081139682001605
17442044,NNTC_WIRELESS__LLC,CO,85,081139682001606
17442045,NNTC_WIRELESS__LLC,CO,85,081139682001607
17442046,NNTC_WIRELESS__LLC,CO,85,081139682001608
17442047,NNTC_WIRELESS__LLC,CO,85,081139682001609
17442048,NNTC_WIRELESS__LLC,CO,85,081139682001610
17442049,NNTC_WIRELESS__LLC,CO,85,081139682001611
17442050,NNTC_WIRELESS__LLC,CO,85,081139682001612
17442051,NNTC_WIRELESS__LLC,CO,85,081139682001613
17442052,NNTC_WIRELESS__LLC,CO,85,081139682001614
17442053,NNTC_WIRELESS__LLC,CO,85,081139682001615
17442054,NNTC_WIRELESS__LLC,CO,85,081139682001616
17442055,NNTC_WIRELESS__LLC,CO,85,081139682001617
17442056,NNTC_WIRELESS__LLC,CO,85,081139682001618
17442057,NNTC_WIRELESS__LLC,CO,85,081139682001619
17442058,NNTC_WIRELESS__LLC,CO,85,081139682001620
17442059,NNTC_WIRELESS__LLC,CO,85,081139682001621
17442060,NNTC_WIRELESS__LLC,CO,85,081139682001622
17442061,NNTC_WIRELESS__LLC,CO,85,081139682001623
17442062,NNTC_WIRELESS__LLC,CO,85,081139682001624
17442063,NNTC_WIRELESS__LLC,CO,85,081139682001626
17442064,NNTC_WIRELESS__LLC,CO,85,081139682001627
17442065,NNTC_WIRELESS__LLC,CO,85,081139682001628
17442066,NNTC_WIRELESS__LLC,CO,85,081139682001629
17442067,NNTC_WIRELESS__LLC,CO,85,081139682001630
17442068,NNTC_WIRELESS__LLC,CO,85,081139682001631
17442069,NNTC_WIRELESS__LLC,CO,85,081139682001632
17442070,NNTC_WIRELESS__LLC,CO,85,081139682001633
17442071,NNTC_WIRELESS__LLC,CO,85,081139682001634
17442072,NNTC_WIRELESS__LLC,CO,85,081139682001635
17442073,NNTC_WIRELESS__LLC,CO,85,081139682001636
17442074,NNTC_WIRELESS__LLC,CO,85,081139682001637
17442075,NNTC_WIRELESS__LLC,CO,85,081139682001638
17442076,NNTC_WIRELESS__LLC,CO,85,081139682001639
17442077,NNTC_WIRELESS__LLC,CO,85,081139682001640
17442078,NNTC_WIRELESS__LLC,CO,85,081139682001641
17442079,NNTC_WIRELESS__LLC,CO,85,081139682001642
17442080,NNTC_WIRELESS__LLC,CO,85,081139682001643
17442081,NNTC_WIRELESS__LLC,CO,85,081139682001644
17442082,NNTC_WIRELESS__LLC,CO,85,081139682001645
17442083,NNTC_WIRELESS__LLC,CO,85,081139682001646
17442084,NNTC_WIRELESS__LLC,CO,85,081139682001647
17442085,NNTC_WIRELESS__LLC,CO,85,081139682001648
17442086,NNTC_WIRELESS__LLC,CO,85,081139682001649
17442087,NNTC_WIRELESS__LLC,CO,85,081139682001650
17442088,NNTC_WIRELESS__LLC,CO,85,081139682001651
17442089,NNTC_WIRELESS__LLC,CO,85,081139682001652
17442090,NNTC_WIRELESS__LLC,CO,85,081139682001653
17442091,NNTC_WIRELESS__LLC,CO,85,081139682001654
17442092,NNTC_WIRELESS__LLC,CO,85,081139682001655
17442093,NNTC_WIRELESS__LLC,CO,85,081139682001656
17442094,NNTC_WIRELESS__LLC,CO,85,081139682001657
17442095,NNTC_WIRELESS__LLC,CO,85,081139682001658
17442096,NNTC_WIRELESS__LLC,CO,85,081139682001659
17442097,NNTC_WIRELESS__LLC,CO,85,081139682001660
17442098,NNTC_WIRELESS__LLC,CO,85,081139682001661
17442099,NNTC_WIRELESS__LLC,CO,85,081139682001662
17442100,NNTC_WIRELESS__LLC,CO,85,081139682001663
17442101,NNTC_WIRELESS__LLC,CO,85,081139682001664
17442102,NNTC_WIRELESS__LLC,CO,85,081139682001665
17442103,NNTC_WIRELESS__LLC,CO,85,081139682001666
17442104,NNTC_WIRELESS__LLC,CO,85,081139682001667
17442105,NNTC_WIRELESS__LLC,CO,85,081139682001668
17442106,NNTC_WIRELESS__LLC,CO,85,081139682001669
17442107,NNTC_WIRELESS__LLC,CO,85,081139682001670
17442108,NNTC_WIRELESS__LLC,CO,85,081139682001671
17442109,NNTC_WIRELESS__LLC,CO,85,081139682001672
17442110,NNTC_WIRELESS__LLC,CO,85,081139682001673
17442111,NNTC_WIRELESS__LLC,CO,85,081139682001674
