DBA,STATE_ABBR,FIPS,2G,3G,4G_LTE,4G_NON_LTE,ANY
Choice_Wireless__LC,TX,480090201001006,67.36,,,,67.36
Choice_Wireless__LC,TX,480090201001007,100.0,,,,100.0
Choice_Wireless__LC,TX,480090201001008,100.0,,,,100.0
Choice_Wireless__LC,TX,480090201001009,97.979,,,,97.979
Choice_Wireless__LC,TX,480090201001010,100.0,,,,100.0
Choice_Wireless__LC,TX,480090201001011,100.0,,,,100.0
Choice_Wireless__LC,TX,480090201001012,100.0,,,,100.0
Choice_Wireless__LC,TX,480090201001013,97.646,,,,97.646
Choice_Wireless__LC,TX,480090201001014,100.0,,,,100.0
Choice_Wireless__LC,TX,480090201001015,100.0,,,,100.0
Choice_Wireless__LC,TX,480090201001016,100.0,,,,100.0
Choice_Wireless__LC,TX,480090201001017,100.0,,,,100.0
Choice_Wireless__LC,TX,480090201001019,100.0,,,,100.0
Choice_Wireless__LC,TX,480090201001020,100.0,,,,100.0
Choice_Wireless__LC,TX,480090201001021,100.0,,,,100.0
Choice_Wireless__LC,TX,480090201001022,88.656,,,,88.656
Choice_Wireless__LC,TX,480090201001023,100.0,,,,100.0
Choice_Wireless__LC,TX,480090201001024,100.0,,,,100.0
Choice_Wireless__LC,TX,480090201001025,100.0,,,,100.0
Choice_Wireless__LC,TX,480090201001026,47.668,,,,47.668
Choice_Wireless__LC,TX,480090201001029,2.407,,,,2.407
Choice_Wireless__LC,TX,480090201001031,30.935,,,,30.935
Choice_Wireless__LC,TX,480090201001032,4.689,,,,4.689
Choice_Wireless__LC,TX,480090201001034,96.847,,,,96.847
Choice_Wireless__LC,TX,480090201001035,100.0,,,,100.0
Choice_Wireless__LC,TX,480090201001036,57.772,,,,57.772
Choice_Wireless__LC,TX,480090201001037,9.574,,,,9.574
Choice_Wireless__LC,TX,480090201001042,100.0,,,,100.0
Choice_Wireless__LC,TX,480090201001043,100.0,,,,100.0
Choice_Wireless__LC,TX,480090201001044,100.0,,,,100.0
Choice_Wireless__LC,TX,480090201001045,100.0,,,,100.0
Choice_Wireless__LC,TX,480090201001046,100.0,,,,100.0
Choice_Wireless__LC,TX,480090201001047,100.0,,,,100.0
Choice_Wireless__LC,TX,480090201001048,100.0,,,,100.0
Choice_Wireless__LC,TX,480090201002007,10.921,,,,10.921
Choice_Wireless__LC,TX,480090201002011,3.998,,,,3.998
Choice_Wireless__LC,TX,480090201002012,3.585,,,,3.585
Choice_Wireless__LC,TX,480090201002018,41.594,,,,41.594
Choice_Wireless__LC,TX,480090201002027,25.63,,,,25.63
Choice_Wireless__LC,TX,480090201002033,88.647,,,,88.647
Choice_Wireless__LC,TX,480090201002039,17.879,,,,17.879
Choice_Wireless__LC,TX,480090201002046,74.749,,,,74.749
Choice_Wireless__LC,TX,480090201002048,20.581,,,,20.581
Choice_Wireless__LC,TX,480090201002055,100.0,,,,100.0
Choice_Wireless__LC,TX,480090201002057,100.0,,,,100.0
Choice_Wireless__LC,TX,480090201002058,100.0,,,,100.0
Choice_Wireless__LC,TX,480090201002059,100.0,,,,100.0
Choice_Wireless__LC,TX,480090201002060,51.003,,,,51.003
Choice_Wireless__LC,TX,480090201002061,100.0,,,,100.0
Choice_Wireless__LC,TX,480090201002062,100.0,,,,100.0
Choice_Wireless__LC,TX,480090201002063,100.0,,,,100.0
Choice_Wireless__LC,TX,480090201002066,80.559,,,,80.559
Choice_Wireless__LC,TX,480090201002067,100.0,,,,100.0
Choice_Wireless__LC,TX,480090201002068,100.0,,,,100.0
Choice_Wireless__LC,TX,480090201002069,100.0,,,,100.0
Choice_Wireless__LC,TX,480090201002070,100.0,,,,100.0
Choice_Wireless__LC,TX,480090201002071,100.0,,,,100.0
Choice_Wireless__LC,TX,480090201002072,85.864,,,,85.864
Choice_Wireless__LC,TX,480090201002073,100.0,,,,100.0
Choice_Wireless__LC,TX,480090201002078,8.594,,,,8.594
Choice_Wireless__LC,TX,480090201002079,95.003,,,,95.003
Choice_Wireless__LC,TX,480090202001009,1.868,,,,1.868
Choice_Wireless__LC,TX,480090202001011,100.0,,,,100.0
Choice_Wireless__LC,TX,480090202001013,18.308,,,,18.308
Choice_Wireless__LC,TX,480090202001016,12.129,,,,12.129
Choice_Wireless__LC,TX,480090202001561,2.182,,,,2.182
Choice_Wireless__LC,TX,480090202001562,100.0,,,,100.0
Choice_Wireless__LC,TX,480090202001569,4.988,,,,4.988
Choice_Wireless__LC,TX,480090202001570,81.847,,,,81.847
Choice_Wireless__LC,TX,480090202001571,4.63,,,,4.63
Choice_Wireless__LC,TX,480090202001572,12.185,,,,12.185
Choice_Wireless__LC,TX,480090202001573,55.076,,,,55.076
Choice_Wireless__LC,TX,480090202001574,69.572,,,,69.572
Choice_Wireless__LC,TX,480090202001575,50.973,,,,50.973
Choice_Wireless__LC,TX,480090202001576,100.0,,,,100.0
Choice_Wireless__LC,TX,480090202001577,100.0,,,,100.0
Choice_Wireless__LC,TX,480090202001578,100.0,,,,100.0
Choice_Wireless__LC,TX,480090202001579,100.0,,,,100.0
Choice_Wireless__LC,TX,480090202001580,100.0,,,,100.0
Choice_Wireless__LC,TX,480090202001581,28.072,,,,28.072
Choice_Wireless__LC,TX,480090202001582,100.0,,,,100.0
Choice_Wireless__LC,TX,480090202001583,100.0,,,,100.0
Choice_Wireless__LC,TX,480090202001584,100.0,,,,100.0
Choice_Wireless__LC,TX,480090202001585,100.0,,,,100.0
Choice_Wireless__LC,TX,480090202001586,3.957,,,,3.957
Choice_Wireless__LC,TX,480090202001639,5.721,,,,5.721
Choice_Wireless__LC,TX,480090202001640,100.0,,,,100.0
Choice_Wireless__LC,TX,480090202001641,34.941,,,,34.941
Choice_Wireless__LC,TX,480090202001644,100.0,,,,100.0
Choice_Wireless__LC,TX,480090202001645,100.0,,,,100.0
Choice_Wireless__LC,TX,480090202001669,9.31,,,,9.31
Choice_Wireless__LC,TX,480090202001670,2.934,,,,2.934
Choice_Wireless__LC,TX,480090202001686,100.0,,,,100.0
Choice_Wireless__LC,TX,480090202001687,100.0,,,,100.0
Choice_Wireless__LC,TX,480090202001688,100.0,,,,100.0
Choice_Wireless__LC,TX,480090202001689,100.0,,,,100.0
Choice_Wireless__LC,TX,480090202001690,100.0,,,,100.0
Choice_Wireless__LC,TX,480090202001691,100.0,,,,100.0
Choice_Wireless__LC,TX,480090202001692,100.0,,,,100.0
Choice_Wireless__LC,TX,480090202001693,100.0,,,,100.0
Choice_Wireless__LC,TX,480090202001694,100.0,,,,100.0
Choice_Wireless__LC,TX,480090202001695,100.0,,,,100.0
Choice_Wireless__LC,TX,480090202001696,100.0,,,,100.0
Choice_Wireless__LC,TX,480090202001697,100.0,,,,100.0
Choice_Wireless__LC,TX,480090202001698,87.043,,,,87.043
Choice_Wireless__LC,TX,480090202001699,100.0,,,,100.0
Choice_Wireless__LC,TX,480090202001700,100.0,,,,100.0
Choice_Wireless__LC,TX,480090202001701,100.0,,,,100.0
Choice_Wireless__LC,TX,480090202001702,100.0,,,,100.0
Choice_Wireless__LC,TX,480090202001703,100.0,,,,100.0
Choice_Wireless__LC,TX,480090202001704,100.0,,,,100.0
Choice_Wireless__LC,TX,480090202001705,100.0,,,,100.0
Choice_Wireless__LC,TX,480090202001706,100.0,,,,100.0
Choice_Wireless__LC,TX,480090202001707,100.0,,,,100.0
Choice_Wireless__LC,TX,480090202001708,100.0,,,,100.0
Choice_Wireless__LC,TX,480090202001709,100.0,,,,100.0
Choice_Wireless__LC,TX,480090202001710,100.0,,,,100.0
Choice_Wireless__LC,TX,480090202001711,100.0,,,,100.0
Choice_Wireless__LC,TX,480090202001712,100.0,,,,100.0
Choice_Wireless__LC,TX,480090202001713,100.0,,,,100.0
Choice_Wireless__LC,TX,480090202001714,100.0,,,,100.0
Choice_Wireless__LC,TX,480090202001715,100.0,,,,100.0
Choice_Wireless__LC,TX,480090202001716,100.0,,,,100.0
Choice_Wireless__LC,TX,480090202001717,100.0,,,,100.0
Choice_Wireless__LC,TX,480090202001718,100.0,,,,100.0
Choice_Wireless__LC,TX,480090202001719,100.0,,,,100.0
Choice_Wireless__LC,TX,480090202001720,100.0,,,,100.0
Choice_Wireless__LC,TX,480090202001721,100.0,,,,100.0
Choice_Wireless__LC,TX,480090202001722,100.0,,,,100.0
Choice_Wireless__LC,TX,480090202001723,100.0,,,,100.0
Choice_Wireless__LC,TX,480090202001724,100.0,,,,100.0
Choice_Wireless__LC,TX,480090202001725,100.0,,,,100.0
Choice_Wireless__LC,TX,480090202001726,100.0,,,,100.0
Choice_Wireless__LC,TX,480090202001727,100.0,,,,100.0
Choice_Wireless__LC,TX,480090202001728,100.0,,,,100.0
Choice_Wireless__LC,TX,480090202001729,100.0,,,,100.0
Choice_Wireless__LC,TX,480090202001731,100.0,,,,100.0
Choice_Wireless__LC,TX,480090202001732,100.0,,,,100.0
Choice_Wireless__LC,TX,480090202001733,100.0,,,,100.0
Choice_Wireless__LC,TX,480090202001734,100.0,,,,100.0
Choice_Wireless__LC,TX,480090202002004,5.589,,,,5.589
Choice_Wireless__LC,TX,480090202002006,15.223,,,,15.223
Choice_Wireless__LC,TX,480090202002011,100.0,,,,100.0
Choice_Wireless__LC,TX,480090202002012,100.0,,,,100.0
Choice_Wireless__LC,TX,480090202002013,99.937,,,,99.937
Choice_Wireless__LC,TX,480090202002014,100.0,,,,100.0
Choice_Wireless__LC,TX,480090202002015,33.634,,,,33.634
Choice_Wireless__LC,TX,480090202002016,3.733,,,,3.733
Choice_Wireless__LC,TX,480090202002086,49.939,,,,49.939
Choice_Wireless__LC,TX,480090202002087,51.624,,,,51.624
Choice_Wireless__LC,TX,480090202003000,100.0,,,,100.0
Choice_Wireless__LC,TX,480090202003001,100.0,,,,100.0
Choice_Wireless__LC,TX,480090202003002,100.0,,,,100.0
Choice_Wireless__LC,TX,480090202003003,100.0,,,,100.0
Choice_Wireless__LC,TX,480090202003004,64.933,,,,64.933
Choice_Wireless__LC,TX,480090202003047,61.37,,,,61.37
Choice_Wireless__LC,TX,480090202003048,100.0,,,,100.0
Choice_Wireless__LC,TX,480090202003049,13.505,,,,13.505
Choice_Wireless__LC,TX,480090202003050,100.0,,,,100.0
Choice_Wireless__LC,TX,480090202003051,100.0,,,,100.0
Choice_Wireless__LC,TX,480090202003052,100.0,,,,100.0
Choice_Wireless__LC,TX,480090202003053,100.0,,,,100.0
Choice_Wireless__LC,TX,480090202003054,20.735,,,,20.735
Choice_Wireless__LC,TX,480090202003059,62.838,,,,62.838
Choice_Wireless__LC,TX,480090202003060,100.0,,,,100.0
Choice_Wireless__LC,TX,480090202003061,97.978,,,,97.978
Choice_Wireless__LC,TX,480090203001018,0.022,,,,0.022
Choice_Wireless__LC,TX,480090203001020,2.937,,,,2.937
Choice_Wireless__LC,TX,480090203001027,41.296,,,,41.296
Choice_Wireless__LC,TX,480090203001028,100.0,,,,100.0
Choice_Wireless__LC,TX,480090203001029,24.921,,,,24.921
Choice_Wireless__LC,TX,480090203001030,35.733,,,,35.733
Choice_Wireless__LC,TX,480090203001032,100.0,,,,100.0
Choice_Wireless__LC,TX,480090203001033,100.0,,,,100.0
Choice_Wireless__LC,TX,480090203001034,100.0,,,,100.0
Choice_Wireless__LC,TX,480090203001035,100.0,,,,100.0
Choice_Wireless__LC,TX,480090203001036,100.0,,,,100.0
Choice_Wireless__LC,TX,480090203001037,100.0,,,,100.0
Choice_Wireless__LC,TX,480090203001038,100.0,,,,100.0
Choice_Wireless__LC,TX,480090203001039,100.0,,,,100.0
Choice_Wireless__LC,TX,480090203001040,100.0,,,,100.0
Choice_Wireless__LC,TX,480090203001041,100.0,,,,100.0
Choice_Wireless__LC,TX,480090203001042,100.0,,,,100.0
Choice_Wireless__LC,TX,480090203001043,100.0,,,,100.0
Choice_Wireless__LC,TX,480090203001044,100.0,,,,100.0
Choice_Wireless__LC,TX,480090203001045,100.0,,,,100.0
Choice_Wireless__LC,TX,480090203001046,100.0,,,,100.0
Choice_Wireless__LC,TX,480090203001047,63.924,,,,63.924
Choice_Wireless__LC,TX,480090203001049,70.103,,,,70.103
Choice_Wireless__LC,TX,480090203001060,37.257,,,,37.257
Choice_Wireless__LC,TX,480090203001062,100.0,,,,100.0
Choice_Wireless__LC,TX,480090203001063,100.0,,,,100.0
Choice_Wireless__LC,TX,480090203001064,100.0,,,,100.0
Choice_Wireless__LC,TX,480090203001065,100.0,,,,100.0
Choice_Wireless__LC,TX,480090203001066,100.0,,,,100.0
Choice_Wireless__LC,TX,480090203001067,100.0,,,,100.0
Choice_Wireless__LC,TX,480090203001068,100.0,,,,100.0
Choice_Wireless__LC,TX,480090203001099,54.925,,,,54.925
Choice_Wireless__LC,TX,480090203001100,100.0,,,,100.0
Choice_Wireless__LC,TX,480090203001101,100.0,,,,100.0
Choice_Wireless__LC,TX,480090203001102,100.0,,,,100.0
Choice_Wireless__LC,TX,480090203001104,29.337,,,,29.337
Choice_Wireless__LC,TX,480090203001106,11.736,,,,11.736
Choice_Wireless__LC,TX,480090203001108,43.867,,,,43.867
Choice_Wireless__LC,TX,480090203001110,100.0,,,,100.0
Choice_Wireless__LC,TX,480090203001148,57.969,,,,57.969
Choice_Wireless__LC,TX,480090203001149,100.0,,,,100.0
Choice_Wireless__LC,TX,480090203001150,93.505,,,,93.505
Choice_Wireless__LC,TX,480090203001151,100.0,,,,100.0
Choice_Wireless__LC,TX,480090203001152,96.151,,,,96.151
Choice_Wireless__LC,TX,480090203001157,75.268,,,,75.268
Choice_Wireless__LC,TX,480090203001158,22.077,,,,22.077
Choice_Wireless__LC,TX,480090203001161,94.663,,,,94.663
Choice_Wireless__LC,TX,480090203001162,100.0,,,,100.0
Choice_Wireless__LC,TX,480090203001163,100.0,,,,100.0
Choice_Wireless__LC,TX,480090203001164,59.955,,,,59.955
Choice_Wireless__LC,TX,480090203001165,100.0,,,,100.0
Choice_Wireless__LC,TX,480090203001166,100.0,,,,100.0
Choice_Wireless__LC,TX,480090203001167,100.0,,,,100.0
Choice_Wireless__LC,TX,480090203001168,100.0,,,,100.0
Choice_Wireless__LC,TX,480090203001169,100.0,,,,100.0
Choice_Wireless__LC,TX,480090203001170,100.0,,,,100.0
Choice_Wireless__LC,TX,480090203001171,100.0,,,,100.0
Choice_Wireless__LC,TX,480090203001172,100.0,,,,100.0
Choice_Wireless__LC,TX,480090203001173,20.549,,,,20.549
Choice_Wireless__LC,TX,480090203001174,32.975,,,,32.975
Choice_Wireless__LC,TX,480090203001175,100.0,,,,100.0
Choice_Wireless__LC,TX,480090203001176,100.0,,,,100.0
Choice_Wireless__LC,TX,480090203001177,100.0,,,,100.0
Choice_Wireless__LC,TX,480090203001178,0.092,,,,0.092
Choice_Wireless__LC,TX,480090203001179,0.155,,,,0.155
Choice_Wireless__LC,TX,480090203001180,31.824,,,,31.824
Choice_Wireless__LC,TX,480090203001181,100.0,,,,100.0
Choice_Wireless__LC,TX,480090203002011,9.897,,,,9.897
Choice_Wireless__LC,TX,480090203002015,99.486,,,,99.486
Choice_Wireless__LC,TX,480090203002017,0.45,,,,0.45
Choice_Wireless__LC,TX,480090203002041,100.0,,,,100.0
Choice_Wireless__LC,TX,480090203002042,100.0,,,,100.0
Choice_Wireless__LC,TX,480090203002043,100.0,,,,100.0
Choice_Wireless__LC,TX,480090203002044,100.0,,,,100.0
Choice_Wireless__LC,TX,480090203002045,100.0,,,,100.0
Choice_Wireless__LC,TX,480090203002046,100.0,,,,100.0
Choice_Wireless__LC,TX,480090203002047,13.048,,,,13.048
Choice_Wireless__LC,TX,480090203002048,8.058,,,,8.058
Choice_Wireless__LC,TX,480090203002049,100.0,,,,100.0
Choice_Wireless__LC,TX,480090203002050,100.0,,,,100.0
Choice_Wireless__LC,TX,480090203002051,100.0,,,,100.0
Choice_Wireless__LC,TX,480090203002052,100.0,,,,100.0
Choice_Wireless__LC,TX,480090203002053,100.0,,,,100.0
Choice_Wireless__LC,TX,480090203002054,100.0,,,,100.0
Choice_Wireless__LC,TX,480090203002055,100.0,,,,100.0
Choice_Wireless__LC,TX,480090203002056,100.0,,,,100.0
Choice_Wireless__LC,TX,480090203002057,100.0,,,,100.0
Choice_Wireless__LC,TX,480090203002058,100.0,,,,100.0
Choice_Wireless__LC,TX,480090203002059,100.0,,,,100.0
Choice_Wireless__LC,TX,480090203002060,100.0,,,,100.0
Choice_Wireless__LC,TX,480090203002061,100.0,,,,100.0
Choice_Wireless__LC,TX,480090203002062,100.0,,,,100.0
Choice_Wireless__LC,TX,480090203002063,100.0,,,,100.0
Choice_Wireless__LC,TX,480090203002064,100.0,,,,100.0
Choice_Wireless__LC,TX,480090203002065,100.0,,,,100.0
Choice_Wireless__LC,TX,480090203002066,100.0,,,,100.0
Choice_Wireless__LC,TX,480090203002067,100.0,,,,100.0
Choice_Wireless__LC,TX,480090203002068,100.0,,,,100.0
Choice_Wireless__LC,TX,480090203002069,100.0,,,,100.0
Choice_Wireless__LC,TX,480090203002070,100.0,,,,100.0
Choice_Wireless__LC,TX,480090203002071,100.0,,,,100.0
Choice_Wireless__LC,TX,480090203002072,100.0,,,,100.0
Choice_Wireless__LC,TX,480090203002073,100.0,,,,100.0
Choice_Wireless__LC,TX,480090203002074,100.0,,,,100.0
Choice_Wireless__LC,TX,480090203002075,100.0,,,,100.0
Choice_Wireless__LC,TX,480090203002076,100.0,,,,100.0
Choice_Wireless__LC,TX,480090203002077,100.0,,,,100.0
Choice_Wireless__LC,TX,480090203002078,100.0,,,,100.0
Choice_Wireless__LC,TX,480090203002079,100.0,,,,100.0
Choice_Wireless__LC,TX,480090203002080,100.0,,,,100.0
Choice_Wireless__LC,TX,480090203002081,100.0,,,,100.0
Choice_Wireless__LC,TX,480090203002082,100.0,,,,100.0
Choice_Wireless__LC,TX,480090203002083,42.655,,,,42.655
Choice_Wireless__LC,TX,480090203002084,100.0,,,,100.0
Choice_Wireless__LC,TX,480090203002085,100.0,,,,100.0
Choice_Wireless__LC,TX,480090203002086,100.0,,,,100.0
Choice_Wireless__LC,TX,480090203002087,100.0,,,,100.0
Choice_Wireless__LC,TX,480090203002088,100.0,,,,100.0
Choice_Wireless__LC,TX,480090203002089,16.622,,,,16.622
Choice_Wireless__LC,TX,480090203002090,0.284,,,,0.284
Choice_Wireless__LC,TX,480090203002139,35.585,,,,35.585
Choice_Wireless__LC,TX,480090203002140,100.0,,,,100.0
Choice_Wireless__LC,TX,480090203002141,1.6,,,,1.6
Choice_Wireless__LC,TX,480090203002294,1.209,,,,1.209
Choice_Wireless__LC,TX,480090203002295,17.455,,,,17.455
Choice_Wireless__LC,TX,480090203002296,45.006,,,,45.006
Choice_Wireless__LC,TX,480090203002358,100.0,,,,100.0
Choice_Wireless__LC,TX,480090203003000,97.289,,,,97.289
Choice_Wireless__LC,TX,480090203003001,100.0,,,,100.0
Choice_Wireless__LC,TX,480090203003002,100.0,,,,100.0
Choice_Wireless__LC,TX,480090203003003,100.0,,,,100.0
Choice_Wireless__LC,TX,480090203003004,100.0,,,,100.0
Choice_Wireless__LC,TX,480090203003005,100.0,,,,100.0
Choice_Wireless__LC,TX,480090203003006,100.0,,,,100.0
Choice_Wireless__LC,TX,480090203003007,100.0,,,,100.0
Choice_Wireless__LC,TX,480090203003008,100.0,,,,100.0
Choice_Wireless__LC,TX,480090203003009,100.0,,,,100.0
Choice_Wireless__LC,TX,480090203003010,100.0,,,,100.0
Choice_Wireless__LC,TX,480090203003011,1.017,,,,1.017
Choice_Wireless__LC,TX,480090203003013,58.615,,,,58.615
Choice_Wireless__LC,TX,480090203003017,100.0,,,,100.0
Choice_Wireless__LC,TX,480090203003022,40.517,,,,40.517
Choice_Wireless__LC,TX,480090203003023,100.0,,,,100.0
Choice_Wireless__LC,TX,480090203003024,100.0,,,,100.0
Choice_Wireless__LC,TX,480090203003025,100.0,,,,100.0
Choice_Wireless__LC,TX,480090203003026,100.0,,,,100.0
Choice_Wireless__LC,TX,480090203003027,100.0,,,,100.0
Choice_Wireless__LC,TX,480090203003042,0.555,,,,0.555
Choice_Wireless__LC,TX,480090203003044,96.154,,,,96.154
Choice_Wireless__LC,TX,480090203003045,1.813,,,,1.813
Choice_Wireless__LC,TX,480090203003048,15.148,,,,15.148
Choice_Wireless__LC,TX,480090203003049,46.938,,,,46.938
Choice_Wireless__LC,TX,480090203003050,1.225,,,,1.225
Choice_Wireless__LC,TX,480090203003056,100.0,,,,100.0
Choice_Wireless__LC,TX,480090203003057,100.0,,,,100.0
Choice_Wireless__LC,TX,480090203003058,100.0,,,,100.0
Choice_Wireless__LC,TX,480090203003059,100.0,,,,100.0
Choice_Wireless__LC,TX,480090203003060,100.0,,,,100.0
Choice_Wireless__LC,TX,480090203003061,100.0,,,,100.0
Choice_Wireless__LC,TX,480090203003062,100.0,,,,100.0
Choice_Wireless__LC,TX,480090203003063,100.0,,,,100.0
Choice_Wireless__LC,TX,480090203003090,64.951,,,,64.951
Choice_Wireless__LC,TX,480090203003091,40.406,,,,40.406
Choice_Wireless__LC,TX,480090203003092,100.0,,,,100.0
Choice_Wireless__LC,TX,480090203003093,0.717,,,,0.717
Choice_Wireless__LC,TX,480090203003095,100.0,,,,100.0
Choice_Wireless__LC,TX,480090203003097,100.0,,,,100.0
Choice_Wireless__LC,TX,480090203003098,65.39,,,,65.39
Choice_Wireless__LC,TX,480090203003099,100.0,,,,100.0
Choice_Wireless__LC,TX,480090203003115,100.0,,,,100.0
Choice_Wireless__LC,TX,480090203003118,100.0,,,,100.0
Choice_Wireless__LC,TX,480090203003119,100.0,,,,100.0
Choice_Wireless__LC,TX,480090203003120,30.526,,,,30.526
Choice_Wireless__LC,TX,480090203003121,100.0,,,,100.0
Choice_Wireless__LC,TX,480090203003122,100.0,,,,100.0
Choice_Wireless__LC,TX,480090203004000,100.0,,,,100.0
Choice_Wireless__LC,TX,480090203004001,100.0,,,,100.0
Choice_Wireless__LC,TX,480090203004002,100.0,,,,100.0
Choice_Wireless__LC,TX,480090203004003,100.0,,,,100.0
Choice_Wireless__LC,TX,480090203004004,100.0,,,,100.0
Choice_Wireless__LC,TX,480090203004005,100.0,,,,100.0
Choice_Wireless__LC,TX,480090203004006,100.0,,,,100.0
Choice_Wireless__LC,TX,480090203004007,100.0,,,,100.0
Choice_Wireless__LC,TX,480090203004008,100.0,,,,100.0
Choice_Wireless__LC,TX,480090203004009,100.0,,,,100.0
Choice_Wireless__LC,TX,480090203004010,100.0,,,,100.0
Choice_Wireless__LC,TX,480090203004011,100.0,,,,100.0
Choice_Wireless__LC,TX,480090203004012,100.0,,,,100.0
Choice_Wireless__LC,TX,480090203004013,100.0,,,,100.0
Choice_Wireless__LC,TX,480090203004014,100.0,,,,100.0
Choice_Wireless__LC,TX,480090203004015,100.0,,,,100.0
Choice_Wireless__LC,TX,480090203004016,100.0,,,,100.0
Choice_Wireless__LC,TX,480090203004017,100.0,,,,100.0
Choice_Wireless__LC,TX,480090203004018,100.0,,,,100.0
Choice_Wireless__LC,TX,480090203004019,100.0,,,,100.0
Choice_Wireless__LC,TX,480090203004020,100.0,,,,100.0
Choice_Wireless__LC,TX,480090203004021,100.0,,,,100.0
Choice_Wireless__LC,TX,480090203004022,100.0,,,,100.0
Choice_Wireless__LC,TX,480090203004023,100.0,,,,100.0
Choice_Wireless__LC,TX,480090203004024,100.0,,,,100.0
Choice_Wireless__LC,TX,480090203004025,100.0,,,,100.0
Choice_Wireless__LC,TX,480090203004026,100.0,,,,100.0
Choice_Wireless__LC,TX,480090203004027,100.0,,,,100.0
Choice_Wireless__LC,TX,480090203004028,100.0,,,,100.0
Choice_Wireless__LC,TX,480090203004029,100.0,,,,100.0
Choice_Wireless__LC,TX,480090203004030,100.0,,,,100.0
Choice_Wireless__LC,TX,480090203004031,100.0,,,,100.0
Choice_Wireless__LC,TX,480090203004032,100.0,,,,100.0
Choice_Wireless__LC,TX,480090203004033,100.0,,,,100.0
Choice_Wireless__LC,TX,480090203004034,100.0,,,,100.0
Choice_Wireless__LC,TX,480090203004035,100.0,,,,100.0
Choice_Wireless__LC,TX,484850122003001,0.124,,,,0.124
Choice_Wireless__LC,TX,484850122003018,52.698,,,,52.698
Choice_Wireless__LC,TX,484850122003019,60.147,,,,60.147
Choice_Wireless__LC,TX,484850122003020,100.0,,,,100.0
Choice_Wireless__LC,TX,484850122003021,35.914,,,,35.914
Choice_Wireless__LC,TX,484850122003026,20.76,,,,20.76
Choice_Wireless__LC,TX,484850123003047,0.13,,,,0.13
Choice_Wireless__LC,TX,484850124004025,17.416,,,,17.416
Choice_Wireless__LC,TX,484850128004029,40.938,,,,40.938
Choice_Wireless__LC,TX,485039502001207,0.728,,,,0.728
Choice_Wireless__LC,TX,485039502001211,30.29,,,,30.29
Choice_Wireless__LC,TX,485039502001212,2.775,,,,2.775
Choice_Wireless__LC,TX,485039502001238,16.126,,,,16.126
Choice_Wireless__LC,TX,485039502001239,41.515,,,,41.515
Choice_Wireless__LC,TX,485039502001240,100.0,,,,100.0
Choice_Wireless__LC,TX,485039502001248,2.052,,,,2.052
Choice_Wireless__LC,TX,485039502001249,100.0,,,,100.0
Choice_Wireless__LC,TX,485039502001258,20.136,,,,20.136
Choice_Wireless__LC,TX,485039502001259,100.0,,,,100.0
Choice_Wireless__LC,TX,485039502001260,98.476,,,,98.476
Choice_Wireless__LC,TX,485039502001261,100.0,,,,100.0
Choice_Wireless__LC,TX,485039502001262,87.82,,,,87.82
Choice_Wireless__LC,TX,485039502001288,26.542,,,,26.542
Choice_Wireless__LC,TX,485039502001291,85.038,,,,85.038
Choice_Wireless__LC,TX,485039502001292,90.328,,,,90.328
Choice_Wireless__LC,TX,485039502001293,76.927,,,,76.927
Choice_Wireless__LC,TX,485039502001294,100.0,,,,100.0
Choice_Wireless__LC,TX,485039502001295,100.0,,,,100.0
Choice_Wireless__LC,TX,485039502001296,100.0,,,,100.0
Choice_Wireless__LC,TX,485039502001297,0.395,,,,0.395
Choice_Wireless__LC,TX,485039502001310,3.78,,,,3.78
Choice_Wireless__LC,TX,485039502002002,7.695,,,,7.695
Choice_Wireless__LC,TX,485039502002003,37.572,,,,37.572
Choice_Wireless__LC,TX,485039502002004,79.294,,,,79.294
Choice_Wireless__LC,TX,485039502002009,91.964,,,,91.964
Choice_Wireless__LC,TX,485039502002010,100.0,,,,100.0
Choice_Wireless__LC,TX,485039502002011,75.52,,,,75.52
Choice_Wireless__LC,TX,485039502002014,48.447,,,,48.447
Choice_Wireless__LC,TX,485039502002015,100.0,,,,100.0
Choice_Wireless__LC,TX,485039502002016,99.999,,,,99.999
Choice_Wireless__LC,TX,485039502002020,67.415,,,,67.415
Choice_Wireless__LC,TX,485039502002021,79.816,,,,79.816
Choice_Wireless__LC,TX,485039502002025,27.132,,,,27.132
Choice_Wireless__LC,TX,485039502002026,100.0,,,,100.0
Choice_Wireless__LC,TX,485039502002027,100.0,,,,100.0
Choice_Wireless__LC,TX,485039502002028,100.0,,,,100.0
Choice_Wireless__LC,TX,485039502002029,100.0,,,,100.0
Choice_Wireless__LC,TX,485039502002030,98.248,,,,98.248
Choice_Wireless__LC,TX,485039502002031,62.727,,,,62.727
Choice_Wireless__LC,TX,485039502002035,84.719,,,,84.719
Choice_Wireless__LC,TX,485039502002036,81.622,,,,81.622
Choice_Wireless__LC,TX,485039502002037,100.0,,,,100.0
Choice_Wireless__LC,TX,485039502002038,100.0,,,,100.0
Choice_Wireless__LC,TX,485039502002039,100.0,,,,100.0
Choice_Wireless__LC,TX,485039502002040,100.0,,,,100.0
Choice_Wireless__LC,TX,485039502002041,100.0,,,,100.0
Choice_Wireless__LC,TX,485039502002042,100.0,,,,100.0
Choice_Wireless__LC,TX,485039502002043,100.0,,,,100.0
Choice_Wireless__LC,TX,485039502002044,100.0,,,,100.0
Choice_Wireless__LC,TX,485039502002045,100.0,,,,100.0
Choice_Wireless__LC,TX,485039502002046,100.0,,,,100.0
Choice_Wireless__LC,TX,485039502002047,100.0,,,,100.0
Choice_Wireless__LC,TX,485039502002048,71.239,,,,71.239
Choice_Wireless__LC,TX,485039502002052,11.656,,,,11.656
Choice_Wireless__LC,TX,485039502002053,40.19,,,,40.19
Choice_Wireless__LC,TX,485039502002054,100.0,,,,100.0
Choice_Wireless__LC,TX,485039502002055,100.0,,,,100.0
Choice_Wireless__LC,TX,485039502002056,60.671,,,,60.671
Choice_Wireless__LC,TX,485039502002059,100.0,,,,100.0
Choice_Wireless__LC,TX,485039502002060,100.0,,,,100.0
Choice_Wireless__LC,TX,485039502002061,100.0,,,,100.0
Choice_Wireless__LC,TX,485039502002062,100.0,,,,100.0
Choice_Wireless__LC,TX,485039502002063,100.0,,,,100.0
Choice_Wireless__LC,TX,485039502002064,100.0,,,,100.0
Choice_Wireless__LC,TX,485039502002065,100.0,,,,100.0
Choice_Wireless__LC,TX,485039502002066,100.0,,,,100.0
Choice_Wireless__LC,TX,485039502002067,100.0,,,,100.0
Choice_Wireless__LC,TX,485039502002068,100.0,,,,100.0
Choice_Wireless__LC,TX,485039502002069,56.246,,,,56.246
Choice_Wireless__LC,TX,485039502002073,76.475,,,,76.475
Choice_Wireless__LC,TX,485039502002074,100.0,,,,100.0
Choice_Wireless__LC,TX,485039502002075,100.0,,,,100.0
Choice_Wireless__LC,TX,485039502002076,100.0,,,,100.0
Choice_Wireless__LC,TX,485039502002077,100.0,,,,100.0
Choice_Wireless__LC,TX,485039502002078,100.0,,,,100.0
Choice_Wireless__LC,TX,485039502002079,32.41,,,,32.41
Choice_Wireless__LC,TX,485039502002080,5.166,,,,5.166
Choice_Wireless__LC,TX,485039502002081,96.83,,,,96.83
Choice_Wireless__LC,TX,485039502002082,100.0,,,,100.0
Choice_Wireless__LC,TX,485039502002083,100.0,,,,100.0
Choice_Wireless__LC,TX,485039502002084,100.0,,,,100.0
Choice_Wireless__LC,TX,485039502002085,100.0,,,,100.0
Choice_Wireless__LC,TX,485039502002086,100.0,,,,100.0
Choice_Wireless__LC,TX,485039502002087,100.0,,,,100.0
Choice_Wireless__LC,TX,485039502002088,100.0,,,,100.0
Choice_Wireless__LC,TX,485039502002089,93.174,,,,93.174
Choice_Wireless__LC,TX,485039502002090,87.266,,,,87.266
Choice_Wireless__LC,TX,485039502002093,100.0,,,,100.0
Choice_Wireless__LC,TX,485039502002094,100.0,,,,100.0
Choice_Wireless__LC,TX,485039502002095,100.0,,,,100.0
Choice_Wireless__LC,TX,485039502002096,100.0,,,,100.0
Choice_Wireless__LC,TX,485039502002097,100.0,,,,100.0
Choice_Wireless__LC,TX,485039502002098,100.0,,,,100.0
Choice_Wireless__LC,TX,485039502002099,100.0,,,,100.0
Choice_Wireless__LC,TX,485039502002100,81.014,,,,81.014
Choice_Wireless__LC,TX,485039502002103,100.0,,,,100.0
Choice_Wireless__LC,TX,485039502002104,100.0,,,,100.0
Choice_Wireless__LC,TX,485039502002105,100.0,,,,100.0
Choice_Wireless__LC,TX,485039502002106,75.668,,,,75.668
Choice_Wireless__LC,TX,485039502002107,100.0,,,,100.0
Choice_Wireless__LC,TX,485039502002108,100.0,,,,100.0
Choice_Wireless__LC,TX,485039502003000,99.96,,,,99.96
Choice_Wireless__LC,TX,485039502003001,100.0,,,,100.0
Choice_Wireless__LC,TX,485039502003002,100.0,,,,100.0
Choice_Wireless__LC,TX,485039502003003,100.0,,,,100.0
Choice_Wireless__LC,TX,485039502003004,100.0,,,,100.0
Choice_Wireless__LC,TX,485039502003005,100.0,,,,100.0
Choice_Wireless__LC,TX,485039502003006,100.0,,,,100.0
Choice_Wireless__LC,TX,485039502003007,100.0,,,,100.0
Choice_Wireless__LC,TX,485039502003008,100.0,,,,100.0
Choice_Wireless__LC,TX,485039502003009,100.0,,,,100.0
Choice_Wireless__LC,TX,485039502003010,100.0,,,,100.0
Choice_Wireless__LC,TX,485039502003011,100.0,,,,100.0
Choice_Wireless__LC,TX,485039502003012,100.0,,,,100.0
Choice_Wireless__LC,TX,485039502003013,100.0,,,,100.0
Choice_Wireless__LC,TX,485039502003014,100.0,,,,100.0
Choice_Wireless__LC,TX,485039502003015,100.0,,,,100.0
Choice_Wireless__LC,TX,485039502003016,100.0,,,,100.0
Choice_Wireless__LC,TX,485039502003017,100.0,,,,100.0
Choice_Wireless__LC,TX,485039502003018,100.0,,,,100.0
Choice_Wireless__LC,TX,485039502003019,100.0,,,,100.0
Choice_Wireless__LC,TX,485039502003020,100.0,,,,100.0
Choice_Wireless__LC,TX,485039502003021,100.0,,,,100.0
Choice_Wireless__LC,TX,485039502003022,100.0,,,,100.0
Choice_Wireless__LC,TX,485039502003023,100.0,,,,100.0
Choice_Wireless__LC,TX,485039502003024,100.0,,,,100.0
Choice_Wireless__LC,TX,485039502003025,100.0,,,,100.0
Choice_Wireless__LC,TX,485039502003026,100.0,,,,100.0
Choice_Wireless__LC,TX,485039502003027,100.0,,,,100.0
Choice_Wireless__LC,TX,485039502003028,100.0,,,,100.0
Choice_Wireless__LC,TX,485039502003029,100.0,,,,100.0
Choice_Wireless__LC,TX,485039502003030,100.0,,,,100.0
Choice_Wireless__LC,TX,485039502003031,100.0,,,,100.0
Choice_Wireless__LC,TX,485039502003032,100.0,,,,100.0
Choice_Wireless__LC,TX,485039502003033,100.0,,,,100.0
Choice_Wireless__LC,TX,485039502003034,100.0,,,,100.0
Choice_Wireless__LC,TX,485039502003035,100.0,,,,100.0
Choice_Wireless__LC,TX,485039502003036,100.0,,,,100.0
Choice_Wireless__LC,TX,485039502003037,100.0,,,,100.0
Choice_Wireless__LC,TX,485039502003038,100.0,,,,100.0
Choice_Wireless__LC,TX,485039502003039,100.0,,,,100.0
Choice_Wireless__LC,TX,485039502003040,100.0,,,,100.0
Choice_Wireless__LC,TX,485039502003041,100.0,,,,100.0
Choice_Wireless__LC,TX,485039502003042,100.0,,,,100.0
Choice_Wireless__LC,TX,485039502003043,100.0,,,,100.0
Choice_Wireless__LC,TX,485039502004002,69.151,,,,69.151
Choice_Wireless__LC,TX,485039502004003,100.0,,,,100.0
Choice_Wireless__LC,TX,485039502004004,100.0,,,,100.0
Choice_Wireless__LC,TX,485039502004005,100.0,,,,100.0
Choice_Wireless__LC,TX,485039502004006,100.0,,,,100.0
Choice_Wireless__LC,TX,485039502004007,100.0,,,,100.0
Choice_Wireless__LC,TX,485039502004008,100.0,,,,100.0
Choice_Wireless__LC,TX,485039502004009,100.0,,,,100.0
Choice_Wireless__LC,TX,485039502004010,100.0,,,,100.0
Choice_Wireless__LC,TX,485039502004011,100.0,,,,100.0
Choice_Wireless__LC,TX,485039502004012,100.0,,,,100.0
Choice_Wireless__LC,TX,485039502004013,100.0,,,,100.0
Choice_Wireless__LC,TX,485039502004014,100.0,,,,100.0
Choice_Wireless__LC,TX,485039502004015,100.0,,,,100.0
Choice_Wireless__LC,TX,485039502004016,100.0,,,,100.0
Choice_Wireless__LC,TX,485039502004017,33.118,,,,33.118
Choice_Wireless__LC,TX,485039502004022,1.19,,,,1.19
Choice_Wireless__LC,TX,485039502004023,64.75,,,,64.75
Choice_Wireless__LC,TX,485039502004027,42.216,,,,42.216
Choice_Wireless__LC,TX,485039502004028,9.051,,,,9.051
Choice_Wireless__LC,TX,485039502004031,49.003,,,,49.003
Choice_Wireless__LC,TX,485039502004033,37.514,,,,37.514
Choice_Wireless__LC,TX,485039502004034,100.0,,,,100.0
Choice_Wireless__LC,TX,485039502004035,100.0,,,,100.0
Choice_Wireless__LC,TX,485039502004036,100.0,,,,100.0
Choice_Wireless__LC,TX,485039502004037,100.0,,,,100.0
Choice_Wireless__LC,TX,485039502004040,0.0,,,,0.0
Choice_Wireless__LC,TX,485039502004045,4.209,,,,4.209
Choice_Wireless__LC,TX,485039502004046,99.912,,,,99.912
Choice_Wireless__LC,TX,485039502004047,99.999,,,,99.999
Choice_Wireless__LC,TX,485039502004048,100.0,,,,100.0
Choice_Wireless__LC,TX,485039502004052,27.111,,,,27.111
Choice_Wireless__LC,TX,485039502004056,100.0,,,,100.0
Choice_Wireless__LC,TX,485039502004067,48.846,,,,48.846
Choice_Wireless__LC,TX,485039502004070,82.678,,,,82.678
Choice_Wireless__LC,TX,485039502004071,57.907,,,,57.907
Choice_Wireless__LC,TX,485039502004099,2.814,,,,2.814
