DBA,STATE_ABBR,FIPS,2G,3G,4G_LTE,4G_NON_LTE,ANY
Windy_City_Cellular_LLC,AK,20160001001037,0.962,,,,0.962
Windy_City_Cellular_LLC,AK,20160001001044,57.268,,,,57.268
Windy_City_Cellular_LLC,AK,20160001001234,2.779,,,,2.779
Windy_City_Cellular_LLC,AK,20160001001237,59.846,,,,59.846
Windy_City_Cellular_LLC,AK,20160001001238,13.134,,,,13.134
Windy_City_Cellular_LLC,AK,20160001001239,29.799,,,,29.799
Windy_City_Cellular_LLC,AK,20160001001240,58.939,,,,58.939
Windy_City_Cellular_LLC,AK,20160001001242,21.907,,,,21.907
Windy_City_Cellular_LLC,AK,20160001001243,84.309,,,,84.309
Windy_City_Cellular_LLC,AK,20160001001244,55.914,,,,55.914
Windy_City_Cellular_LLC,AK,20160001001245,20.502,,,,20.502
Windy_City_Cellular_LLC,AK,20160001001250,15.751,,,,15.751
Windy_City_Cellular_LLC,AK,20160001001251,98.427,,,,98.427
Windy_City_Cellular_LLC,AK,20160001001252,8.523,,,,8.523
Windy_City_Cellular_LLC,AK,20160001001253,12.443,,,,12.443
Windy_City_Cellular_LLC,AK,20160001001256,95.376,,,,95.376
Windy_City_Cellular_LLC,AK,20160001001257,87.751,,,,87.751
Windy_City_Cellular_LLC,AK,20160001001258,7.536,,,,7.536
Windy_City_Cellular_LLC,AK,20160001001259,0.05,,,,0.05
Windy_City_Cellular_LLC,AK,20160001001266,91.041,,,,91.041
Windy_City_Cellular_LLC,AK,20160001001267,76.08,,,,76.08
Windy_City_Cellular_LLC,AK,20160001001268,100.0,,,,100.0
Windy_City_Cellular_LLC,AK,20160001001269,100.0,,,,100.0
Windy_City_Cellular_LLC,AK,20160001001270,71.201,,,,71.201
Windy_City_Cellular_LLC,AK,20160001001271,100.0,,,,100.0
Windy_City_Cellular_LLC,AK,20160001001272,100.0,,,,100.0
Windy_City_Cellular_LLC,AK,20160001001273,100.0,,,,100.0
Windy_City_Cellular_LLC,AK,20160001001274,100.0,,,,100.0
Windy_City_Cellular_LLC,AK,20160001001275,100.0,,,,100.0
Windy_City_Cellular_LLC,AK,20160001001276,100.0,,,,100.0
Windy_City_Cellular_LLC,AK,20160001001277,13.952,,,,13.952
Windy_City_Cellular_LLC,AK,20160001001278,5.075,,,,5.075
Windy_City_Cellular_LLC,AK,20160001001279,10.841,,,,10.841
Windy_City_Cellular_LLC,AK,20160001001280,96.103,,,,96.103
Windy_City_Cellular_LLC,AK,20160001001281,100.0,,,,100.0
Windy_City_Cellular_LLC,AK,20160001001283,100.0,,,,100.0
Windy_City_Cellular_LLC,AK,20160001001284,100.0,,,,100.0
Windy_City_Cellular_LLC,AK,20160001001285,100.0,,,,100.0
Windy_City_Cellular_LLC,AK,20160001001286,100.0,,,,100.0
Windy_City_Cellular_LLC,AK,20160001001287,95.412,,,,95.412
Windy_City_Cellular_LLC,AK,20160001001288,100.0,,,,100.0
Windy_City_Cellular_LLC,AK,20160001001289,100.0,,,,100.0
Windy_City_Cellular_LLC,AK,20160001001290,100.0,,,,100.0
Windy_City_Cellular_LLC,AK,20160001001291,100.0,,,,100.0
Windy_City_Cellular_LLC,AK,20160001001292,100.0,,,,100.0
Windy_City_Cellular_LLC,AK,20160001001293,100.0,,,,100.0
Windy_City_Cellular_LLC,AK,20160001001294,76.636,,,,76.636
Windy_City_Cellular_LLC,AK,20160001001295,100.0,,,,100.0
Windy_City_Cellular_LLC,AK,20160001001296,100.0,,,,100.0
Windy_City_Cellular_LLC,AK,20160001001297,89.581,,,,89.581
Windy_City_Cellular_LLC,AK,20160001001298,100.0,,,,100.0
Windy_City_Cellular_LLC,AK,20160001001299,92.093,,,,92.093
Windy_City_Cellular_LLC,AK,20160001001300,100.0,,,,100.0
Windy_City_Cellular_LLC,AK,20160001001301,100.0,,,,100.0
Windy_City_Cellular_LLC,AK,20160001001302,99.152,,,,99.152
Windy_City_Cellular_LLC,AK,20160001001303,100.0,,,,100.0
Windy_City_Cellular_LLC,AK,20160001001304,94.092,,,,94.092
Windy_City_Cellular_LLC,AK,20160001001305,100.0,,,,100.0
Windy_City_Cellular_LLC,AK,20160001001306,100.0,,,,100.0
Windy_City_Cellular_LLC,AK,20160001001307,100.0,,,,100.0
Windy_City_Cellular_LLC,AK,20160001001308,100.0,,,,100.0
Windy_City_Cellular_LLC,AK,20160001001330,100.0,,,,100.0
Windy_City_Cellular_LLC,AK,20160001001331,100.0,,,,100.0
Windy_City_Cellular_LLC,AK,20160001001332,100.0,,,,100.0
Windy_City_Cellular_LLC,AK,20160001001357,100.0,,,,100.0
Windy_City_Cellular_LLC,AK,20160001001381,100.0,,,,100.0
Windy_City_Cellular_LLC,AK,20160001001382,100.0,,,,100.0
Windy_City_Cellular_LLC,AK,20160001001383,100.0,,,,100.0
Windy_City_Cellular_LLC,AK,20160001001388,100.0,,,,100.0
Windy_City_Cellular_LLC,AK,20160001001404,0.019,,,,0.019
Windy_City_Cellular_LLC,AK,20160001001405,45.102,,,,45.102
Windy_City_Cellular_LLC,AK,20160001001406,24.616,,,,24.616
Windy_City_Cellular_LLC,AK,20160001001407,100.0,,,,100.0
Windy_City_Cellular_LLC,AK,20160001001409,100.0,,,,100.0
Windy_City_Cellular_LLC,AK,20160001001410,48.682,,,,48.682
Windy_City_Cellular_LLC,AK,20160001001411,100.0,,,,100.0
Windy_City_Cellular_LLC,AK,20160001001412,100.0,,,,100.0
Windy_City_Cellular_LLC,AK,20160001001413,100.0,,,,100.0
Windy_City_Cellular_LLC,AK,20160001001414,100.0,,,,100.0
Windy_City_Cellular_LLC,AK,20160001001415,100.0,,,,100.0
Windy_City_Cellular_LLC,AK,20160001001416,100.0,,,,100.0
Windy_City_Cellular_LLC,AK,20160001001417,100.0,,,,100.0
Windy_City_Cellular_LLC,AK,20160001001683,100.0,,,,100.0
Windy_City_Cellular_LLC,AK,20160001001684,100.0,,,,100.0
Windy_City_Cellular_LLC,AK,20160001001685,100.0,,,,100.0
Windy_City_Cellular_LLC,AK,20160001001686,100.0,,,,100.0
Windy_City_Cellular_LLC,AK,20160001001687,100.0,,,,100.0
Windy_City_Cellular_LLC,AK,20160001001688,100.0,,,,100.0
Windy_City_Cellular_LLC,AK,20160001001689,100.0,,,,100.0
Windy_City_Cellular_LLC,AK,20160001001690,100.0,,,,100.0
Windy_City_Cellular_LLC,AK,20160001001788,100.0,,,,100.0
Windy_City_Cellular_LLC,AK,20160001001817,100.0,,,,100.0
Windy_City_Cellular_LLC,AK,20160001001836,100.0,,,,100.0
Windy_City_Cellular_LLC,AK,20160001001838,100.0,,,,100.0
Windy_City_Cellular_LLC,AK,20160001001839,100.0,,,,100.0
Windy_City_Cellular_LLC,AK,20160001001840,100.0,,,,100.0
