STATE_ABBR,FIPS,DBA,2G,3G,4G_LTE,4G_NON_LTE,ANY
AS,600109501001004,Bluesky_Communications,55.768,55.768,,,55.768
AS,600109501001005,Bluesky_Communications,6.949,6.949,,,6.949
AS,600109501001006,Bluesky_Communications,33.641,33.641,,,33.641
AS,600109501001007,Bluesky_Communications,5.375,5.375,,,5.375
AS,600109501001011,Bluesky_Communications,7.4,7.4,,,7.4
AS,600109501002000,Bluesky_Communications,100.0,100.0,,,100.0
AS,600109501002001,Bluesky_Communications,99.496,99.496,,,99.496
AS,600109501002002,Bluesky_Communications,100.0,100.0,,,100.0
AS,600109501002003,Bluesky_Communications,100.0,100.0,,,100.0
AS,600109501002004,Bluesky_Communications,99.317,99.317,,,99.317
AS,600109501002005,Bluesky_Communications,100.0,100.0,,,100.0
AS,600109501002006,Bluesky_Communications,100.0,100.0,,,100.0
AS,600109501002007,Bluesky_Communications,0.899,0.899,,,0.899
AS,600109501002008,Bluesky_Communications,0.345,0.345,,,0.345
AS,600109501002013,Bluesky_Communications,100.0,100.0,,,100.0
AS,600109501002014,Bluesky_Communications,100.0,100.0,,,100.0
AS,600109501002015,Bluesky_Communications,100.0,100.0,,,100.0
AS,600109501002016,Bluesky_Communications,99.636,99.636,,,99.636
AS,600109501002017,Bluesky_Communications,100.0,100.0,,,100.0
AS,600109501002018,Bluesky_Communications,100.0,100.0,,,100.0
AS,600109501002019,Bluesky_Communications,100.0,100.0,,,100.0
AS,600109501002020,Bluesky_Communications,0.558,0.558,,,0.558
AS,600109501002023,Bluesky_Communications,0.399,0.399,,,0.399
AS,600109501002024,Bluesky_Communications,0.286,0.286,,,0.286
AS,600109501002025,Bluesky_Communications,97.849,97.849,,,97.849
AS,600109501002026,Bluesky_Communications,100.0,100.0,,,100.0
AS,600109501002027,Bluesky_Communications,100.0,100.0,,,100.0
AS,600109501002028,Bluesky_Communications,100.0,100.0,,,100.0
AS,600109501002029,Bluesky_Communications,0.705,0.705,,,0.705
AS,600109501002030,Bluesky_Communications,0.31,0.31,,,0.31
AS,600109501002031,Bluesky_Communications,10.632,10.632,,,10.632
AS,600109501002032,Bluesky_Communications,100.0,100.0,,,100.0
AS,600109501002033,Bluesky_Communications,100.0,100.0,,,100.0
AS,600109501002034,Bluesky_Communications,99.999,99.999,,,99.999
AS,600109501002035,Bluesky_Communications,7.309,7.309,,,7.309
AS,600109501002036,Bluesky_Communications,0.099,0.099,,,0.099
AS,600109501002037,Bluesky_Communications,6.561,6.561,,,6.561
AS,600109501002040,Bluesky_Communications,100.0,100.0,,,100.0
AS,600109501002041,Bluesky_Communications,0.256,0.256,,,0.256
AS,600109502001003,Bluesky_Communications,1.318,1.384,,,1.386
AS,600109502001005,Bluesky_Communications,1.365,1.36,,,1.365
AS,600109502001006,Bluesky_Communications,87.862,87.891,,,87.892
AS,600109502001007,Bluesky_Communications,100.0,100.0,,,100.001
AS,600109502001008,Bluesky_Communications,100.0,100.0,,,100.0
AS,600109502001009,Bluesky_Communications,100.0,100.0,,,100.0
AS,600109502001010,Bluesky_Communications,100.0,100.0,,,100.0
AS,600109502001011,Bluesky_Communications,100.0,100.0,,,100.0
AS,600109502001012,Bluesky_Communications,100.0,100.0,,,100.0
AS,600109502001013,Bluesky_Communications,100.0,100.0,,,100.0
AS,600109502001014,Bluesky_Communications,100.0,100.0,,,100.0
AS,600109502001015,Bluesky_Communications,0.096,0.1,,,0.1
AS,600109502001016,Bluesky_Communications,14.134,14.156,,,14.16
AS,600109502001019,Bluesky_Communications,4.617,4.589,,,4.621
AS,600109502001020,Bluesky_Communications,1.176,1.176,,,1.176
AS,600109502001021,Bluesky_Communications,6.171,6.171,,,6.171
AS,600109502001022,Bluesky_Communications,0.034,0.034,,,0.034
AS,600109502001023,Bluesky_Communications,9.613,9.719,,,9.726
AS,600109502001024,Bluesky_Communications,91.711,92.022,,,92.069
AS,600109502001025,Bluesky_Communications,3.552,3.552,,,3.552
AS,600109502001026,Bluesky_Communications,100.0,100.0,,,100.0
AS,600109502001027,Bluesky_Communications,92.442,92.442,,,92.442
AS,600109502001028,Bluesky_Communications,100.0,100.0,,,100.0
AS,600109502001029,Bluesky_Communications,100.0,100.0,,,100.0
AS,600109502001030,Bluesky_Communications,100.0,100.0,,,100.0
AS,600109502001031,Bluesky_Communications,100.0,100.0,,,100.0
AS,600109502002002,Bluesky_Communications,0.507,0.507,,,0.507
AS,600109502002003,Bluesky_Communications,1.322,1.322,,,1.322
AS,600109502002004,Bluesky_Communications,0.394,0.394,,,0.394
AS,600109502002005,Bluesky_Communications,1.614,1.614,,,1.614
AS,600109502002006,Bluesky_Communications,98.838,98.838,,,98.838
AS,600109502002007,Bluesky_Communications,10.808,10.808,,,10.808
AS,600109502002008,Bluesky_Communications,2.665,2.665,,,2.665
AS,600109502002009,Bluesky_Communications,3.314,3.314,,,3.314
AS,600109502002010,Bluesky_Communications,3.83,3.83,,,3.83
AS,600109502002011,Bluesky_Communications,8.614,8.614,,,8.614
AS,600109502002012,Bluesky_Communications,99.988,99.988,,,99.988
AS,600109502002013,Bluesky_Communications,100.0,100.0,,,100.0
AS,600109502002014,Bluesky_Communications,100.0,100.0,,,100.0
AS,600109502002015,Bluesky_Communications,99.113,99.113,,,99.113
AS,600109502002016,Bluesky_Communications,99.991,99.991,,,99.991
AS,600109502002017,Bluesky_Communications,100.0,100.0,,,100.0
AS,600109502002018,Bluesky_Communications,100.0,100.0,,,100.0
AS,600109502002019,Bluesky_Communications,100.0,100.0,,,100.0
AS,600109502002020,Bluesky_Communications,46.851,46.851,,,46.851
AS,600109503001001,Bluesky_Communications,0.149,0.149,,,0.149
AS,600109503001002,Bluesky_Communications,53.176,53.176,,,53.176
AS,600109503001003,Bluesky_Communications,78.174,78.174,,,78.174
AS,600109503001004,Bluesky_Communications,0.601,0.601,,,0.601
AS,600109503001005,Bluesky_Communications,73.7,73.7,,,73.7
AS,600109503001006,Bluesky_Communications,6.0,6.0,,,6.0
AS,600109503001007,Bluesky_Communications,3.68,3.68,,,3.68
AS,600109503001008,Bluesky_Communications,4.37,4.37,,,4.37
AS,600109503001009,Bluesky_Communications,97.856,97.856,,,97.856
AS,600109503001010,Bluesky_Communications,76.369,76.369,,,76.369
AS,600109503001011,Bluesky_Communications,3.969,3.969,,,3.969
AS,600109503001012,Bluesky_Communications,2.453,2.453,,,2.453
AS,600109503001013,Bluesky_Communications,98.247,98.247,,,98.248
AS,600109503001014,Bluesky_Communications,79.394,79.394,,,79.394
AS,600109503001015,Bluesky_Communications,0.661,0.661,,,0.661
AS,600109503001016,Bluesky_Communications,1.291,1.291,,,1.291
AS,600109503001017,Bluesky_Communications,100.0,100.0,,,100.0
AS,600109503001018,Bluesky_Communications,100.0,100.0,,,100.0
AS,600109503001019,Bluesky_Communications,83.227,83.227,,,83.227
AS,600109503001020,Bluesky_Communications,0.218,0.218,,,0.218
AS,600109503001021,Bluesky_Communications,0.675,0.675,,,0.675
AS,600109503001023,Bluesky_Communications,0.235,0.235,,,0.235
AS,600109503002001,Bluesky_Communications,0.529,0.529,,,0.529
AS,600109503002002,Bluesky_Communications,96.796,96.796,,,96.796
AS,600109503002003,Bluesky_Communications,98.268,98.268,,,98.268
AS,600109503002004,Bluesky_Communications,5.459,5.459,,,5.459
AS,600109503002005,Bluesky_Communications,100.0,100.0,,,100.0
AS,600109503002006,Bluesky_Communications,84.94,84.94,,,84.94
AS,600109503002007,Bluesky_Communications,99.794,99.794,,,99.794
AS,600109503002008,Bluesky_Communications,5.706,5.706,,,5.706
AS,600109503003003,Bluesky_Communications,0.547,0.547,,,0.547
AS,600109503003004,Bluesky_Communications,1.882,1.882,,,1.882
AS,600109503003005,Bluesky_Communications,0.281,0.281,,,0.281
AS,600109503003006,Bluesky_Communications,2.587,2.587,,,2.587
AS,600109503003008,Bluesky_Communications,53.017,53.017,,,53.017
AS,600109503003009,Bluesky_Communications,99.903,99.903,,,99.903
AS,600109503003010,Bluesky_Communications,2.223,2.223,,,2.223
AS,600109503003011,Bluesky_Communications,100.0,100.0,,,100.0
AS,600109503003013,Bluesky_Communications,14.532,14.532,,,14.532
AS,600109503003014,Bluesky_Communications,100.0,100.0,,,100.0
AS,600109503003015,Bluesky_Communications,47.88,47.88,,,47.88
AS,600109503003016,Bluesky_Communications,100.0,100.0,,,100.0
AS,600109503003017,Bluesky_Communications,99.692,99.692,,,99.692
AS,600109503003018,Bluesky_Communications,1.008,1.008,,,1.008
AS,600109503003020,Bluesky_Communications,1.571,1.571,,,1.571
AS,600109503003021,Bluesky_Communications,7.432,7.432,,,7.432
AS,600109503003022,Bluesky_Communications,1.372,1.372,,,1.372
AS,600109503003026,Bluesky_Communications,0.392,0.392,,,0.392
AS,600109503003027,Bluesky_Communications,9.738,9.738,,,9.738
AS,600109503003028,Bluesky_Communications,2.37,2.37,,,2.37
AS,600109503003029,Bluesky_Communications,2.258,2.258,,,2.258
AS,600109503003030,Bluesky_Communications,96.559,96.559,,,96.559
AS,600109503003031,Bluesky_Communications,100.0,100.0,,,100.0
AS,600109503003032,Bluesky_Communications,100.0,100.0,,,100.0
AS,600109503003033,Bluesky_Communications,100.0,100.0,,,100.0
AS,600109503003034,Bluesky_Communications,100.0,100.0,,,100.0
AS,600109503003035,Bluesky_Communications,100.0,100.0,,,100.0
AS,600109503003036,Bluesky_Communications,61.597,61.597,,,61.597
AS,600109503003037,Bluesky_Communications,29.151,29.151,,,29.151
AS,600109503003038,Bluesky_Communications,100.0,100.0,,,100.0
AS,600109503003039,Bluesky_Communications,99.982,99.982,,,99.982
AS,600109503003040,Bluesky_Communications,13.043,13.043,,,13.043
AS,600109503003041,Bluesky_Communications,80.606,80.606,,,80.606
AS,600109503003042,Bluesky_Communications,68.271,68.271,,,68.271
AS,600109503003043,Bluesky_Communications,95.485,95.485,,,95.485
AS,600109503003044,Bluesky_Communications,41.132,41.132,,,41.132
AS,600109503003045,Bluesky_Communications,100.0,100.0,,,100.0
AS,600109503003046,Bluesky_Communications,90.808,90.808,,,90.808
AS,600109503003047,Bluesky_Communications,100.0,100.0,,,100.0
AS,600109505001000,Bluesky_Communications,7.942,7.942,,,7.942
AS,600109505001001,Bluesky_Communications,15.112,15.112,,,15.113
AS,600109505001002,Bluesky_Communications,3.143,3.143,,,3.143
AS,600109505001003,Bluesky_Communications,100.0,100.0,,,100.0
AS,600109505001004,Bluesky_Communications,100.0,100.0,,,100.0
AS,600109505001005,Bluesky_Communications,100.0,100.0,,,100.0
AS,600109505001006,Bluesky_Communications,98.901,98.901,,,98.902
AS,600109505001007,Bluesky_Communications,85.763,85.763,,,85.763
AS,600109505001008,Bluesky_Communications,98.356,98.356,,,98.356
AS,600109505001009,Bluesky_Communications,99.532,99.532,,,99.532
AS,600109505001010,Bluesky_Communications,100.0,100.0,,,100.0
AS,600109505002000,Bluesky_Communications,4.098,4.098,,,4.098
AS,600109505002001,Bluesky_Communications,2.587,2.587,,,2.587
AS,600109505002002,Bluesky_Communications,1.232,1.232,,,1.232
AS,600109505002003,Bluesky_Communications,4.198,4.198,,,4.198
AS,600109505002004,Bluesky_Communications,100.0,100.0,,,100.0
AS,600109505002005,Bluesky_Communications,100.0,100.0,,,100.0
AS,600109505002006,Bluesky_Communications,100.0,100.0,,,100.0
AS,600109505002007,Bluesky_Communications,100.0,100.0,,,100.0
AS,600109505002008,Bluesky_Communications,76.895,76.895,,,76.895
AS,600109505002009,Bluesky_Communications,100.0,100.0,,,100.0
AS,600109505003000,Bluesky_Communications,7.448,7.448,,,7.448
AS,600109505003001,Bluesky_Communications,2.478,2.478,,,2.478
AS,600109505003002,Bluesky_Communications,99.999,99.999,,,99.999
AS,600109505003003,Bluesky_Communications,90.618,90.618,,,90.618
AS,600109505003004,Bluesky_Communications,100.0,100.0,,,100.0
AS,600109506001000,Bluesky_Communications,100.0,100.0,,,100.0
AS,600109506001001,Bluesky_Communications,94.46,94.46,,,94.46
AS,600109506001002,Bluesky_Communications,96.35,96.35,,,96.35
AS,600109506001003,Bluesky_Communications,100.0,100.0,,,100.0
AS,600109506001004,Bluesky_Communications,100.0,100.0,,,100.0
AS,600109506001005,Bluesky_Communications,100.0,100.0,,,100.0
AS,600109506001006,Bluesky_Communications,100.0,100.0,,,100.0
AS,600109506001007,Bluesky_Communications,100.0,100.0,,,100.0
AS,600109506001008,Bluesky_Communications,100.0,100.0,,,100.0
AS,600109506001009,Bluesky_Communications,96.408,96.408,,,96.408
AS,600109506001010,Bluesky_Communications,100.0,100.0,,,100.0
AS,600109506001011,Bluesky_Communications,100.0,100.0,,,100.0
AS,600109506001012,Bluesky_Communications,100.0,100.0,,,100.0
AS,600109506001013,Bluesky_Communications,100.0,100.0,,,100.0
AS,600109506001014,Bluesky_Communications,100.0,100.0,,,100.0
AS,600109506001015,Bluesky_Communications,82.123,82.123,,,82.123
AS,600109506001016,Bluesky_Communications,2.179,2.179,,,2.179
AS,600109506001017,Bluesky_Communications,4.584,4.584,,,4.584
AS,600109506001018,Bluesky_Communications,25.436,25.436,,,25.436
AS,600109506001019,Bluesky_Communications,0.208,0.208,,,0.208
AS,600109506001025,Bluesky_Communications,100.0,100.0,,,100.0
AS,600109506002000,Bluesky_Communications,99.806,99.806,,,99.806
AS,600109506002001,Bluesky_Communications,94.14,94.14,,,94.14
AS,600109506002002,Bluesky_Communications,100.0,100.0,,,100.0
AS,600109506002003,Bluesky_Communications,100.0,100.0,,,100.0
AS,600109506002004,Bluesky_Communications,100.0,100.0,,,100.0
AS,600109506002005,Bluesky_Communications,11.787,11.787,,,11.787
AS,600109506003000,Bluesky_Communications,100.0,100.0,,,100.0
AS,600109506003001,Bluesky_Communications,57.884,57.884,,,57.884
AS,600109506003002,Bluesky_Communications,100.0,100.0,,,100.0
AS,600109506003003,Bluesky_Communications,100.001,100.001,,,100.001
AS,600109506003004,Bluesky_Communications,100.0,100.0,,,100.0
AS,600109506003005,Bluesky_Communications,100.0,100.0,,,100.0
AS,600109507001000,Bluesky_Communications,100.0,100.0,,,100.0
AS,600109507001001,Bluesky_Communications,100.0,100.0,,,100.0
AS,600109507001002,Bluesky_Communications,100.0,100.0,,,100.0
AS,600109507001003,Bluesky_Communications,2.929,2.929,,,2.929
AS,600109507001004,Bluesky_Communications,5.576,5.576,,,5.576
AS,600109507001005,Bluesky_Communications,100.0,100.0,,,100.0
AS,600109507001006,Bluesky_Communications,99.205,99.205,,,99.205
AS,600109507001007,Bluesky_Communications,100.0,100.0,,,100.0
AS,600109507001008,Bluesky_Communications,100.0,100.0,,,100.0
AS,600109507001009,Bluesky_Communications,100.0,100.0,,,100.0
AS,600109507001010,Bluesky_Communications,100.0,100.0,,,100.0
AS,600109507001011,Bluesky_Communications,100.0,100.0,,,100.0
AS,600109507001012,Bluesky_Communications,100.0,100.0,,,100.0
AS,600109507001013,Bluesky_Communications,100.0,100.0,,,100.0
AS,600109507001014,Bluesky_Communications,100.0,100.0,,,100.0
AS,600109507002000,Bluesky_Communications,6.834,6.834,,,6.834
AS,600109507002001,Bluesky_Communications,11.849,11.849,,,11.849
AS,600109507002002,Bluesky_Communications,98.713,98.713,,,98.713
AS,600109507002003,Bluesky_Communications,100.0,100.0,,,100.0
AS,600109507002004,Bluesky_Communications,58.804,58.804,,,58.804
AS,600109507002005,Bluesky_Communications,100.0,100.0,,,100.0
AS,600109507002006,Bluesky_Communications,100.0,100.0,,,100.0
AS,600109507002007,Bluesky_Communications,100.0,100.0,,,100.0
AS,600109507002008,Bluesky_Communications,100.0,100.0,,,100.0
AS,600109507002009,Bluesky_Communications,100.0,100.0,,,100.0
AS,600109507002010,Bluesky_Communications,100.0,100.0,,,100.0
AS,600109507002011,Bluesky_Communications,100.0,100.0,,,100.0
AS,600109507002012,Bluesky_Communications,89.611,89.611,,,89.611
AS,600109507002013,Bluesky_Communications,100.0,100.0,,,100.001
AS,600109507002014,Bluesky_Communications,64.587,64.587,,,64.587
AS,600109507002015,Bluesky_Communications,6.909,6.909,,,6.909
AS,600109507002016,Bluesky_Communications,100.0,100.0,,,100.0
AS,600109507002017,Bluesky_Communications,100.0,100.0,,,100.001
AS,600109507002018,Bluesky_Communications,100.0,100.0,,,100.0
AS,600109507002019,Bluesky_Communications,100.0,100.0,,,99.999
AS,600109507003000,Bluesky_Communications,2.834,2.834,,,2.834
AS,600109507003001,Bluesky_Communications,2.46,2.46,,,2.46
AS,600109507003002,Bluesky_Communications,100.0,100.0,,,100.0
AS,600109507003003,Bluesky_Communications,100.0,100.0,,,100.0
AS,600109507003004,Bluesky_Communications,79.507,79.507,,,79.507
AS,600109507003005,Bluesky_Communications,100.0,100.0,,,100.0
AS,600109507003006,Bluesky_Communications,100.0,100.0,,,100.0
AS,600109507003007,Bluesky_Communications,100.0,100.0,,,100.0
AS,600109507003008,Bluesky_Communications,1.283,1.283,,,1.283
AS,600109507003009,Bluesky_Communications,98.407,98.407,,,98.407
AS,600109507003010,Bluesky_Communications,100.0,100.0,,,100.0
AS,600109507003011,Bluesky_Communications,100.0,100.0,,,100.0
AS,600109507003012,Bluesky_Communications,100.0,100.0,,,100.0
AS,600109509001004,Bluesky_Communications,19.232,19.232,,,19.232
AS,600109509001005,Bluesky_Communications,65.818,65.818,,,65.818
AS,600109509001006,Bluesky_Communications,100.0,100.0,,,100.0
AS,600109509001007,Bluesky_Communications,100.0,100.0,,,100.0
AS,600109509001010,Bluesky_Communications,0.012,0.012,,,0.012
AS,600109509001012,Bluesky_Communications,4.99,4.99,,,4.99
AS,600109509001013,Bluesky_Communications,0.74,0.74,,,0.74
AS,600109509001014,Bluesky_Communications,14.266,14.266,,,14.266
AS,600109509001015,Bluesky_Communications,71.503,71.503,,,71.503
AS,600109509001016,Bluesky_Communications,59.924,59.924,,,59.924
AS,600109509001017,Bluesky_Communications,100.0,100.0,,,100.0
AS,600109509001018,Bluesky_Communications,87.743,87.743,,,87.743
AS,600109509001019,Bluesky_Communications,1.195,1.195,,,1.195
AS,600109509002000,Bluesky_Communications,100.0,100.0,,,100.0
AS,600109509002001,Bluesky_Communications,61.356,61.356,,,61.356
AS,600109509002002,Bluesky_Communications,100.0,100.0,,,100.0
AS,600109509002003,Bluesky_Communications,100.0,100.0,,,100.0
AS,600109509003000,Bluesky_Communications,100.0,100.0,,,100.0
AS,600109509003001,Bluesky_Communications,99.129,99.129,,,99.129
AS,600109509003002,Bluesky_Communications,100.0,100.0,,,100.0
AS,600109509003003,Bluesky_Communications,100.0,100.0,,,100.0
AS,600109509003004,Bluesky_Communications,99.986,99.986,,,99.986
AS,600109509003005,Bluesky_Communications,3.366,3.366,,,3.366
AS,600109509003006,Bluesky_Communications,0.886,0.886,,,0.886
AS,600109509003010,Bluesky_Communications,0.128,0.128,,,0.128
AS,600109509003011,Bluesky_Communications,7.736,7.736,,,7.736
AS,600109509003012,Bluesky_Communications,95.913,95.913,,,95.913
AS,600109509003013,Bluesky_Communications,99.34,99.34,,,99.34
AS,600109509003014,Bluesky_Communications,18.217,18.217,,,18.217
AS,600109509003015,Bluesky_Communications,100.0,100.0,,,100.0
AS,600109509003016,Bluesky_Communications,100.001,100.001,,,100.001
AS,600109509003017,Bluesky_Communications,100.0,100.0,,,100.0
AS,600109509003018,Bluesky_Communications,100.0,100.0,,,100.0
AS,600109509003019,Bluesky_Communications,100.0,100.0,,,100.0
AS,600109509003020,Bluesky_Communications,100.0,100.0,,,100.0
AS,600109509003021,Bluesky_Communications,100.0,100.0,,,100.0
AS,600109509003022,Bluesky_Communications,100.0,100.0,,,100.0
AS,600109509003023,Bluesky_Communications,100.001,100.001,,,100.001
AS,600109509003024,Bluesky_Communications,100.0,100.0,,,100.0
AS,600109509003025,Bluesky_Communications,100.0,100.0,,,100.0
AS,600109509003026,Bluesky_Communications,100.0,100.0,,,100.0
AS,600109509003027,Bluesky_Communications,91.482,91.482,,,91.482
AS,600109509003028,Bluesky_Communications,6.814,6.814,,,6.814
AS,600109509003029,Bluesky_Communications,1.069,1.069,,,1.069
AS,600109509003030,Bluesky_Communications,100.0,100.0,,,100.0
AS,600109509003031,Bluesky_Communications,96.98,96.98,,,96.98
AS,600109509003032,Bluesky_Communications,100.0,100.0,,,100.0
AS,600109509003033,Bluesky_Communications,100.0,100.0,,,100.0
AS,600109509003034,Bluesky_Communications,98.539,98.539,,,98.539
AS,600109509003035,Bluesky_Communications,9.567,9.567,,,9.567
AS,600109509003036,Bluesky_Communications,99.809,99.809,,,99.809
AS,600109509003037,Bluesky_Communications,14.618,14.618,,,14.618
AS,600109509003038,Bluesky_Communications,100.0,100.0,,,100.0
AS,600109509003039,Bluesky_Communications,99.999,99.999,,,99.999
AS,600109509003040,Bluesky_Communications,100.0,100.0,,,100.0
AS,600109509003041,Bluesky_Communications,100.0,100.0,,,100.0
AS,600109509003042,Bluesky_Communications,100.0,100.0,,,100.0
AS,600109509003043,Bluesky_Communications,99.544,99.544,,,99.544
AS,600109509003044,Bluesky_Communications,100.0,100.0,,,100.0
AS,600109509003045,Bluesky_Communications,100.0,100.0,,,100.0
AS,600109509003046,Bluesky_Communications,100.0,100.0,,,100.0
AS,600109509003047,Bluesky_Communications,100.0,100.0,,,100.0
AS,600109509003048,Bluesky_Communications,1.265,1.265,,,1.265
AS,600109509003049,Bluesky_Communications,100.0,100.0,,,100.0
AS,600109509003050,Bluesky_Communications,100.0,100.0,,,100.0
AS,600109509004000,Bluesky_Communications,100.0,100.0,,,100.0
AS,600109509004001,Bluesky_Communications,100.0,100.0,,,100.0
AS,600109509004002,Bluesky_Communications,3.239,3.239,,,3.239
AS,600109509004003,Bluesky_Communications,0.138,0.138,,,0.138
AS,600109509004004,Bluesky_Communications,0.742,0.742,,,0.742
AS,600109509004007,Bluesky_Communications,100.0,100.0,,,100.0
AS,600109509004008,Bluesky_Communications,5.772,5.772,,,5.772
AS,600109509004009,Bluesky_Communications,99.214,99.214,,,99.214
AS,600109509004010,Bluesky_Communications,85.125,85.125,,,85.126
AS,600109509004011,Bluesky_Communications,56.782,56.782,,,56.782
AS,600109509004012,Bluesky_Communications,79.139,79.139,,,79.139
AS,600109509004013,Bluesky_Communications,100.0,100.0,,,100.0
AS,600209518002001,Bluesky_Communications,21.181,,,,21.181
AS,600209518002002,Bluesky_Communications,100.0,,,,100.0
AS,600209518002003,Bluesky_Communications,94.305,,,,94.305
AS,600209518002004,Bluesky_Communications,0.762,,,,0.762
AS,600209518002005,Bluesky_Communications,100.0,,,,100.0
AS,600209518002006,Bluesky_Communications,100.0,,,,100.0
AS,600209518002007,Bluesky_Communications,85.712,,,,85.712
AS,600209518002008,Bluesky_Communications,100.0,,,,100.0
AS,600209518002009,Bluesky_Communications,100.0,,,,100.0
AS,600209518002010,Bluesky_Communications,0.008,,,,0.008
AS,600209518002021,Bluesky_Communications,21.662,,,,21.662
AS,600209518002022,Bluesky_Communications,81.498,,,,81.498
AS,600209518002023,Bluesky_Communications,3.279,,,,3.279
AS,600209518002031,Bluesky_Communications,0.007,,,,0.007
AS,600209518002032,Bluesky_Communications,0.259,,,,0.259
AS,600509510001000,Bluesky_Communications,100.0,100.0,,,100.0
AS,600509510001001,Bluesky_Communications,87.187,87.187,,,87.187
AS,600509510001002,Bluesky_Communications,100.0,100.0,,,100.0
AS,600509510001003,Bluesky_Communications,100.0,100.0,,,100.0
AS,600509510001004,Bluesky_Communications,100.0,100.0,,,100.0
AS,600509510001005,Bluesky_Communications,100.0,100.0,,,100.0
AS,600509510001006,Bluesky_Communications,100.0,100.0,,,100.0
AS,600509510001007,Bluesky_Communications,100.0,100.0,,,100.0
AS,600509510001008,Bluesky_Communications,100.0,100.0,,,100.0
AS,600509510001009,Bluesky_Communications,100.0,100.0,,,100.0
AS,600509510001010,Bluesky_Communications,100.0,100.0,,,100.0
AS,600509510002000,Bluesky_Communications,100.0,100.0,,,100.0
AS,600509510002001,Bluesky_Communications,100.0,100.0,,,100.0
AS,600509510002002,Bluesky_Communications,100.0,100.0,,,100.0
AS,600509510002003,Bluesky_Communications,100.0,100.0,,,100.0
AS,600509510002004,Bluesky_Communications,100.0,100.0,,,100.0
AS,600509510002005,Bluesky_Communications,100.0,100.0,,,100.0
AS,600509510002006,Bluesky_Communications,100.0,100.0,,,100.0
AS,600509510002007,Bluesky_Communications,100.0,100.0,,,100.0
AS,600509510002008,Bluesky_Communications,100.0,100.0,,,100.0
AS,600509510002009,Bluesky_Communications,100.0,100.0,,,100.0
AS,600509510002010,Bluesky_Communications,100.0,100.0,,,100.0
AS,600509510002011,Bluesky_Communications,100.0,100.0,,,100.0
AS,600509510002012,Bluesky_Communications,93.788,93.788,,,93.788
AS,600509510002013,Bluesky_Communications,100.0,100.0,,,100.0
AS,600509510002014,Bluesky_Communications,100.0,100.0,,,100.0
AS,600509510002015,Bluesky_Communications,100.0,100.0,,,100.0
AS,600509510002016,Bluesky_Communications,100.0,100.0,,,100.0
AS,600509510002017,Bluesky_Communications,99.999,99.999,,,99.999
AS,600509510002018,Bluesky_Communications,97.57,97.57,,,97.57
AS,600509510002019,Bluesky_Communications,100.0,100.0,,,100.0
AS,600509511001000,Bluesky_Communications,100.0,100.0,,,100.0
AS,600509511001001,Bluesky_Communications,100.0,100.0,,,100.0
AS,600509511001002,Bluesky_Communications,100.0,100.0,,,100.0
AS,600509511001003,Bluesky_Communications,100.0,100.0,,,100.0
AS,600509511001004,Bluesky_Communications,100.0,100.0,,,100.0
AS,600509511001005,Bluesky_Communications,100.0,100.0,,,100.0
AS,600509511001006,Bluesky_Communications,100.0,100.0,,,100.0
AS,600509511001007,Bluesky_Communications,100.0,100.0,,,100.0
AS,600509511001008,Bluesky_Communications,100.0,100.0,,,100.0
AS,600509511001009,Bluesky_Communications,100.0,100.0,,,100.0
AS,600509511001010,Bluesky_Communications,100.0,100.0,,,100.0
AS,600509511001011,Bluesky_Communications,100.0,100.0,,,100.0
AS,600509511001012,Bluesky_Communications,100.0,100.0,,,100.0
AS,600509511002000,Bluesky_Communications,100.0,100.0,,,100.0
AS,600509511002001,Bluesky_Communications,100.0,100.0,,,100.0
AS,600509511002002,Bluesky_Communications,100.0,100.0,,,100.0
AS,600509511002003,Bluesky_Communications,100.0,100.0,,,100.0
AS,600509511002004,Bluesky_Communications,100.0,100.0,,,100.0
AS,600509511002005,Bluesky_Communications,100.0,100.0,,,100.0
AS,600509511002006,Bluesky_Communications,100.0,100.0,,,100.0
AS,600509511002007,Bluesky_Communications,100.0,100.0,,,100.0
AS,600509511002008,Bluesky_Communications,100.0,100.0,,,100.0
AS,600509511002009,Bluesky_Communications,100.0,100.0,,,100.0
AS,600509511003000,Bluesky_Communications,100.0,100.0,,,100.0
AS,600509511003001,Bluesky_Communications,100.0,100.0,,,100.0
AS,600509511003002,Bluesky_Communications,100.0,100.0,,,100.0
AS,600509511003003,Bluesky_Communications,100.0,100.0,,,100.0
AS,600509511003004,Bluesky_Communications,100.0,100.0,,,100.0
AS,600509511003005,Bluesky_Communications,100.0,100.0,,,100.0
AS,600509511003006,Bluesky_Communications,100.0,100.0,,,100.0
AS,600509511003007,Bluesky_Communications,100.0,100.0,,,100.0
AS,600509512011000,Bluesky_Communications,0.074,0.074,,,0.074
AS,600509512011001,Bluesky_Communications,99.0,99.0,,,99.0
AS,600509512011002,Bluesky_Communications,100.0,100.0,,,100.0
AS,600509512011003,Bluesky_Communications,100.0,100.0,,,100.0
AS,600509512011004,Bluesky_Communications,100.0,100.0,,,100.0
AS,600509512011005,Bluesky_Communications,100.0,100.0,,,100.0
AS,600509512011006,Bluesky_Communications,100.0,100.0,,,100.0
AS,600509512011007,Bluesky_Communications,100.0,100.0,,,100.0
AS,600509512011008,Bluesky_Communications,100.0,100.0,,,100.0
AS,600509512011009,Bluesky_Communications,100.0,100.0,,,100.0
AS,600509512011010,Bluesky_Communications,100.0,100.0,,,100.0
AS,600509512011011,Bluesky_Communications,100.0,100.0,,,100.0
AS,600509512011012,Bluesky_Communications,100.0,100.0,,,100.0
AS,600509512011013,Bluesky_Communications,100.0,100.0,,,100.0
AS,600509512011014,Bluesky_Communications,100.0,100.0,,,100.0
AS,600509512011015,Bluesky_Communications,100.0,100.0,,,100.0
AS,600509512011016,Bluesky_Communications,100.0,100.0,,,100.0
AS,600509512011017,Bluesky_Communications,100.0,100.0,,,100.0
AS,600509512011018,Bluesky_Communications,100.0,100.0,,,100.0
AS,600509512011019,Bluesky_Communications,100.0,100.0,,,100.0
AS,600509512011020,Bluesky_Communications,100.0,100.0,,,100.0
AS,600509512011021,Bluesky_Communications,100.0,100.0,,,100.0
AS,600509512011022,Bluesky_Communications,100.0,100.0,,,100.0
AS,600509512011023,Bluesky_Communications,100.0,100.0,,,100.0
AS,600509512011024,Bluesky_Communications,100.0,100.0,,,100.0
AS,600509512011025,Bluesky_Communications,100.0,100.0,,,100.0
AS,600509512011026,Bluesky_Communications,100.0,100.0,,,100.0
AS,600509512012000,Bluesky_Communications,100.0,100.0,,,100.0
AS,600509512012001,Bluesky_Communications,100.0,100.0,,,100.0
AS,600509512012002,Bluesky_Communications,100.0,100.0,,,100.0
AS,600509512012003,Bluesky_Communications,100.0,100.0,,,100.0
AS,600509512012004,Bluesky_Communications,100.0,100.0,,,100.0
AS,600509512012005,Bluesky_Communications,100.0,100.0,,,100.0
AS,600509512012006,Bluesky_Communications,100.0,100.0,,,100.0
AS,600509512012007,Bluesky_Communications,100.0,100.0,,,100.0
AS,600509512012008,Bluesky_Communications,100.0,100.0,,,100.0
AS,600509512012009,Bluesky_Communications,100.0,100.0,,,100.0
AS,600509512012010,Bluesky_Communications,100.0,100.0,,,100.0
AS,600509512012011,Bluesky_Communications,100.0,100.0,,,100.0
AS,600509512012012,Bluesky_Communications,100.0,100.0,,,100.0
AS,600509512021000,Bluesky_Communications,100.0,100.0,,,100.0
AS,600509512021001,Bluesky_Communications,100.0,100.0,,,100.0
AS,600509512021002,Bluesky_Communications,100.0,100.0,,,100.0
AS,600509512021003,Bluesky_Communications,100.0,100.0,,,100.0
AS,600509512021004,Bluesky_Communications,100.0,100.0,,,100.0
AS,600509512021005,Bluesky_Communications,100.0,100.0,,,100.0
AS,600509512021006,Bluesky_Communications,100.0,100.0,,,100.0
AS,600509512021007,Bluesky_Communications,100.0,100.0,,,100.0
AS,600509512021008,Bluesky_Communications,100.0,100.0,,,100.0
AS,600509512021009,Bluesky_Communications,100.0,100.0,,,100.0
AS,600509512021010,Bluesky_Communications,100.0,100.0,,,100.0
AS,600509512021011,Bluesky_Communications,100.0,100.0,,,100.0
AS,600509512021012,Bluesky_Communications,100.0,100.0,,,100.0
AS,600509512021013,Bluesky_Communications,100.0,100.0,,,100.0
AS,600509512021014,Bluesky_Communications,100.0,100.0,,,100.0
AS,600509512021015,Bluesky_Communications,100.0,100.0,,,100.0
AS,600509512021016,Bluesky_Communications,100.0,100.0,,,100.0
AS,600509512021017,Bluesky_Communications,100.0,100.0,,,100.0
AS,600509512021018,Bluesky_Communications,100.0,100.0,,,100.0
AS,600509512021019,Bluesky_Communications,100.0,100.0,,,100.0
AS,600509512021020,Bluesky_Communications,100.0,100.0,,,100.0
AS,600509512021021,Bluesky_Communications,100.0,100.0,,,100.0
AS,600509512021022,Bluesky_Communications,100.0,100.0,,,100.0
AS,600509512021023,Bluesky_Communications,100.0,100.0,,,100.0
AS,600509512022000,Bluesky_Communications,100.0,100.0,,,100.0
AS,600509512022001,Bluesky_Communications,100.0,100.0,,,100.0
AS,600509512022002,Bluesky_Communications,100.0,100.0,,,100.0
AS,600509512022003,Bluesky_Communications,100.0,100.0,,,100.0
AS,600509512022004,Bluesky_Communications,100.0,100.0,,,100.0
AS,600509512022005,Bluesky_Communications,100.0,100.0,,,100.0
AS,600509512031000,Bluesky_Communications,100.0,100.0,,,100.0
AS,600509512031001,Bluesky_Communications,100.0,100.0,,,100.0
AS,600509512031002,Bluesky_Communications,100.0,100.0,,,100.0
AS,600509512031003,Bluesky_Communications,100.0,100.0,,,100.0
AS,600509512031004,Bluesky_Communications,100.0,100.0,,,100.0
AS,600509512031005,Bluesky_Communications,100.0,100.0,,,100.0
AS,600509512031006,Bluesky_Communications,100.0,100.0,,,100.0
AS,600509512031007,Bluesky_Communications,100.0,100.0,,,100.0
AS,600509512032000,Bluesky_Communications,100.0,100.0,,,100.0
AS,600509512032001,Bluesky_Communications,100.0,100.0,,,100.0
AS,600509512032002,Bluesky_Communications,100.0,100.0,,,100.0
AS,600509512032003,Bluesky_Communications,100.0,100.0,,,100.0
AS,600509512032004,Bluesky_Communications,100.0,100.0,,,100.0
AS,600509512032005,Bluesky_Communications,100.0,100.0,,,100.0
AS,600509512032006,Bluesky_Communications,100.0,100.0,,,100.0
AS,600509512032007,Bluesky_Communications,99.704,99.704,,,99.704
AS,600509512032008,Bluesky_Communications,100.0,100.0,,,100.0
AS,600509512032009,Bluesky_Communications,0.234,0.234,,,0.234
AS,600509512032010,Bluesky_Communications,100.0,100.0,,,100.0
AS,600509512032011,Bluesky_Communications,99.272,99.272,,,99.272
AS,600509512032012,Bluesky_Communications,10.552,10.552,,,10.552
AS,600509512032013,Bluesky_Communications,100.0,100.0,,,100.0
AS,600509512032014,Bluesky_Communications,100.0,100.0,,,100.0
AS,600509512032015,Bluesky_Communications,100.0,100.0,,,100.0
AS,600509512032016,Bluesky_Communications,100.0,100.0,,,100.0
AS,600509512032017,Bluesky_Communications,100.0,100.0,,,100.0
AS,600509512032018,Bluesky_Communications,100.0,100.0,,,100.0
AS,600509512032019,Bluesky_Communications,100.0,100.0,,,100.0
AS,600509512032020,Bluesky_Communications,100.0,100.0,,,100.0
AS,600509512032021,Bluesky_Communications,100.0,100.0,,,100.0
AS,600509512033000,Bluesky_Communications,100.0,100.0,,,100.0
AS,600509512033001,Bluesky_Communications,100.0,100.0,,,100.0
AS,600509512033002,Bluesky_Communications,98.347,98.347,,,98.347
AS,600509512033003,Bluesky_Communications,68.458,68.458,,,68.458
AS,600509512033004,Bluesky_Communications,100.0,100.0,,,100.0
AS,600509512033005,Bluesky_Communications,100.0,100.0,,,100.0
AS,600509512033006,Bluesky_Communications,0.029,0.029,,,0.029
AS,600509512033007,Bluesky_Communications,0.889,0.889,,,0.889
AS,600509512033009,Bluesky_Communications,1.725,1.725,,,1.725
AS,600509512033010,Bluesky_Communications,32.98,32.98,,,32.98
AS,600509512033011,Bluesky_Communications,100.0,100.0,,,100.0
AS,600509512033012,Bluesky_Communications,100.0,100.0,,,100.0
AS,600509512033013,Bluesky_Communications,100.0,100.0,,,100.0
AS,600509512033014,Bluesky_Communications,100.0,100.0,,,100.0
AS,600509512033015,Bluesky_Communications,100.0,100.0,,,100.0
AS,600509512033016,Bluesky_Communications,99.871,99.871,,,99.871
AS,600509513001000,Bluesky_Communications,100.0,100.0,,,100.0
AS,600509513001001,Bluesky_Communications,100.0,100.0,,,100.0
AS,600509513001002,Bluesky_Communications,100.0,100.0,,,100.0
AS,600509513001003,Bluesky_Communications,100.0,100.0,,,100.0
AS,600509513001004,Bluesky_Communications,100.0,100.0,,,100.0
AS,600509513001005,Bluesky_Communications,100.0,100.0,,,100.0
AS,600509513001006,Bluesky_Communications,66.289,66.289,,,66.289
AS,600509513001008,Bluesky_Communications,100.0,100.0,,,100.0
AS,600509513001010,Bluesky_Communications,1.37,1.37,,,1.37
AS,600509513001012,Bluesky_Communications,100.0,100.0,,,100.0
AS,600509513001013,Bluesky_Communications,100.0,100.0,,,100.0
AS,600509513001014,Bluesky_Communications,100.0,100.0,,,100.0
AS,600509513002000,Bluesky_Communications,0.181,0.181,,,0.181
AS,600509513002001,Bluesky_Communications,0.193,0.193,,,0.193
AS,600509513002002,Bluesky_Communications,72.416,72.416,,,72.416
AS,600509513002003,Bluesky_Communications,96.584,96.584,,,96.584
AS,600509513002004,Bluesky_Communications,100.0,100.0,,,100.0
AS,600509513002005,Bluesky_Communications,100.0,100.0,,,100.0
AS,600509513002006,Bluesky_Communications,100.0,100.0,,,100.0
AS,600509513002007,Bluesky_Communications,100.0,100.0,,,100.0
AS,600509513002008,Bluesky_Communications,100.0,100.0,,,100.0
AS,600509513002009,Bluesky_Communications,100.0,100.0,,,100.0
AS,600509513002010,Bluesky_Communications,96.935,96.935,,,96.935
AS,600509513002011,Bluesky_Communications,100.0,100.0,,,100.0
AS,600509513002012,Bluesky_Communications,100.0,100.0,,,100.0
AS,600509513002013,Bluesky_Communications,100.0,100.0,,,100.0
AS,600509513002014,Bluesky_Communications,100.0,100.0,,,100.0
AS,600509513002015,Bluesky_Communications,4.576,4.576,,,4.576
AS,600509513002016,Bluesky_Communications,99.944,99.944,,,99.944
AS,600509513002017,Bluesky_Communications,100.0,100.0,,,100.0
AS,600509513002018,Bluesky_Communications,100.0,100.0,,,100.0
AS,600509513002019,Bluesky_Communications,100.0,100.0,,,100.0
AS,600509513002020,Bluesky_Communications,100.0,100.0,,,100.0
AS,600509513002021,Bluesky_Communications,100.0,100.0,,,100.0
AS,600509513002022,Bluesky_Communications,100.0,100.0,,,100.0
AS,600509513002023,Bluesky_Communications,100.0,100.0,,,100.0
AS,600509513002024,Bluesky_Communications,99.465,99.465,,,99.465
AS,600509513002025,Bluesky_Communications,100.0,100.0,,,100.0
AS,600509513002026,Bluesky_Communications,100.0,100.0,,,100.0
AS,600509515001004,Bluesky_Communications,39.922,39.922,,,39.922
AS,600509515001007,Bluesky_Communications,100.0,100.0,,,100.0
AS,600509515001008,Bluesky_Communications,100.0,100.0,,,100.0
AS,600509515001009,Bluesky_Communications,100.0,100.0,,,100.0
AS,600509515001010,Bluesky_Communications,100.0,100.0,,,100.0
AS,600509515001011,Bluesky_Communications,100.0,100.0,,,100.0
AS,600509515001012,Bluesky_Communications,47.073,47.073,,,47.073
AS,600509515001015,Bluesky_Communications,100.0,100.0,,,100.0
AS,600509515001016,Bluesky_Communications,100.0,100.0,,,100.0
AS,600509516001000,Bluesky_Communications,100.0,100.0,,,100.0
AS,600509516001001,Bluesky_Communications,100.0,100.0,,,100.0
AS,600509516001002,Bluesky_Communications,94.956,94.956,,,94.956
AS,600509516001003,Bluesky_Communications,0.233,0.233,,,0.233
AS,600509516001004,Bluesky_Communications,92.334,92.334,,,92.334
AS,600509516001005,Bluesky_Communications,0.209,0.209,,,0.209
AS,600509516001006,Bluesky_Communications,0.103,0.103,,,0.103
AS,600509516001007,Bluesky_Communications,0.205,0.205,,,0.205
AS,600509516001008,Bluesky_Communications,96.93,96.93,,,96.93
AS,600509516001009,Bluesky_Communications,100.0,100.0,,,100.0
AS,600509516001010,Bluesky_Communications,18.952,18.952,,,18.952
AS,600509516001011,Bluesky_Communications,87.068,87.068,,,87.068
AS,600509516001012,Bluesky_Communications,100.0,100.0,,,100.0
AS,600509516001013,Bluesky_Communications,100.0,100.0,,,100.0
AS,600509516001014,Bluesky_Communications,64.06,64.06,,,64.06
AS,600509516001015,Bluesky_Communications,5.7,5.7,,,5.7
AS,600509516001016,Bluesky_Communications,0.005,0.005,,,0.005
AS,600509516001019,Bluesky_Communications,77.595,77.595,,,77.595
AS,600509516001021,Bluesky_Communications,0.008,0.008,,,0.008
AS,600509516001023,Bluesky_Communications,5.536,5.536,,,5.536
AS,600509516001030,Bluesky_Communications,22.247,22.247,,,22.247
AS,600509516001032,Bluesky_Communications,1.189,1.189,,,1.189
AS,600509516001035,Bluesky_Communications,16.921,16.921,,,16.921
AS,600509516001036,Bluesky_Communications,99.967,99.967,,,99.967
AS,600509516001038,Bluesky_Communications,0.591,0.591,,,0.591
AS,600509516002000,Bluesky_Communications,25.297,25.297,,,25.297
AS,600509516002001,Bluesky_Communications,2.57,2.57,,,2.57
AS,600509516002004,Bluesky_Communications,0.859,0.859,,,0.859
AS,600509516002005,Bluesky_Communications,0.104,0.104,,,0.104
AS,600509516002006,Bluesky_Communications,0.083,0.083,,,0.083
AS,600509516002007,Bluesky_Communications,3.779,3.779,,,3.779
AS,600509516002008,Bluesky_Communications,94.9,94.9,,,94.9
AS,600509516002009,Bluesky_Communications,89.516,89.516,,,89.516
AS,600509516002010,Bluesky_Communications,95.297,95.297,,,95.297
AS,600509516002012,Bluesky_Communications,17.175,17.175,,,17.175
AS,600509516002013,Bluesky_Communications,46.452,46.452,,,46.452
AS,600509516002014,Bluesky_Communications,92.393,92.393,,,92.393
AS,600509516002015,Bluesky_Communications,100.0,100.0,,,100.0
AS,600509516002016,Bluesky_Communications,100.0,100.0,,,100.0
AS,600509516002017,Bluesky_Communications,99.685,99.685,,,99.685
AS,600509516002018,Bluesky_Communications,99.712,99.712,,,99.712
AS,600509516002019,Bluesky_Communications,99.06,99.06,,,99.06
AS,600509516002020,Bluesky_Communications,5.46,5.46,,,5.46
AS,600509516002021,Bluesky_Communications,92.103,92.103,,,92.103
AS,600509516002022,Bluesky_Communications,76.178,76.178,,,76.178
AS,600509516002023,Bluesky_Communications,98.903,98.903,,,98.903
AS,600509516002024,Bluesky_Communications,79.238,79.238,,,79.238
AS,600509516003000,Bluesky_Communications,10.827,10.827,,,10.827
AS,600509516003001,Bluesky_Communications,14.572,14.572,,,14.572
AS,600509516003002,Bluesky_Communications,100.0,100.0,,,100.0
AS,600509516003003,Bluesky_Communications,100.0,100.0,,,100.0
AS,600509516003004,Bluesky_Communications,100.0,100.0,,,100.0
AS,600509516003005,Bluesky_Communications,100.0,100.0,,,100.0
AS,600509516003006,Bluesky_Communications,100.0,100.0,,,100.0
AS,600509516003007,Bluesky_Communications,100.0,100.0,,,100.0
AS,600509516003008,Bluesky_Communications,100.0,100.0,,,100.0
AS,600509516003009,Bluesky_Communications,100.0,100.0,,,100.0
AS,600509516003010,Bluesky_Communications,100.0,100.0,,,100.0
AS,600509516003011,Bluesky_Communications,100.0,100.0,,,100.0
AS,600509516003012,Bluesky_Communications,100.0,100.0,,,100.0
AS,600509516003013,Bluesky_Communications,100.0,100.0,,,100.0
AS,600509516003014,Bluesky_Communications,100.0,100.0,,,100.0
AS,600509516003015,Bluesky_Communications,100.0,100.0,,,100.0
AS,600509516004000,Bluesky_Communications,100.0,100.0,,,100.0
AS,600509516004001,Bluesky_Communications,100.0,100.0,,,100.0
AS,600509516004002,Bluesky_Communications,100.0,100.0,,,100.0
AS,600509516004003,Bluesky_Communications,100.0,100.0,,,100.0
AS,600509516004004,Bluesky_Communications,100.0,100.0,,,100.0
AS,600509516004005,Bluesky_Communications,100.0,100.0,,,100.0
AS,600509516004006,Bluesky_Communications,100.0,100.0,,,100.0
AS,600509516004007,Bluesky_Communications,100.0,100.0,,,100.0
AS,600509516004008,Bluesky_Communications,100.0,100.0,,,100.0
AS,600509516004009,Bluesky_Communications,100.0,100.0,,,100.0
AS,600509516004010,Bluesky_Communications,100.0,100.0,,,100.0
AS,600509516004011,Bluesky_Communications,100.0,100.0,,,100.0
AS,600509516004012,Bluesky_Communications,100.0,100.0,,,100.0
AS,600509516004013,Bluesky_Communications,100.0,100.0,,,100.0
AS,600509516004014,Bluesky_Communications,100.0,100.0,,,100.0
AS,600509516004015,Bluesky_Communications,100.0,100.0,,,100.0
AS,600509516004016,Bluesky_Communications,100.0,100.0,,,100.0
AS,600509516004017,Bluesky_Communications,100.0,100.0,,,100.0
AS,600509516004018,Bluesky_Communications,100.0,100.0,,,100.0
AS,600509516004019,Bluesky_Communications,100.0,100.0,,,100.0
AS,600509516004020,Bluesky_Communications,100.0,100.0,,,100.0
AS,600509516004021,Bluesky_Communications,100.0,100.0,,,100.0
AS,600509516004022,Bluesky_Communications,100.0,100.0,,,100.0
AS,600509516004023,Bluesky_Communications,100.0,100.0,,,100.0
AS,600509516004024,Bluesky_Communications,100.0,100.0,,,100.0
AS,600509516004025,Bluesky_Communications,100.0,100.0,,,100.0
AS,600509516004026,Bluesky_Communications,100.0,100.0,,,100.0
AS,600509516004027,Bluesky_Communications,100.0,100.0,,,100.0
AS,600509516004028,Bluesky_Communications,14.835,14.835,,,14.835
AS,600509516004029,Bluesky_Communications,5.863,5.863,,,5.863
AS,600509516004030,Bluesky_Communications,100.0,100.0,,,100.0
AS,600509516004031,Bluesky_Communications,100.0,100.0,,,100.0
AS,600509516004032,Bluesky_Communications,100.0,100.0,,,100.0
