DBA,STATE_ABBR,FIPS,2G,3G,4G_LTE,4G_NON_LTE,ANY
Copper_Valley_Wireless__Inc_,AK,21700002002000,7.431,7.431,30.181,,30.226
Copper_Valley_Wireless__Inc_,AK,21700002002001,,,89.596,,89.596
Copper_Valley_Wireless__Inc_,AK,21700002002003,6.3,6.3,93.252,,93.252
Copper_Valley_Wireless__Inc_,AK,21700002002004,,,99.903,,99.903
Copper_Valley_Wireless__Inc_,AK,21700002002005,100.0,100.0,100.0,,100.0
Copper_Valley_Wireless__Inc_,AK,21700002002006,,,92.393,,92.393
Copper_Valley_Wireless__Inc_,AK,21700002002007,,,31.604,,31.604
Copper_Valley_Wireless__Inc_,AK,21700002002008,,,82.14,,82.14
Copper_Valley_Wireless__Inc_,AK,21700002002010,,,100.0,,100.0
Copper_Valley_Wireless__Inc_,AK,21700002002012,99.047,99.047,100.0,,100.0
Copper_Valley_Wireless__Inc_,AK,21700002002015,,,100.0,,100.0
Copper_Valley_Wireless__Inc_,AK,21700002002016,,,36.294,,36.294
Copper_Valley_Wireless__Inc_,AK,21700002002018,,,25.642,,25.642
Copper_Valley_Wireless__Inc_,AK,21700002002020,,,10.073,,10.073
Copper_Valley_Wireless__Inc_,AK,21700002002021,,,95.636,,95.636
Copper_Valley_Wireless__Inc_,AK,21700002002027,12.517,12.517,85.829,,85.829
Copper_Valley_Wireless__Inc_,AK,21700002002028,,,99.296,,99.296
Copper_Valley_Wireless__Inc_,AK,21700002002030,16.375,16.375,95.695,,95.723
Copper_Valley_Wireless__Inc_,AK,21700002002031,,,100.0,,100.0
Copper_Valley_Wireless__Inc_,AK,21700002002033,2.224,2.224,97.862,,97.862
Copper_Valley_Wireless__Inc_,AK,21700002002035,64.08,64.08,100.0,,100.0
Copper_Valley_Wireless__Inc_,AK,21700002002036,,,100.0,,100.0
Copper_Valley_Wireless__Inc_,AK,21700002002037,,,55.953,,55.953
Copper_Valley_Wireless__Inc_,AK,21700002002038,,,22.577,,22.577
Copper_Valley_Wireless__Inc_,AK,21700002002045,34.307,34.307,100.0,,100.0
Copper_Valley_Wireless__Inc_,AK,21700002002046,,,65.694,,65.694
Copper_Valley_Wireless__Inc_,AK,21700002002049,100.0,100.0,100.0,,100.0
Copper_Valley_Wireless__Inc_,AK,21700002002050,100.0,100.0,100.0,,100.0
Copper_Valley_Wireless__Inc_,AK,21700002002051,,,100.0,,100.0
Copper_Valley_Wireless__Inc_,AK,21700002002052,,,57.256,,57.256
Copper_Valley_Wireless__Inc_,AK,21700002002053,,,1.097,,1.097
Copper_Valley_Wireless__Inc_,AK,21700002002059,,,28.176,,28.176
Copper_Valley_Wireless__Inc_,AK,21700002002061,16.048,16.048,85.377,,85.377
Copper_Valley_Wireless__Inc_,AK,21700002002062,50.485,50.485,100.0,,100.0
Copper_Valley_Wireless__Inc_,AK,21700002002063,100.0,100.0,100.0,,100.0
Copper_Valley_Wireless__Inc_,AK,21700002002064,,,74.98,,74.98
Copper_Valley_Wireless__Inc_,AK,21700002002065,,,69.246,,69.246
Copper_Valley_Wireless__Inc_,AK,21700002002068,,,100.0,,100.0
Copper_Valley_Wireless__Inc_,AK,21700002002071,,,100.0,,100.0
Copper_Valley_Wireless__Inc_,AK,21700002002072,100.0,100.0,100.0,,100.0
Copper_Valley_Wireless__Inc_,AK,21700002002073,82.971,82.971,97.396,,97.502
Copper_Valley_Wireless__Inc_,AK,21700002002074,4.639,4.639,78.673,,78.673
Copper_Valley_Wireless__Inc_,AK,21700002002075,,,69.036,,69.036
Copper_Valley_Wireless__Inc_,AK,21700002002078,32.135,32.135,100.0,,100.0
Copper_Valley_Wireless__Inc_,AK,21700002002083,78.953,78.953,100.0,,100.0
Copper_Valley_Wireless__Inc_,AK,21700002002084,26.175,26.175,100.0,,100.0
Copper_Valley_Wireless__Inc_,AK,21700002002085,72.373,72.373,100.0,,100.0
Copper_Valley_Wireless__Inc_,AK,21700002002086,100.0,100.0,100.0,,100.0
Copper_Valley_Wireless__Inc_,AK,21700002002087,70.954,70.954,100.0,,100.0
Copper_Valley_Wireless__Inc_,AK,21700002002088,100.0,100.0,100.0,,100.0
Copper_Valley_Wireless__Inc_,AK,21700002002089,99.92,99.92,100.0,,100.0
Copper_Valley_Wireless__Inc_,AK,21700002002090,2.192,2.192,100.0,,100.0
Copper_Valley_Wireless__Inc_,AK,21700002002091,99.065,99.065,100.0,,100.0
Copper_Valley_Wireless__Inc_,AK,21700002002092,0.136,0.136,78.663,,78.663
Copper_Valley_Wireless__Inc_,AK,21700002002093,,,52.872,,52.872
Copper_Valley_Wireless__Inc_,AK,21700002002094,,,3.531,,3.531
Copper_Valley_Wireless__Inc_,AK,21700002002107,,,1.639,,1.639
Copper_Valley_Wireless__Inc_,AK,21700002002146,1.324,1.324,3.083,,3.35
Copper_Valley_Wireless__Inc_,AK,21700002002150,,,0.685,,0.685
Copper_Valley_Wireless__Inc_,AK,21700002002155,,,15.475,,15.475
Copper_Valley_Wireless__Inc_,AK,21700002002156,,,33.141,,33.141
Copper_Valley_Wireless__Inc_,AK,21700002002159,,,5.28,,5.28
Copper_Valley_Wireless__Inc_,AK,21700002002163,,,22.263,,22.263
Copper_Valley_Wireless__Inc_,AK,21700002002165,,,2.619,,2.619
Copper_Valley_Wireless__Inc_,AK,21700002002167,,,30.37,,30.37
Copper_Valley_Wireless__Inc_,AK,21700002002169,,,32.193,,32.193
Copper_Valley_Wireless__Inc_,AK,21700002002170,,,39.178,,39.178
Copper_Valley_Wireless__Inc_,AK,21700002002172,,,22.589,,22.589
Copper_Valley_Wireless__Inc_,AK,21700002002173,,,100.0,,100.0
Copper_Valley_Wireless__Inc_,AK,21700002002174,,,100.0,,100.0
Copper_Valley_Wireless__Inc_,AK,21700002002175,,,81.519,,81.519
Copper_Valley_Wireless__Inc_,AK,21700002002176,,,100.0,,100.0
Copper_Valley_Wireless__Inc_,AK,21700002002177,,,100.0,,100.0
Copper_Valley_Wireless__Inc_,AK,21700002002178,,,100.0,,100.0
Copper_Valley_Wireless__Inc_,AK,21700002002182,,,1.108,,1.108
Copper_Valley_Wireless__Inc_,AK,21700002002187,,,100.0,,100.0
Copper_Valley_Wireless__Inc_,AK,21700002002188,2.197,2.197,100.0,,100.0
Copper_Valley_Wireless__Inc_,AK,21700002002192,2.496,2.496,2.916,,3.808
Copper_Valley_Wireless__Inc_,AK,21700002002206,25.169,25.169,34.896,,35.292
Copper_Valley_Wireless__Inc_,AK,21700002002211,,,53.88,,53.88
Copper_Valley_Wireless__Inc_,AK,21700002002212,0.328,0.328,100.0,,100.0
Copper_Valley_Wireless__Inc_,AK,21700002002213,,,100.0,,100.0
Copper_Valley_Wireless__Inc_,AK,21700002002214,2.28,2.28,52.322,,52.388
Copper_Valley_Wireless__Inc_,AK,21700002002215,,,68.798,,68.798
Copper_Valley_Wireless__Inc_,AK,21700002002216,37.716,37.716,84.207,,84.404
Copper_Valley_Wireless__Inc_,AK,21700002002217,49.01,49.01,71.472,,72.783
Copper_Valley_Wireless__Inc_,AK,21700002002218,0.42,0.42,99.418,,99.418
Copper_Valley_Wireless__Inc_,AK,21700002002221,,,10.837,,10.837
Copper_Valley_Wireless__Inc_,AK,21700002002229,5.409,5.409,10.924,,10.924
Copper_Valley_Wireless__Inc_,AK,21700002002230,25.638,25.638,32.355,,32.355
Copper_Valley_Wireless__Inc_,AK,21700002002231,100.0,100.0,100.0,,100.0
Copper_Valley_Wireless__Inc_,AK,21700002002233,,,1.426,,1.426
Copper_Valley_Wireless__Inc_,AK,21700002002234,,,29.159,,29.159
Copper_Valley_Wireless__Inc_,AK,21700002002235,4.921,4.921,90.154,,90.154
Copper_Valley_Wireless__Inc_,AK,21700002002236,83.01,83.01,89.581,,89.91
Copper_Valley_Wireless__Inc_,AK,21700002002237,12.085,12.085,23.753,,24.094
Copper_Valley_Wireless__Inc_,AK,21700002002239,86.679,86.679,94.417,,94.567
Copper_Valley_Wireless__Inc_,AK,21700002002240,44.343,44.343,52.731,,53.344
Copper_Valley_Wireless__Inc_,AK,21700002002245,,,0.018,,0.018
Copper_Valley_Wireless__Inc_,AK,21700002002248,1.148,1.148,1.765,,1.966
Copper_Valley_Wireless__Inc_,AK,21700002002256,28.037,28.037,46.952,,48.358
Copper_Valley_Wireless__Inc_,AK,21700002002262,,,2.238,,2.238
Copper_Valley_Wireless__Inc_,AK,21700002002263,10.005,10.005,13.623,,14.316
Copper_Valley_Wireless__Inc_,AK,21700002002264,,,0.248,,0.248
Copper_Valley_Wireless__Inc_,AK,21700002002374,1.47,1.47,1.765,,1.888
Copper_Valley_Wireless__Inc_,AK,21700002002383,22.908,22.908,67.162,,67.162
Copper_Valley_Wireless__Inc_,AK,21700002002384,1.368,1.368,2.867,,3.268
Copper_Valley_Wireless__Inc_,AK,21700002002461,7.412,7.412,10.993,,11.545
Copper_Valley_Wireless__Inc_,AK,21700002002463,18.639,18.639,20.977,,21.288
Copper_Valley_Wireless__Inc_,AK,21700002002464,21.296,21.296,20.737,,27.309
Copper_Valley_Wireless__Inc_,AK,21700002002477,,,11.676,,11.676
Copper_Valley_Wireless__Inc_,AK,21700002002479,,,27.273,,27.273
Copper_Valley_Wireless__Inc_,AK,21700002002480,,,99.259,,99.259
Copper_Valley_Wireless__Inc_,AK,21700002002481,,,100.0,,100.0
Copper_Valley_Wireless__Inc_,AK,21700002002483,,,100.0,,100.0
Copper_Valley_Wireless__Inc_,AK,21700002002484,96.995,96.995,100.0,,100.0
Copper_Valley_Wireless__Inc_,AK,21700002002485,,,100.0,,100.0
Copper_Valley_Wireless__Inc_,AK,21700002002486,,,100.0,,100.0
Copper_Valley_Wireless__Inc_,AK,21700002002487,,,100.0,,100.0
Copper_Valley_Wireless__Inc_,AK,21700002002488,,,86.879,,86.879
Copper_Valley_Wireless__Inc_,AK,21700002002489,100.0,100.0,100.0,,100.0
Copper_Valley_Wireless__Inc_,AK,21700002002490,,,52.019,,52.019
Copper_Valley_Wireless__Inc_,AK,21700002002492,56.395,56.395,100.0,,100.0
Copper_Valley_Wireless__Inc_,AK,21700002002493,100.0,100.0,100.0,,100.0
Copper_Valley_Wireless__Inc_,AK,21700002002494,83.306,83.306,100.0,,100.0
Copper_Valley_Wireless__Inc_,AK,21700002002495,100.0,100.0,100.0,,100.0
Copper_Valley_Wireless__Inc_,AK,21700002002496,67.366,67.366,100.0,,100.0
Copper_Valley_Wireless__Inc_,AK,21700002002497,65.959,65.959,100.0,,100.0
Copper_Valley_Wireless__Inc_,AK,21700002002498,100.0,100.0,100.0,,100.0
Copper_Valley_Wireless__Inc_,AK,21700002002499,100.0,100.0,100.0,,100.0
Copper_Valley_Wireless__Inc_,AK,21700002002500,100.0,100.0,100.0,,100.0
Copper_Valley_Wireless__Inc_,AK,21700002002501,76.171,76.171,100.0,,100.0
Copper_Valley_Wireless__Inc_,AK,21700002002502,92.041,92.041,100.0,,100.0
Copper_Valley_Wireless__Inc_,AK,21700002002503,98.401,98.401,100.0,,100.0
Copper_Valley_Wireless__Inc_,AK,21700002002504,14.876,14.876,100.0,,100.0
Copper_Valley_Wireless__Inc_,AK,21700002002505,65.029,65.029,100.0,,100.0
Copper_Valley_Wireless__Inc_,AK,21700002002506,41.021,41.021,100.0,,100.0
Copper_Valley_Wireless__Inc_,AK,21700002002507,100.0,100.0,100.0,,100.0
Copper_Valley_Wireless__Inc_,AK,21700002002508,100.0,100.0,100.0,,100.0
Copper_Valley_Wireless__Inc_,AK,21700002002509,100.0,100.0,100.0,,100.0
Copper_Valley_Wireless__Inc_,AK,21700002002510,100.0,100.0,100.0,,100.0
Copper_Valley_Wireless__Inc_,AK,21700002002511,100.0,100.0,100.0,,100.0
Copper_Valley_Wireless__Inc_,AK,21700002002512,100.0,100.0,100.0,,100.0
Copper_Valley_Wireless__Inc_,AK,21700002002513,100.0,100.0,100.0,,100.0
Copper_Valley_Wireless__Inc_,AK,21700002002514,100.0,100.0,100.0,,100.0
Copper_Valley_Wireless__Inc_,AK,21700002002517,60.581,60.581,100.0,,100.0
Copper_Valley_Wireless__Inc_,AK,21700002002518,,,31.306,,31.306
Copper_Valley_Wireless__Inc_,AK,21700002002520,100.0,100.0,100.0,,100.0
Copper_Valley_Wireless__Inc_,AK,22610001001005,0.947,0.947,,,0.947
Copper_Valley_Wireless__Inc_,AK,22610001001029,21.276,21.276,10.31,,26.166
Copper_Valley_Wireless__Inc_,AK,22610001001032,68.623,68.623,,,68.623
Copper_Valley_Wireless__Inc_,AK,22610001001036,100.0,100.0,,,100.0
Copper_Valley_Wireless__Inc_,AK,22610001001038,49.977,49.977,,,49.977
Copper_Valley_Wireless__Inc_,AK,22610001001039,83.625,83.625,,,83.625
Copper_Valley_Wireless__Inc_,AK,22610001001040,94.154,94.154,,,94.154
Copper_Valley_Wireless__Inc_,AK,22610001001062,24.15,24.15,,,24.15
Copper_Valley_Wireless__Inc_,AK,22610001001063,100.0,100.0,,,100.0
Copper_Valley_Wireless__Inc_,AK,22610001001068,6.557,6.557,,,6.557
Copper_Valley_Wireless__Inc_,AK,22610001001081,0.747,0.747,8.686,,8.686
Copper_Valley_Wireless__Inc_,AK,22610001001084,23.238,23.238,,,23.238
Copper_Valley_Wireless__Inc_,AK,22610001001085,98.397,98.397,,,98.397
Copper_Valley_Wireless__Inc_,AK,22610001001086,97.199,97.199,,,97.199
Copper_Valley_Wireless__Inc_,AK,22610001001087,100.0,100.0,,,100.0
Copper_Valley_Wireless__Inc_,AK,22610001001088,100.0,100.0,,,100.0
Copper_Valley_Wireless__Inc_,AK,22610001001089,99.408,99.408,,,99.408
Copper_Valley_Wireless__Inc_,AK,22610001001090,100.0,100.0,,,100.0
Copper_Valley_Wireless__Inc_,AK,22610001001091,92.36,92.36,,,92.36
Copper_Valley_Wireless__Inc_,AK,22610001001093,53.974,53.974,,,53.974
Copper_Valley_Wireless__Inc_,AK,22610001001095,100.0,100.0,,,100.0
Copper_Valley_Wireless__Inc_,AK,22610001001096,100.0,100.0,,,100.0
Copper_Valley_Wireless__Inc_,AK,22610001001100,31.169,31.169,43.743,,43.958
Copper_Valley_Wireless__Inc_,AK,22610001001102,2.22,2.22,3.601,,3.773
Copper_Valley_Wireless__Inc_,AK,22610001001106,,,4.592,,4.592
Copper_Valley_Wireless__Inc_,AK,22610001001108,10.585,10.585,10.856,,12.888
Copper_Valley_Wireless__Inc_,AK,22610001001111,8.95,8.95,21.858,,23.296
Copper_Valley_Wireless__Inc_,AK,22610001001113,44.97,44.97,54.886,,56.593
Copper_Valley_Wireless__Inc_,AK,22610001001119,75.946,75.946,,,75.946
Copper_Valley_Wireless__Inc_,AK,22610001001120,67.411,67.411,,,67.411
Copper_Valley_Wireless__Inc_,AK,22610001001121,100.0,100.0,,,100.0
Copper_Valley_Wireless__Inc_,AK,22610001001122,100.0,100.0,,,100.0
Copper_Valley_Wireless__Inc_,AK,22610001001123,98.043,98.043,,,98.043
Copper_Valley_Wireless__Inc_,AK,22610001001124,100.0,100.0,,,100.0
Copper_Valley_Wireless__Inc_,AK,22610001001125,100.0,100.0,,,100.0
Copper_Valley_Wireless__Inc_,AK,22610001001126,100.0,100.0,,,100.0
Copper_Valley_Wireless__Inc_,AK,22610001001127,100.0,100.0,,,100.0
Copper_Valley_Wireless__Inc_,AK,22610001001128,89.175,89.175,,,89.175
Copper_Valley_Wireless__Inc_,AK,22610001001129,100.0,100.0,,,100.0
Copper_Valley_Wireless__Inc_,AK,22610001001130,5.548,5.548,,,5.548
Copper_Valley_Wireless__Inc_,AK,22610001001134,1.804,1.804,0.395,,2.138
Copper_Valley_Wireless__Inc_,AK,22610001001137,9.624,9.624,,,9.624
Copper_Valley_Wireless__Inc_,AK,22610001001139,30.111,30.111,,,30.111
Copper_Valley_Wireless__Inc_,AK,22610001001140,64.883,64.883,,,64.883
Copper_Valley_Wireless__Inc_,AK,22610001001141,80.168,80.168,,,80.168
Copper_Valley_Wireless__Inc_,AK,22610001001142,58.108,58.108,,,58.108
Copper_Valley_Wireless__Inc_,AK,22610001001143,78.396,78.396,,,78.396
Copper_Valley_Wireless__Inc_,AK,22610001001144,53.146,53.146,,,53.146
Copper_Valley_Wireless__Inc_,AK,22610001001145,25.288,25.288,0.425,,25.662
Copper_Valley_Wireless__Inc_,AK,22610001001147,53.937,53.937,66.21,,66.918
Copper_Valley_Wireless__Inc_,AK,22610001001148,89.485,89.485,97.301,,97.454
Copper_Valley_Wireless__Inc_,AK,22610001001149,48.963,48.963,55.749,,57.605
Copper_Valley_Wireless__Inc_,AK,22610001001150,100.0,100.0,100.0,,100.0
Copper_Valley_Wireless__Inc_,AK,22610001001151,22.227,22.227,25.387,,26.179
Copper_Valley_Wireless__Inc_,AK,22610001001155,,,0.217,,0.217
Copper_Valley_Wireless__Inc_,AK,22610001001156,100.0,100.0,100.0,,100.0
Copper_Valley_Wireless__Inc_,AK,22610001001157,100.0,100.0,100.0,,100.0
Copper_Valley_Wireless__Inc_,AK,22610001001159,100.0,100.0,100.0,,100.0
Copper_Valley_Wireless__Inc_,AK,22610001001160,100.0,100.0,100.0,,100.0
Copper_Valley_Wireless__Inc_,AK,22610001001161,,,4.764,,4.764
Copper_Valley_Wireless__Inc_,AK,22610001001163,56.278,56.278,70.669,,70.726
Copper_Valley_Wireless__Inc_,AK,22610001001165,0.123,0.123,8.322,,8.322
Copper_Valley_Wireless__Inc_,AK,22610001001175,85.867,85.867,100.0,,100.0
Copper_Valley_Wireless__Inc_,AK,22610001001176,3.132,3.132,16.844,,16.845
Copper_Valley_Wireless__Inc_,AK,22610001001177,98.746,98.746,100.0,,100.0
Copper_Valley_Wireless__Inc_,AK,22610001001178,100.0,100.0,99.991,,100.0
Copper_Valley_Wireless__Inc_,AK,22610001001179,66.846,66.846,50.474,,75.875
Copper_Valley_Wireless__Inc_,AK,22610001001180,95.681,95.681,100.0,,100.0
Copper_Valley_Wireless__Inc_,AK,22610001001181,8.347,8.347,100.0,,100.0
Copper_Valley_Wireless__Inc_,AK,22610001001182,61.373,61.373,100.0,,100.0
Copper_Valley_Wireless__Inc_,AK,22610001001225,12.777,12.777,100.0,,100.0
Copper_Valley_Wireless__Inc_,AK,22610001001226,73.82,73.82,100.0,,100.0
Copper_Valley_Wireless__Inc_,AK,22610001001227,100.0,100.0,100.0,,100.0
Copper_Valley_Wireless__Inc_,AK,22610001001228,63.626,63.626,75.962,,78.763
Copper_Valley_Wireless__Inc_,AK,22610001001229,63.828,63.828,100.0,,100.0
Copper_Valley_Wireless__Inc_,AK,22610001001230,7.668,7.668,16.458,,17.213
Copper_Valley_Wireless__Inc_,AK,22610001001231,40.195,40.195,,,40.195
Copper_Valley_Wireless__Inc_,AK,22610001001233,30.275,30.275,30.965,,37.222
Copper_Valley_Wireless__Inc_,AK,22610001001234,9.186,9.186,18.007,,19.702
Copper_Valley_Wireless__Inc_,AK,22610001001235,46.21,46.21,52.208,,52.93
Copper_Valley_Wireless__Inc_,AK,22610001001236,100.0,100.0,100.0,,100.0
Copper_Valley_Wireless__Inc_,AK,22610001001237,100.0,100.0,100.0,,100.0
Copper_Valley_Wireless__Inc_,AK,22610001001238,35.383,35.383,54.854,,58.766
Copper_Valley_Wireless__Inc_,AK,22610001001239,100.0,100.0,100.0,,100.0
Copper_Valley_Wireless__Inc_,AK,22610001001240,100.0,100.0,100.0,,100.0
Copper_Valley_Wireless__Inc_,AK,22610001001241,93.666,93.666,100.0,,100.0
Copper_Valley_Wireless__Inc_,AK,22610001001242,88.018,88.018,100.0,,100.0
Copper_Valley_Wireless__Inc_,AK,22610001001243,100.0,100.0,100.0,,100.0
Copper_Valley_Wireless__Inc_,AK,22610001001244,100.0,100.0,100.0,,100.0
Copper_Valley_Wireless__Inc_,AK,22610001001245,100.0,100.0,100.0,,100.0
Copper_Valley_Wireless__Inc_,AK,22610001001246,100.0,100.0,100.0,,100.0
Copper_Valley_Wireless__Inc_,AK,22610001001247,100.0,100.0,100.0,,100.0
Copper_Valley_Wireless__Inc_,AK,22610001001248,100.0,100.0,100.0,,100.0
Copper_Valley_Wireless__Inc_,AK,22610001001249,98.707,98.707,99.289,,100.0
Copper_Valley_Wireless__Inc_,AK,22610001001250,100.0,100.0,100.0,,100.0
Copper_Valley_Wireless__Inc_,AK,22610001001251,100.0,100.0,100.0,,100.0
Copper_Valley_Wireless__Inc_,AK,22610001001252,100.0,100.0,100.0,,100.0
Copper_Valley_Wireless__Inc_,AK,22610001001253,100.0,100.0,100.0,,100.0
Copper_Valley_Wireless__Inc_,AK,22610001001254,100.0,100.0,100.0,,100.0
Copper_Valley_Wireless__Inc_,AK,22610001001255,100.0,100.0,100.0,,100.0
Copper_Valley_Wireless__Inc_,AK,22610001001256,100.0,100.0,100.0,,100.0
Copper_Valley_Wireless__Inc_,AK,22610001001257,100.0,100.0,100.0,,100.0
Copper_Valley_Wireless__Inc_,AK,22610001001258,100.0,100.0,100.0,,100.0
Copper_Valley_Wireless__Inc_,AK,22610001001259,100.0,100.0,100.0,,100.0
Copper_Valley_Wireless__Inc_,AK,22610001001260,100.0,100.0,100.0,,100.0
Copper_Valley_Wireless__Inc_,AK,22610001001261,100.0,100.0,100.0,,100.0
Copper_Valley_Wireless__Inc_,AK,22610001001262,100.0,100.0,100.0,,100.0
Copper_Valley_Wireless__Inc_,AK,22610001001263,,,0.303,,0.303
Copper_Valley_Wireless__Inc_,AK,22610001001264,51.406,51.406,53.136,,53.652
Copper_Valley_Wireless__Inc_,AK,22610001001265,100.0,100.0,100.0,,100.0
Copper_Valley_Wireless__Inc_,AK,22610001001266,100.0,100.0,100.0,,100.0
Copper_Valley_Wireless__Inc_,AK,22610001001267,100.0,100.0,100.0,,100.0
Copper_Valley_Wireless__Inc_,AK,22610001001268,96.062,96.062,99.347,,99.597
Copper_Valley_Wireless__Inc_,AK,22610001001269,100.0,100.0,100.0,,100.0
Copper_Valley_Wireless__Inc_,AK,22610001001270,100.0,100.0,100.0,,100.0
Copper_Valley_Wireless__Inc_,AK,22610001001271,12.002,12.002,20.584,,20.584
Copper_Valley_Wireless__Inc_,AK,22610001001284,80.821,80.821,100.0,,100.0
Copper_Valley_Wireless__Inc_,AK,22610001001287,98.305,98.305,100.0,,100.0
Copper_Valley_Wireless__Inc_,AK,22610001001288,96.119,96.119,100.0,,100.0
Copper_Valley_Wireless__Inc_,AK,22610001001289,72.765,72.765,83.922,,84.923
Copper_Valley_Wireless__Inc_,AK,22610001001290,72.783,72.783,21.016,,78.52
Copper_Valley_Wireless__Inc_,AK,22610001001291,100.0,100.0,100.0,,100.0
Copper_Valley_Wireless__Inc_,AK,22610001001292,100.0,100.0,100.0,,100.0
Copper_Valley_Wireless__Inc_,AK,22610001001293,100.0,100.0,100.0,,100.0
Copper_Valley_Wireless__Inc_,AK,22610001001294,82.584,82.584,,,82.584
Copper_Valley_Wireless__Inc_,AK,22610001001295,100.0,100.0,,,100.0
Copper_Valley_Wireless__Inc_,AK,22610001001296,94.328,94.328,86.0,,96.197
Copper_Valley_Wireless__Inc_,AK,22610001001297,61.275,61.275,58.981,,85.125
Copper_Valley_Wireless__Inc_,AK,22610001001298,99.733,99.733,,,99.733
Copper_Valley_Wireless__Inc_,AK,22610001001299,100.0,100.0,,,100.0
Copper_Valley_Wireless__Inc_,AK,22610001001300,38.837,38.837,18.265,,41.397
Copper_Valley_Wireless__Inc_,AK,22610001001301,0.983,0.983,1.848,,1.878
Copper_Valley_Wireless__Inc_,AK,22610001001303,100.0,100.0,100.0,,100.0
Copper_Valley_Wireless__Inc_,AK,22610001001304,100.0,100.0,100.0,,100.0
Copper_Valley_Wireless__Inc_,AK,22610001001305,100.0,100.0,100.0,,100.0
Copper_Valley_Wireless__Inc_,AK,22610001001306,100.0,100.0,100.0,,100.0
Copper_Valley_Wireless__Inc_,AK,22610001001307,100.0,100.0,100.0,,100.0
Copper_Valley_Wireless__Inc_,AK,22610001001308,100.0,100.0,100.0,,100.0
Copper_Valley_Wireless__Inc_,AK,22610001001309,89.043,89.043,93.865,,95.211
Copper_Valley_Wireless__Inc_,AK,22610001001310,100.0,100.0,100.0,,100.0
Copper_Valley_Wireless__Inc_,AK,22610001001311,100.0,100.0,100.0,,100.0
Copper_Valley_Wireless__Inc_,AK,22610001001312,100.0,100.0,100.0,,100.0
Copper_Valley_Wireless__Inc_,AK,22610001001313,100.0,100.0,100.0,,100.0
Copper_Valley_Wireless__Inc_,AK,22610001001314,100.0,100.0,100.0,,100.0
Copper_Valley_Wireless__Inc_,AK,22610001001315,100.0,100.0,100.0,,100.0
Copper_Valley_Wireless__Inc_,AK,22610001001316,100.0,100.0,100.0,,100.0
Copper_Valley_Wireless__Inc_,AK,22610001001317,100.0,100.0,100.0,,100.0
Copper_Valley_Wireless__Inc_,AK,22610001001318,100.0,100.0,100.0,,100.0
Copper_Valley_Wireless__Inc_,AK,22610001001319,100.0,100.0,100.0,,100.0
Copper_Valley_Wireless__Inc_,AK,22610001001320,100.0,100.0,100.0,,100.0
Copper_Valley_Wireless__Inc_,AK,22610001001321,100.0,100.0,100.0,,100.0
Copper_Valley_Wireless__Inc_,AK,22610001001325,10.245,10.245,25.105,,25.367
Copper_Valley_Wireless__Inc_,AK,22610001001326,91.657,91.657,98.304,,99.294
Copper_Valley_Wireless__Inc_,AK,22610001001327,66.78,66.78,68.877,,72.61
Copper_Valley_Wireless__Inc_,AK,22610001001328,100.0,100.0,100.0,,100.0
Copper_Valley_Wireless__Inc_,AK,22610001001329,100.0,100.0,100.0,,100.0
Copper_Valley_Wireless__Inc_,AK,22610001001330,100.0,100.0,100.0,,100.0
Copper_Valley_Wireless__Inc_,AK,22610001001331,99.894,99.894,42.403,,99.991
Copper_Valley_Wireless__Inc_,AK,22610001001332,97.651,97.651,,,97.651
Copper_Valley_Wireless__Inc_,AK,22610001001333,100.0,100.0,100.0,,100.0
Copper_Valley_Wireless__Inc_,AK,22610001001334,72.128,72.128,97.216,,97.697
Copper_Valley_Wireless__Inc_,AK,22610001001335,24.66,24.66,98.513,,98.513
Copper_Valley_Wireless__Inc_,AK,22610001001336,100.0,100.0,100.0,,100.0
Copper_Valley_Wireless__Inc_,AK,22610001001337,88.894,88.894,95.912,,97.701
Copper_Valley_Wireless__Inc_,AK,22610001001338,85.875,85.875,89.319,,89.776
Copper_Valley_Wireless__Inc_,AK,22610001001339,100.0,100.0,100.0,,100.0
Copper_Valley_Wireless__Inc_,AK,22610001001340,100.0,100.0,100.0,,100.0
Copper_Valley_Wireless__Inc_,AK,22610001001341,100.0,100.0,100.0,,100.0
Copper_Valley_Wireless__Inc_,AK,22610001001342,100.0,100.0,100.0,,100.0
Copper_Valley_Wireless__Inc_,AK,22610001001343,100.0,100.0,100.0,,100.0
Copper_Valley_Wireless__Inc_,AK,22610001001344,99.854,99.854,100.0,,100.0
Copper_Valley_Wireless__Inc_,AK,22610001001345,100.0,100.0,100.0,,100.0
Copper_Valley_Wireless__Inc_,AK,22610001001346,100.0,100.0,100.0,,100.0
Copper_Valley_Wireless__Inc_,AK,22610001001347,100.0,100.0,100.0,,100.0
Copper_Valley_Wireless__Inc_,AK,22610001001348,100.0,100.0,100.0,,100.0
Copper_Valley_Wireless__Inc_,AK,22610001001349,91.939,91.939,98.433,,98.515
Copper_Valley_Wireless__Inc_,AK,22610001001350,100.0,100.0,100.0,,100.0
Copper_Valley_Wireless__Inc_,AK,22610001001351,100.0,100.0,100.0,,100.0
Copper_Valley_Wireless__Inc_,AK,22610001001352,41.149,41.149,84.291,,84.291
Copper_Valley_Wireless__Inc_,AK,22610001001353,84.082,84.082,100.0,,100.0
Copper_Valley_Wireless__Inc_,AK,22610001001354,100.0,100.0,100.0,,100.0
Copper_Valley_Wireless__Inc_,AK,22610001001355,100.0,100.0,100.0,,100.0
Copper_Valley_Wireless__Inc_,AK,22610001001356,100.0,100.0,100.0,,100.0
Copper_Valley_Wireless__Inc_,AK,22610001001357,,,11.865,,11.865
Copper_Valley_Wireless__Inc_,AK,22610001001360,10.534,10.534,10.112,,13.362
Copper_Valley_Wireless__Inc_,AK,22610001001363,92.525,92.525,75.415,,93.544
Copper_Valley_Wireless__Inc_,AK,22610001001365,99.955,99.955,100.0,,100.0
Copper_Valley_Wireless__Inc_,AK,22610001001366,93.452,93.452,95.041,,96.346
Copper_Valley_Wireless__Inc_,AK,22610001001367,,,100.0,,100.0
Copper_Valley_Wireless__Inc_,AK,22610001001368,94.33,94.33,100.0,,100.0
Copper_Valley_Wireless__Inc_,AK,22610001001369,65.399,65.399,100.0,,100.0
Copper_Valley_Wireless__Inc_,AK,22610001001371,5.578,5.578,,,5.578
Copper_Valley_Wireless__Inc_,AK,22610001001373,96.275,96.275,100.0,,100.0
Copper_Valley_Wireless__Inc_,AK,22610001001374,100.0,100.0,100.0,,100.0
Copper_Valley_Wireless__Inc_,AK,22610001001381,100.0,100.0,100.0,,100.0
Copper_Valley_Wireless__Inc_,AK,22610001001382,0.006,0.006,,,0.006
Copper_Valley_Wireless__Inc_,AK,22610001001383,100.0,100.0,100.0,,100.0
Copper_Valley_Wireless__Inc_,AK,22610001002000,81.926,81.926,83.174,,83.289
Copper_Valley_Wireless__Inc_,AK,22610001002001,99.975,99.975,100.0,,100.0
Copper_Valley_Wireless__Inc_,AK,22610001002002,100.0,100.0,100.0,,100.0
Copper_Valley_Wireless__Inc_,AK,22610001002004,100.0,100.0,100.0,,100.0
Copper_Valley_Wireless__Inc_,AK,22610001002005,97.49,97.49,100.0,,100.0
Copper_Valley_Wireless__Inc_,AK,22610001002006,100.0,100.0,100.0,,100.0
Copper_Valley_Wireless__Inc_,AK,22610001002007,100.0,100.0,100.0,,100.0
Copper_Valley_Wireless__Inc_,AK,22610001002008,42.678,42.678,55.954,,56.071
Copper_Valley_Wireless__Inc_,AK,22610001002009,,,15.661,,15.661
Copper_Valley_Wireless__Inc_,AK,22610001002010,100.0,100.0,100.0,,100.0
Copper_Valley_Wireless__Inc_,AK,22610001002011,84.966,84.966,97.317,,97.317
Copper_Valley_Wireless__Inc_,AK,22610001002012,87.145,87.145,93.03,,93.164
Copper_Valley_Wireless__Inc_,AK,22610001002013,97.782,97.782,98.84,,98.984
Copper_Valley_Wireless__Inc_,AK,22610001002014,84.602,84.602,97.99,,98.131
Copper_Valley_Wireless__Inc_,AK,22610001002015,100.0,100.0,100.0,,100.0
Copper_Valley_Wireless__Inc_,AK,22610001002016,100.0,100.0,100.0,,100.0
Copper_Valley_Wireless__Inc_,AK,22610001002017,100.0,100.0,100.0,,100.0
Copper_Valley_Wireless__Inc_,AK,22610001002018,100.0,100.0,100.0,,100.0
Copper_Valley_Wireless__Inc_,AK,22610001002019,100.0,100.0,100.0,,100.0
Copper_Valley_Wireless__Inc_,AK,22610001002020,100.0,100.0,100.0,,100.0
Copper_Valley_Wireless__Inc_,AK,22610001002021,100.0,100.0,100.0,,100.0
Copper_Valley_Wireless__Inc_,AK,22610001002022,100.0,100.0,100.0,,100.0
Copper_Valley_Wireless__Inc_,AK,22610001002023,100.0,100.0,100.0,,100.0
Copper_Valley_Wireless__Inc_,AK,22610001002024,98.126,98.126,97.862,,99.148
Copper_Valley_Wireless__Inc_,AK,22610001002025,100.0,100.0,100.0,,100.0
Copper_Valley_Wireless__Inc_,AK,22610001002026,100.0,100.0,100.0,,100.0
Copper_Valley_Wireless__Inc_,AK,22610001002027,100.0,100.0,100.0,,100.0
Copper_Valley_Wireless__Inc_,AK,22610001002028,100.0,100.0,100.0,,100.0
Copper_Valley_Wireless__Inc_,AK,22610001002029,100.0,100.0,100.0,,100.0
Copper_Valley_Wireless__Inc_,AK,22610001002030,99.841,99.841,99.951,,99.977
Copper_Valley_Wireless__Inc_,AK,22610001002031,100.0,100.0,100.0,,100.0
Copper_Valley_Wireless__Inc_,AK,22610001002032,100.0,100.0,100.0,,100.0
Copper_Valley_Wireless__Inc_,AK,22610001002033,100.0,100.0,100.0,,100.0
Copper_Valley_Wireless__Inc_,AK,22610001002034,100.0,100.0,100.0,,100.0
Copper_Valley_Wireless__Inc_,AK,22610001002035,100.0,100.0,100.0,,100.0
Copper_Valley_Wireless__Inc_,AK,22610001002036,100.0,100.0,100.0,,100.0
Copper_Valley_Wireless__Inc_,AK,22610001002037,100.0,100.0,100.0,,100.0
Copper_Valley_Wireless__Inc_,AK,22610001002038,100.0,100.0,100.0,,100.0
Copper_Valley_Wireless__Inc_,AK,22610001002039,100.0,100.0,100.0,,100.0
Copper_Valley_Wireless__Inc_,AK,22610001002040,100.0,100.0,100.0,,100.0
Copper_Valley_Wireless__Inc_,AK,22610001002041,100.0,100.0,100.0,,100.0
Copper_Valley_Wireless__Inc_,AK,22610001002042,100.0,100.0,100.0,,100.0
Copper_Valley_Wireless__Inc_,AK,22610001002043,100.0,100.0,100.0,,100.0
Copper_Valley_Wireless__Inc_,AK,22610001002044,100.0,100.0,100.0,,100.0
Copper_Valley_Wireless__Inc_,AK,22610001002045,100.0,100.0,100.0,,100.0
Copper_Valley_Wireless__Inc_,AK,22610001002046,100.0,100.0,100.0,,100.0
Copper_Valley_Wireless__Inc_,AK,22610001002047,100.0,100.0,100.0,,100.0
Copper_Valley_Wireless__Inc_,AK,22610001002048,100.0,100.0,100.0,,100.0
Copper_Valley_Wireless__Inc_,AK,22610001002049,100.0,100.0,100.0,,100.0
Copper_Valley_Wireless__Inc_,AK,22610001002050,100.0,100.0,100.0,,100.0
Copper_Valley_Wireless__Inc_,AK,22610001002051,100.0,100.0,100.0,,100.0
Copper_Valley_Wireless__Inc_,AK,22610001002052,100.0,100.0,100.0,,100.0
Copper_Valley_Wireless__Inc_,AK,22610001002053,100.0,100.0,100.0,,100.0
Copper_Valley_Wireless__Inc_,AK,22610001002054,100.0,100.0,100.0,,100.0
Copper_Valley_Wireless__Inc_,AK,22610001002055,100.0,100.0,100.0,,100.0
Copper_Valley_Wireless__Inc_,AK,22610001002056,100.0,100.0,100.0,,100.0
Copper_Valley_Wireless__Inc_,AK,22610001002057,100.0,100.0,100.0,,100.0
Copper_Valley_Wireless__Inc_,AK,22610001002058,100.0,100.0,100.0,,100.0
Copper_Valley_Wireless__Inc_,AK,22610001002059,100.0,100.0,100.0,,100.0
Copper_Valley_Wireless__Inc_,AK,22610001002060,69.02,69.02,77.42,,79.311
Copper_Valley_Wireless__Inc_,AK,22610001002061,88.121,88.121,91.76,,92.628
Copper_Valley_Wireless__Inc_,AK,22610001002062,100.0,100.0,100.0,,100.0
Copper_Valley_Wireless__Inc_,AK,22610001002063,72.82,72.82,83.604,,86.467
Copper_Valley_Wireless__Inc_,AK,22610001002064,87.904,87.904,92.998,,95.468
Copper_Valley_Wireless__Inc_,AK,22610001002065,100.0,100.0,100.0,,100.0
Copper_Valley_Wireless__Inc_,AK,22610001002066,100.0,100.0,100.0,,100.0
Copper_Valley_Wireless__Inc_,AK,22610001002067,100.0,100.0,100.0,,100.0
Copper_Valley_Wireless__Inc_,AK,22610001002068,98.662,98.662,100.0,,100.0
Copper_Valley_Wireless__Inc_,AK,22610001002069,100.0,100.0,100.0,,100.0
Copper_Valley_Wireless__Inc_,AK,22610001002070,100.0,100.0,100.0,,100.0
Copper_Valley_Wireless__Inc_,AK,22610001002071,100.0,100.0,100.0,,100.0
Copper_Valley_Wireless__Inc_,AK,22610001002072,100.0,100.0,100.0,,100.0
Copper_Valley_Wireless__Inc_,AK,22610001002073,100.0,100.0,100.0,,100.0
Copper_Valley_Wireless__Inc_,AK,22610001002074,100.0,100.0,100.0,,100.0
Copper_Valley_Wireless__Inc_,AK,22610001002075,99.783,99.783,100.0,,100.0
Copper_Valley_Wireless__Inc_,AK,22610001002076,100.0,100.0,100.0,,100.0
Copper_Valley_Wireless__Inc_,AK,22610001002077,65.701,65.701,89.054,,89.129
Copper_Valley_Wireless__Inc_,AK,22610001002078,100.0,100.0,100.0,,100.0
Copper_Valley_Wireless__Inc_,AK,22610001002079,100.0,100.0,100.0,,100.0
Copper_Valley_Wireless__Inc_,AK,22610001002080,100.0,100.0,100.0,,100.0
Copper_Valley_Wireless__Inc_,AK,22610001002081,94.064,94.064,100.0,,100.0
Copper_Valley_Wireless__Inc_,AK,22610001002082,21.59,21.59,32.263,,32.263
Copper_Valley_Wireless__Inc_,AK,22610001002083,0.915,0.915,100.0,,100.0
Copper_Valley_Wireless__Inc_,AK,22610001002084,100.0,100.0,100.0,,100.0
Copper_Valley_Wireless__Inc_,AK,22610001002085,52.046,52.046,70.495,,70.506
Copper_Valley_Wireless__Inc_,AK,22610001002086,100.0,100.0,100.0,,100.0
Copper_Valley_Wireless__Inc_,AK,22610001002087,84.729,84.729,92.212,,92.83
Copper_Valley_Wireless__Inc_,AK,22610001002088,88.319,88.319,94.489,,94.627
Copper_Valley_Wireless__Inc_,AK,22610001002089,100.0,100.0,100.0,,100.0
Copper_Valley_Wireless__Inc_,AK,22610001002090,100.0,100.0,100.0,,100.0
Copper_Valley_Wireless__Inc_,AK,22610001002091,100.0,100.0,100.0,,100.0
Copper_Valley_Wireless__Inc_,AK,22610001002092,100.0,100.0,100.0,,100.0
Copper_Valley_Wireless__Inc_,AK,22610001002093,100.0,100.0,100.0,,100.0
Copper_Valley_Wireless__Inc_,AK,22610001002094,100.0,100.0,100.0,,100.0
Copper_Valley_Wireless__Inc_,AK,22610001002096,100.0,100.0,100.0,,100.0
Copper_Valley_Wireless__Inc_,AK,22610001002097,98.221,98.221,99.18,,99.245
Copper_Valley_Wireless__Inc_,AK,22610001002098,100.0,100.0,100.0,,100.0
Copper_Valley_Wireless__Inc_,AK,22610001002099,49.01,49.01,60.199,,62.92
Copper_Valley_Wireless__Inc_,AK,22610001002101,70.149,70.149,77.647,,78.875
Copper_Valley_Wireless__Inc_,AK,22610001002103,,,27.801,,27.801
Copper_Valley_Wireless__Inc_,AK,22610001002104,49.687,49.687,100.0,,100.0
Copper_Valley_Wireless__Inc_,AK,22610001002105,83.957,83.957,85.942,,89.144
Copper_Valley_Wireless__Inc_,AK,22610001002106,100.0,100.0,100.0,,100.0
Copper_Valley_Wireless__Inc_,AK,22610001002107,100.0,100.0,100.0,,100.0
Copper_Valley_Wireless__Inc_,AK,22610001002108,100.0,100.0,100.0,,100.0
Copper_Valley_Wireless__Inc_,AK,22610001002109,100.0,100.0,100.0,,100.0
Copper_Valley_Wireless__Inc_,AK,22610001002110,85.089,85.089,96.498,,96.702
Copper_Valley_Wireless__Inc_,AK,22610001002111,100.0,100.0,100.0,,100.0
Copper_Valley_Wireless__Inc_,AK,22610001002113,100.0,100.0,100.0,,100.0
Copper_Valley_Wireless__Inc_,AK,22610001002114,71.161,71.161,98.229,,98.229
Copper_Valley_Wireless__Inc_,AK,22610001002115,100.0,100.0,100.0,,100.0
Copper_Valley_Wireless__Inc_,AK,22610001003000,99.236,99.236,100.0,,100.0
Copper_Valley_Wireless__Inc_,AK,22610001003001,100.0,100.0,100.0,,100.0
Copper_Valley_Wireless__Inc_,AK,22610001003002,100.0,100.0,100.0,,100.0
Copper_Valley_Wireless__Inc_,AK,22610001003003,100.0,100.0,100.0,,100.0
Copper_Valley_Wireless__Inc_,AK,22610001003004,79.697,79.697,90.634,,90.647
Copper_Valley_Wireless__Inc_,AK,22610001003005,78.741,78.741,88.411,,88.411
Copper_Valley_Wireless__Inc_,AK,22610001003006,87.396,87.396,94.074,,94.377
Copper_Valley_Wireless__Inc_,AK,22610001003007,17.224,17.224,46.69,,47.974
Copper_Valley_Wireless__Inc_,AK,22610001003008,27.802,27.802,31.069,,31.401
Copper_Valley_Wireless__Inc_,AK,22610001003009,72.877,72.877,76.045,,76.097
Copper_Valley_Wireless__Inc_,AK,22610001003010,99.237,99.237,100.0,,100.0
Copper_Valley_Wireless__Inc_,AK,22610001003011,100.0,100.0,100.0,,100.0
Copper_Valley_Wireless__Inc_,AK,22610001003013,100.0,100.0,100.0,,100.0
Copper_Valley_Wireless__Inc_,AK,22610001003014,100.0,100.0,100.0,,100.0
Copper_Valley_Wireless__Inc_,AK,22610001003015,,,0.016,,0.016
Copper_Valley_Wireless__Inc_,AK,22610001003016,100.0,100.0,100.0,,100.0
Copper_Valley_Wireless__Inc_,AK,22610001003017,100.0,100.0,100.0,,100.0
Copper_Valley_Wireless__Inc_,AK,22610001003018,100.0,100.0,100.0,,100.0
Copper_Valley_Wireless__Inc_,AK,22610001003019,100.0,100.0,100.0,,100.0
Copper_Valley_Wireless__Inc_,AK,22610001003020,100.0,100.0,100.0,,100.0
Copper_Valley_Wireless__Inc_,AK,22610001003021,100.0,100.0,100.0,,100.0
Copper_Valley_Wireless__Inc_,AK,22610001003022,100.0,100.0,100.0,,100.0
Copper_Valley_Wireless__Inc_,AK,22610001003023,100.0,100.0,100.0,,100.0
Copper_Valley_Wireless__Inc_,AK,22610001003024,100.0,100.0,100.0,,100.0
Copper_Valley_Wireless__Inc_,AK,22610001003025,100.0,100.0,100.0,,100.0
Copper_Valley_Wireless__Inc_,AK,22610001003026,100.0,100.0,100.0,,100.0
Copper_Valley_Wireless__Inc_,AK,22610001003027,100.0,100.0,100.0,,100.0
Copper_Valley_Wireless__Inc_,AK,22610001003028,99.893,99.893,100.0,,100.0
Copper_Valley_Wireless__Inc_,AK,22610001003029,100.0,100.0,100.0,,100.0
Copper_Valley_Wireless__Inc_,AK,22610001003030,100.0,100.0,100.0,,100.0
Copper_Valley_Wireless__Inc_,AK,22610001003031,100.0,100.0,100.0,,100.0
Copper_Valley_Wireless__Inc_,AK,22610001003032,100.0,100.0,100.0,,100.0
Copper_Valley_Wireless__Inc_,AK,22610001003033,100.0,100.0,100.0,,100.0
Copper_Valley_Wireless__Inc_,AK,22610001003034,100.0,100.0,100.0,,100.0
Copper_Valley_Wireless__Inc_,AK,22610001003035,100.0,100.0,100.0,,100.0
Copper_Valley_Wireless__Inc_,AK,22610001003036,100.0,100.0,100.0,,100.0
Copper_Valley_Wireless__Inc_,AK,22610001003037,100.0,100.0,100.0,,100.0
Copper_Valley_Wireless__Inc_,AK,22610001003038,100.0,100.0,100.0,,100.0
Copper_Valley_Wireless__Inc_,AK,22610001003039,100.0,100.0,100.0,,100.0
Copper_Valley_Wireless__Inc_,AK,22610001003040,100.0,100.0,100.0,,100.0
Copper_Valley_Wireless__Inc_,AK,22610001003041,100.0,100.0,100.0,,100.0
Copper_Valley_Wireless__Inc_,AK,22610001003042,100.0,100.0,100.0,,100.0
Copper_Valley_Wireless__Inc_,AK,22610001003043,100.0,100.0,100.0,,100.0
Copper_Valley_Wireless__Inc_,AK,22610001003044,100.0,100.0,100.0,,100.0
Copper_Valley_Wireless__Inc_,AK,22610001003045,100.0,100.0,100.0,,100.0
Copper_Valley_Wireless__Inc_,AK,22610001003046,100.0,100.0,100.0,,100.0
Copper_Valley_Wireless__Inc_,AK,22610001003047,100.0,100.0,100.0,,100.0
Copper_Valley_Wireless__Inc_,AK,22610001003048,100.0,100.0,100.0,,100.0
Copper_Valley_Wireless__Inc_,AK,22610001003049,100.0,100.0,100.0,,100.0
Copper_Valley_Wireless__Inc_,AK,22610001003050,100.0,100.0,100.0,,100.0
Copper_Valley_Wireless__Inc_,AK,22610001003051,100.0,100.0,100.0,,100.0
Copper_Valley_Wireless__Inc_,AK,22610001003052,100.0,100.0,100.0,,100.0
Copper_Valley_Wireless__Inc_,AK,22610001003053,100.0,100.0,100.0,,100.0
Copper_Valley_Wireless__Inc_,AK,22610001003054,100.0,100.0,100.0,,100.0
Copper_Valley_Wireless__Inc_,AK,22610001003055,100.0,100.0,100.0,,100.0
Copper_Valley_Wireless__Inc_,AK,22610001003056,100.0,100.0,100.0,,100.0
Copper_Valley_Wireless__Inc_,AK,22610001003057,100.0,100.0,100.0,,100.0
Copper_Valley_Wireless__Inc_,AK,22610001003058,100.0,100.0,100.0,,100.0
Copper_Valley_Wireless__Inc_,AK,22610001003060,100.0,100.0,100.0,,100.0
Copper_Valley_Wireless__Inc_,AK,22610001003061,100.0,100.0,100.0,,100.0
Copper_Valley_Wireless__Inc_,AK,22610001004001,8.25,8.25,9.146,,10.272
Copper_Valley_Wireless__Inc_,AK,22610001004002,4.84,4.84,5.348,,8.054
Copper_Valley_Wireless__Inc_,AK,22610001004004,43.991,43.991,39.303,,52.566
Copper_Valley_Wireless__Inc_,AK,22610001004005,53.84,53.84,47.175,,61.906
Copper_Valley_Wireless__Inc_,AK,22610001004006,60.824,60.824,66.321,,67.928
Copper_Valley_Wireless__Inc_,AK,22610001004009,40.625,40.625,42.259,,47.868
Copper_Valley_Wireless__Inc_,AK,22610001004011,1.258,1.258,1.569,,1.57
Copper_Valley_Wireless__Inc_,AK,22610001004012,19.469,19.469,23.488,,23.956
Copper_Valley_Wireless__Inc_,AK,22610001004014,,,2.298,,2.298
Copper_Valley_Wireless__Inc_,AK,22610001004015,23.226,23.226,22.724,,25.736
Copper_Valley_Wireless__Inc_,AK,22610001004017,100.0,100.0,100.0,,100.0
Copper_Valley_Wireless__Inc_,AK,22610001004019,84.643,84.643,79.774,,88.4
Copper_Valley_Wireless__Inc_,AK,22610001004020,40.538,40.538,44.462,,47.669
Copper_Valley_Wireless__Inc_,AK,22610001004021,100.0,100.0,100.0,,100.0
Copper_Valley_Wireless__Inc_,AK,22610001004023,3.35,3.35,1.906,,3.899
Copper_Valley_Wireless__Inc_,AK,22610001004024,55.068,55.068,60.499,,61.582
Copper_Valley_Wireless__Inc_,AK,22610001004027,66.244,66.244,66.129,,68.286
Copper_Valley_Wireless__Inc_,AK,22610001004028,61.292,61.292,64.175,,64.309
Copper_Valley_Wireless__Inc_,AK,22610001004033,1.428,1.428,2.807,,3.267
Copper_Valley_Wireless__Inc_,AK,22610001004036,24.249,24.249,36.631,,38.759
Copper_Valley_Wireless__Inc_,AK,22610001004038,100.0,100.0,100.0,,100.0
Copper_Valley_Wireless__Inc_,AK,22610001004039,98.832,98.832,98.181,,99.116
Copper_Valley_Wireless__Inc_,AK,22610001004040,100.0,100.0,100.0,,100.0
Copper_Valley_Wireless__Inc_,AK,22610001004044,63.705,63.705,40.944,,70.235
Copper_Valley_Wireless__Inc_,AK,22610001004045,100.0,100.0,100.0,,100.0
Copper_Valley_Wireless__Inc_,AK,22610001004046,37.35,37.35,38.386,,43.022
Copper_Valley_Wireless__Inc_,AK,22610001004049,43.028,43.028,39.896,,49.718
Copper_Valley_Wireless__Inc_,AK,22610001004052,83.525,83.525,87.738,,88.707
Copper_Valley_Wireless__Inc_,AK,22610001004053,18.361,18.361,2.717,,19.337
Copper_Valley_Wireless__Inc_,AK,22610001004058,24.344,24.344,14.08,,24.344
Copper_Valley_Wireless__Inc_,AK,22610001004060,0.002,0.002,0.054,,0.054
Copper_Valley_Wireless__Inc_,AK,22610001004061,42.404,42.404,52.994,,53.787
Copper_Valley_Wireless__Inc_,AK,22610001004063,65.508,65.508,71.585,,73.016
Copper_Valley_Wireless__Inc_,AK,22610001004064,47.815,47.815,63.174,,66.053
Copper_Valley_Wireless__Inc_,AK,22610001004065,93.705,93.705,96.715,,97.33
Copper_Valley_Wireless__Inc_,AK,22610001004066,100.0,100.0,100.0,,100.0
Copper_Valley_Wireless__Inc_,AK,22610001004067,99.765,99.765,100.0,,100.0
Copper_Valley_Wireless__Inc_,AK,22610001004068,100.0,100.0,100.0,,100.0
Copper_Valley_Wireless__Inc_,AK,22610001004069,12.004,12.004,13.697,,14.92
Copper_Valley_Wireless__Inc_,AK,22610001004070,100.0,100.0,100.0,,100.0
Copper_Valley_Wireless__Inc_,AK,22610001004072,0.828,0.828,,,0.828
Copper_Valley_Wireless__Inc_,AK,22610001004073,100.0,100.0,100.0,,100.0
Copper_Valley_Wireless__Inc_,AK,22610001004074,6.584,6.584,29.737,,29.737
Copper_Valley_Wireless__Inc_,AK,22610001004075,100.0,100.0,100.0,,100.0
Copper_Valley_Wireless__Inc_,AK,22610001004077,2.741,2.741,,,2.741
Copper_Valley_Wireless__Inc_,AK,22610001004078,65.054,65.054,65.21,,68.329
Copper_Valley_Wireless__Inc_,AK,22610001004079,5.412,5.412,9.485,,9.485
Copper_Valley_Wireless__Inc_,AK,22610001004080,100.0,100.0,100.0,,100.0
Copper_Valley_Wireless__Inc_,AK,22610001004082,100.0,100.0,100.0,,100.0
Copper_Valley_Wireless__Inc_,AK,22610001004083,58.097,58.097,79.097,,82.272
Copper_Valley_Wireless__Inc_,AK,22610001004084,100.0,100.0,100.0,,100.0
Copper_Valley_Wireless__Inc_,AK,22610001004085,84.876,84.876,86.0,,87.469
Copper_Valley_Wireless__Inc_,AK,22610001004086,9.285,9.285,0.149,,9.377
Copper_Valley_Wireless__Inc_,AK,22610001004090,2.35,2.35,,,2.35
Copper_Valley_Wireless__Inc_,AK,22610001004096,18.515,18.515,,,18.515
Copper_Valley_Wireless__Inc_,AK,22610001004097,44.425,44.425,48.59,,49.643
Copper_Valley_Wireless__Inc_,AK,22610001004098,100.0,100.0,100.0,,100.0
Copper_Valley_Wireless__Inc_,AK,22610001004099,99.357,99.357,99.191,,100.0
Copper_Valley_Wireless__Inc_,AK,22610001004100,41.335,41.335,28.821,,42.384
Copper_Valley_Wireless__Inc_,AK,22610001004101,0.028,0.028,,,0.028
Copper_Valley_Wireless__Inc_,AK,22610001004102,100.0,100.0,72.312,,100.0
Copper_Valley_Wireless__Inc_,AK,22610001004103,100.0,100.0,100.0,,100.0
Copper_Valley_Wireless__Inc_,AK,22610001004104,71.448,71.448,,,71.448
Copper_Valley_Wireless__Inc_,AK,22610001004105,62.208,62.208,14.347,,64.97
Copper_Valley_Wireless__Inc_,AK,22610001004106,100.0,100.0,100.0,,100.0
Copper_Valley_Wireless__Inc_,AK,22610001004107,99.79,99.79,93.871,,99.866
Copper_Valley_Wireless__Inc_,AK,22610001004108,82.069,82.069,80.319,,88.942
Copper_Valley_Wireless__Inc_,AK,22610001004109,100.0,100.0,100.0,,100.0
Copper_Valley_Wireless__Inc_,AK,22610001004110,95.572,95.572,99.863,,100.0
Copper_Valley_Wireless__Inc_,AK,22610001004111,100.0,100.0,100.0,,100.0
Copper_Valley_Wireless__Inc_,AK,22610001004112,100.0,100.0,100.0,,100.0
Copper_Valley_Wireless__Inc_,AK,22610001004113,100.0,100.0,100.0,,100.0
Copper_Valley_Wireless__Inc_,AK,22610001004114,85.233,85.233,86.606,,88.34
Copper_Valley_Wireless__Inc_,AK,22610001004115,96.542,96.542,97.87,,98.064
Copper_Valley_Wireless__Inc_,AK,22610001004116,39.426,39.426,66.344,,67.087
Copper_Valley_Wireless__Inc_,AK,22610001004117,100.0,100.0,100.0,,100.0
Copper_Valley_Wireless__Inc_,AK,22610001004118,100.0,100.0,100.0,,100.0
Copper_Valley_Wireless__Inc_,AK,22610001004119,100.0,100.0,100.0,,100.0
Copper_Valley_Wireless__Inc_,AK,22610001004120,49.842,49.842,54.688,,55.643
Copper_Valley_Wireless__Inc_,AK,22610001004121,,,65.204,,65.204
Copper_Valley_Wireless__Inc_,AK,22610001004123,0.0,0.0,13.681,,13.681
Copper_Valley_Wireless__Inc_,AK,22610001004124,29.214,29.214,43.836,,45.004
Copper_Valley_Wireless__Inc_,AK,22610001004125,14.731,14.731,1.36,,16.091
Copper_Valley_Wireless__Inc_,AK,22610001004126,,,8.76,,8.76
Copper_Valley_Wireless__Inc_,AK,22610001004127,21.988,21.988,29.258,,29.978
Copper_Valley_Wireless__Inc_,AK,22610001004128,100.0,100.0,100.0,,100.0
Copper_Valley_Wireless__Inc_,AK,22610001004129,25.858,25.858,29.462,,30.874
Copper_Valley_Wireless__Inc_,AK,22610001004130,100.0,100.0,100.0,,100.0
Copper_Valley_Wireless__Inc_,AK,22610001004131,99.214,99.214,94.021,,99.62
Copper_Valley_Wireless__Inc_,AK,22610001004132,93.437,93.437,99.823,,100.0
Copper_Valley_Wireless__Inc_,AK,22610001004133,100.0,100.0,100.0,,100.0
Copper_Valley_Wireless__Inc_,AK,22610001004134,32.24,32.24,43.148,,52.886
Copper_Valley_Wireless__Inc_,AK,22610001004135,100.0,100.0,100.0,,100.0
Copper_Valley_Wireless__Inc_,AK,22610001004136,100.0,100.0,100.0,,100.0
Copper_Valley_Wireless__Inc_,AK,22610001004137,61.159,61.159,45.479,,66.147
Copper_Valley_Wireless__Inc_,AK,22610001004138,100.0,100.0,100.0,,100.0
Copper_Valley_Wireless__Inc_,AK,22610001004139,7.583,7.583,8.573,,9.141
Copper_Valley_Wireless__Inc_,AK,22610001004140,69.927,69.927,86.48,,88.308
Copper_Valley_Wireless__Inc_,AK,22610001004141,45.27,45.27,34.32,,49.389
Copper_Valley_Wireless__Inc_,AK,22610001004142,97.422,97.422,100.0,,100.0
Copper_Valley_Wireless__Inc_,AK,22610001004143,55.955,55.955,69.62,,72.774
Copper_Valley_Wireless__Inc_,AK,22610001004144,100.0,100.0,100.0,,100.0
Copper_Valley_Wireless__Inc_,AK,22610001004145,0.518,0.518,22.994,,22.994
Copper_Valley_Wireless__Inc_,AK,22610001004146,82.053,82.053,45.331,,82.263
Copper_Valley_Wireless__Inc_,AK,22610001004147,100.0,100.0,100.0,,100.0
Copper_Valley_Wireless__Inc_,AK,22610001004148,99.312,99.312,19.051,,99.312
Copper_Valley_Wireless__Inc_,AK,22610001004149,2.901,2.901,3.727,,4.336
Copper_Valley_Wireless__Inc_,AK,22610001004151,33.453,33.453,46.693,,48.06
Copper_Valley_Wireless__Inc_,AK,22610001004152,83.297,83.297,84.738,,90.986
Copper_Valley_Wireless__Inc_,AK,22610001004153,100.0,100.0,100.0,,100.0
Copper_Valley_Wireless__Inc_,AK,22610001004154,100.0,100.0,100.0,,100.0
Copper_Valley_Wireless__Inc_,AK,22610001004155,100.0,100.0,100.0,,100.0
Copper_Valley_Wireless__Inc_,AK,22610001004156,100.0,100.0,100.0,,100.0
Copper_Valley_Wireless__Inc_,AK,22610001004157,94.668,94.668,94.325,,97.661
Copper_Valley_Wireless__Inc_,AK,22610001004158,0.53,0.53,1.299,,1.829
Copper_Valley_Wireless__Inc_,AK,22610001004159,,,26.216,,26.216
Copper_Valley_Wireless__Inc_,AK,22610001004160,100.0,100.0,100.0,,100.0
Copper_Valley_Wireless__Inc_,AK,22610001004161,72.301,72.301,100.0,,100.0
Copper_Valley_Wireless__Inc_,AK,22610001004162,100.0,100.0,100.0,,100.0
Copper_Valley_Wireless__Inc_,AK,22610001004163,97.267,97.267,100.0,,100.0
Copper_Valley_Wireless__Inc_,AK,22610001004164,65.654,65.654,56.814,,74.986
Copper_Valley_Wireless__Inc_,AK,22610001004165,99.871,99.871,88.12,,99.871
Copper_Valley_Wireless__Inc_,AK,22610001004166,100.0,100.0,100.0,,100.0
Copper_Valley_Wireless__Inc_,AK,22610001004167,100.0,100.0,98.255,,100.0
Copper_Valley_Wireless__Inc_,AK,22610001004168,93.711,93.711,93.712,,98.305
Copper_Valley_Wireless__Inc_,AK,22610001004169,3.223,3.223,6.532,,7.668
Copper_Valley_Wireless__Inc_,AK,22610001004172,28.167,28.167,42.722,,45.024
Copper_Valley_Wireless__Inc_,AK,22610001004173,,,1.611,,1.611
Copper_Valley_Wireless__Inc_,AK,22610001004174,100.0,100.0,100.0,,100.0
Copper_Valley_Wireless__Inc_,AK,22610001004175,0.714,0.714,8.33,,8.918
Copper_Valley_Wireless__Inc_,AK,22610001004176,42.383,42.383,42.325,,49.571
Copper_Valley_Wireless__Inc_,AK,22610001004180,100.0,100.0,100.0,,100.0
Copper_Valley_Wireless__Inc_,AK,22610001004181,90.687,90.687,92.445,,94.985
Copper_Valley_Wireless__Inc_,AK,22610001004182,99.652,99.652,99.717,,100.0
Copper_Valley_Wireless__Inc_,AK,22610001004183,100.0,100.0,100.0,,100.0
Copper_Valley_Wireless__Inc_,AK,22610001004184,94.473,94.473,100.0,,100.0
Copper_Valley_Wireless__Inc_,AK,22610001004185,100.0,100.0,100.0,,100.0
Copper_Valley_Wireless__Inc_,AK,22610001004186,87.131,87.131,92.934,,95.794
Copper_Valley_Wireless__Inc_,AK,22610001004187,100.0,100.0,100.0,,100.0
Copper_Valley_Wireless__Inc_,AK,22610001004188,100.0,100.0,100.0,,100.0
Copper_Valley_Wireless__Inc_,AK,22610001004189,100.0,100.0,100.0,,100.0
Copper_Valley_Wireless__Inc_,AK,22610001004190,100.0,100.0,100.0,,100.0
Copper_Valley_Wireless__Inc_,AK,22610001004191,100.0,100.0,100.0,,100.0
Copper_Valley_Wireless__Inc_,AK,22610001004192,23.691,23.691,93.629,,93.629
Copper_Valley_Wireless__Inc_,AK,22610001004193,100.0,100.0,100.0,,100.0
Copper_Valley_Wireless__Inc_,AK,22610001004194,57.904,57.904,88.4,,88.4
Copper_Valley_Wireless__Inc_,AK,22610001004195,0.148,0.148,21.439,,21.439
Copper_Valley_Wireless__Inc_,AK,22610001004196,,,33.205,,33.205
Copper_Valley_Wireless__Inc_,AK,22610001004197,64.917,64.917,69.337,,69.696
Copper_Valley_Wireless__Inc_,AK,22610001004198,67.757,67.757,79.328,,81.36
Copper_Valley_Wireless__Inc_,AK,22610001004199,72.623,72.623,30.399,,78.626
Copper_Valley_Wireless__Inc_,AK,22610001004200,40.656,40.656,59.414,,60.402
Copper_Valley_Wireless__Inc_,AK,22610001004201,11.599,11.599,96.23,,96.23
Copper_Valley_Wireless__Inc_,AK,22610001004202,92.699,92.699,94.643,,96.654
Copper_Valley_Wireless__Inc_,AK,22610001004203,98.659,98.659,99.396,,99.583
Copper_Valley_Wireless__Inc_,AK,22610001004204,90.054,90.054,70.305,,90.557
Copper_Valley_Wireless__Inc_,AK,22610001004205,88.644,88.644,85.845,,89.848
Copper_Valley_Wireless__Inc_,AK,22610001004206,81.724,81.724,88.218,,90.041
Copper_Valley_Wireless__Inc_,AK,22610001004207,100.0,100.0,100.0,,100.0
Copper_Valley_Wireless__Inc_,AK,22610001004208,78.268,78.268,75.997,,79.122
Copper_Valley_Wireless__Inc_,AK,22610001004209,56.103,56.103,,,56.103
Copper_Valley_Wireless__Inc_,AK,22610001004210,29.629,29.629,27.678,,32.936
Copper_Valley_Wireless__Inc_,AK,22610001004211,1.359,1.359,3.622,,3.622
Copper_Valley_Wireless__Inc_,AK,22610002001048,22.313,22.313,24.896,,27.127
Copper_Valley_Wireless__Inc_,AK,22610002001056,,,57.779,,57.779
Copper_Valley_Wireless__Inc_,AK,22610002001057,100.0,100.0,100.0,,100.0
Copper_Valley_Wireless__Inc_,AK,22610002001060,,,0.005,,0.005
Copper_Valley_Wireless__Inc_,AK,22610002001067,24.523,24.523,30.855,,31.79
Copper_Valley_Wireless__Inc_,AK,22610002001068,100.0,100.0,100.0,,100.0
Copper_Valley_Wireless__Inc_,AK,22610002001075,100.0,100.0,100.0,,100.0
Copper_Valley_Wireless__Inc_,AK,22610002001076,17.701,17.701,40.562,,40.966
Copper_Valley_Wireless__Inc_,AK,22610002001080,99.158,99.158,99.478,,100.0
Copper_Valley_Wireless__Inc_,AK,22610002001090,,,1.962,,1.962
Copper_Valley_Wireless__Inc_,AK,22610002001091,49.954,49.954,52.028,,55.359
Copper_Valley_Wireless__Inc_,AK,22610002001103,96.495,96.495,99.769,,99.769
Copper_Valley_Wireless__Inc_,AK,22610002001104,100.0,100.0,100.0,,100.0
Copper_Valley_Wireless__Inc_,AK,22610002001105,83.129,83.129,27.262,,83.129
Copper_Valley_Wireless__Inc_,AK,22610002001106,100.0,100.0,100.0,,100.0
Copper_Valley_Wireless__Inc_,AK,22610002001110,99.829,99.829,99.922,,99.96
Copper_Valley_Wireless__Inc_,AK,22610002001112,0.763,0.763,0.748,,0.96
Copper_Valley_Wireless__Inc_,AK,22610002001119,74.276,74.276,77.459,,78.755
Copper_Valley_Wireless__Inc_,AK,22610002001121,39.027,39.027,41.851,,44.992
Copper_Valley_Wireless__Inc_,AK,22610002001129,55.096,55.096,60.092,,65.056
Copper_Valley_Wireless__Inc_,AK,22610002001130,100.0,100.0,87.08,,100.0
Copper_Valley_Wireless__Inc_,AK,22610002001145,98.368,98.368,100.0,,100.0
Copper_Valley_Wireless__Inc_,AK,22610002001152,100.0,100.0,100.0,,100.0
Copper_Valley_Wireless__Inc_,AK,22610002001153,44.844,44.844,52.462,,52.462
Copper_Valley_Wireless__Inc_,AK,22610002001154,100.0,100.0,99.946,,100.0
Copper_Valley_Wireless__Inc_,AK,22610002001163,19.78,19.78,,,19.78
Copper_Valley_Wireless__Inc_,AK,22610002001167,70.147,70.147,82.885,,82.885
Copper_Valley_Wireless__Inc_,AK,22610002001174,86.727,86.727,100.0,,100.0
Copper_Valley_Wireless__Inc_,AK,22610002001177,37.124,37.124,45.199,,47.428
Copper_Valley_Wireless__Inc_,AK,22610002001187,2.973,2.973,4.383,,4.769
Copper_Valley_Wireless__Inc_,AK,22610002001188,20.995,20.995,100.0,,100.0
Copper_Valley_Wireless__Inc_,AK,22610002001189,15.526,15.526,54.483,,54.483
Copper_Valley_Wireless__Inc_,AK,22610002001190,,,9.742,,9.742
Copper_Valley_Wireless__Inc_,AK,22610002001193,58.592,58.592,56.126,,62.075
Copper_Valley_Wireless__Inc_,AK,22610002001194,65.345,65.345,59.87,,68.81
Copper_Valley_Wireless__Inc_,AK,22610002001195,,,3.473,,3.473
Copper_Valley_Wireless__Inc_,AK,22610002001196,63.304,63.304,100.0,,100.0
Copper_Valley_Wireless__Inc_,AK,22610002001197,12.324,12.324,15.898,,15.988
Copper_Valley_Wireless__Inc_,AK,22610002001198,14.803,14.803,26.42,,26.42
Copper_Valley_Wireless__Inc_,AK,22610002001199,15.046,15.046,44.904,,44.904
Copper_Valley_Wireless__Inc_,AK,22610002001200,5.859,5.859,58.904,,58.904
Copper_Valley_Wireless__Inc_,AK,22610002001201,30.94,30.94,75.671,,75.671
Copper_Valley_Wireless__Inc_,AK,22610002001202,97.402,97.402,93.725,,98.611
Copper_Valley_Wireless__Inc_,AK,22610002001205,21.443,21.443,22.627,,27.287
Copper_Valley_Wireless__Inc_,AK,22610002001206,100.0,100.0,100.0,,100.0
Copper_Valley_Wireless__Inc_,AK,22610002001213,72.632,72.632,95.186,,100.0
Copper_Valley_Wireless__Inc_,AK,22610002001214,54.061,54.061,33.967,,55.458
Copper_Valley_Wireless__Inc_,AK,22610002001215,60.145,60.145,62.661,,67.186
Copper_Valley_Wireless__Inc_,AK,22610002001219,,,12.098,,12.098
Copper_Valley_Wireless__Inc_,AK,22610002001262,9.896,9.896,17.513,,18.283
Copper_Valley_Wireless__Inc_,AK,22610002001272,,,59.455,,59.455
Copper_Valley_Wireless__Inc_,AK,22610002001273,,,99.885,,99.885
Copper_Valley_Wireless__Inc_,AK,22610002001274,64.377,64.377,100.0,,100.0
Copper_Valley_Wireless__Inc_,AK,22610002001275,99.439,99.439,100.0,,100.0
Copper_Valley_Wireless__Inc_,AK,22610002001276,99.76,99.76,100.0,,100.0
Copper_Valley_Wireless__Inc_,AK,22610002001277,94.05,94.05,100.0,,100.0
Copper_Valley_Wireless__Inc_,AK,22610002001278,100.0,100.0,100.0,,100.0
Copper_Valley_Wireless__Inc_,AK,22610002001279,100.0,100.0,100.0,,100.0
Copper_Valley_Wireless__Inc_,AK,22610002001280,100.0,100.0,100.0,,100.0
Copper_Valley_Wireless__Inc_,AK,22610002001281,100.0,100.0,100.0,,100.0
Copper_Valley_Wireless__Inc_,AK,22610002001282,100.0,100.0,100.0,,100.0
Copper_Valley_Wireless__Inc_,AK,22610002001283,100.0,100.0,100.0,,100.0
Copper_Valley_Wireless__Inc_,AK,22610002001284,90.791,90.791,90.541,,92.018
Copper_Valley_Wireless__Inc_,AK,22610002001285,100.0,100.0,100.0,,100.0
Copper_Valley_Wireless__Inc_,AK,22610002001286,100.0,100.0,84.655,,100.0
Copper_Valley_Wireless__Inc_,AK,22610002001287,100.0,100.0,100.0,,100.0
Copper_Valley_Wireless__Inc_,AK,22610002001288,,,100.0,,100.0
Copper_Valley_Wireless__Inc_,AK,22610002001289,5.868,5.868,8.141,,8.141
Copper_Valley_Wireless__Inc_,AK,22610002001291,,,2.625,,2.625
Copper_Valley_Wireless__Inc_,AK,22610002001292,100.0,100.0,100.0,,100.0
Copper_Valley_Wireless__Inc_,AK,22610002001293,100.0,100.0,100.0,,100.0
Copper_Valley_Wireless__Inc_,AK,22610002001294,100.0,100.0,100.0,,100.0
Copper_Valley_Wireless__Inc_,AK,22610002001295,71.604,71.604,71.521,,79.457
Copper_Valley_Wireless__Inc_,AK,22610002001296,99.971,99.971,100.0,,100.0
Copper_Valley_Wireless__Inc_,AK,22610002001297,100.0,100.0,100.0,,100.0
Copper_Valley_Wireless__Inc_,AK,22610002001298,100.0,100.0,100.0,,100.0
Copper_Valley_Wireless__Inc_,AK,22610002001299,100.0,100.0,100.0,,100.0
Copper_Valley_Wireless__Inc_,AK,22610002001300,100.0,100.0,100.0,,100.0
Copper_Valley_Wireless__Inc_,AK,22610002001301,100.0,100.0,100.0,,100.0
Copper_Valley_Wireless__Inc_,AK,22610002001302,100.0,100.0,100.0,,100.0
Copper_Valley_Wireless__Inc_,AK,22610002001303,27.108,27.108,41.245,,48.407
Copper_Valley_Wireless__Inc_,AK,22610002001304,100.0,100.0,100.0,,100.0
Copper_Valley_Wireless__Inc_,AK,22610002001305,100.0,100.0,100.0,,100.0
Copper_Valley_Wireless__Inc_,AK,22610002001306,82.57,82.57,99.769,,99.865
Copper_Valley_Wireless__Inc_,AK,22610002001307,100.0,100.0,100.0,,100.0
Copper_Valley_Wireless__Inc_,AK,22610002001308,70.014,70.014,97.834,,98.944
Copper_Valley_Wireless__Inc_,AK,22610002001309,100.0,100.0,100.0,,100.0
Copper_Valley_Wireless__Inc_,AK,22610002001310,100.0,100.0,100.0,,100.0
Copper_Valley_Wireless__Inc_,AK,22610002001311,100.0,100.0,100.0,,100.0
Copper_Valley_Wireless__Inc_,AK,22610002001312,100.0,100.0,100.0,,100.0
Copper_Valley_Wireless__Inc_,AK,22610002001313,100.0,100.0,100.0,,100.0
Copper_Valley_Wireless__Inc_,AK,22610002001314,100.0,100.0,100.0,,100.0
Copper_Valley_Wireless__Inc_,AK,22610002001315,100.0,100.0,100.0,,100.0
Copper_Valley_Wireless__Inc_,AK,22610002001316,100.0,100.0,100.0,,100.0
Copper_Valley_Wireless__Inc_,AK,22610002001317,100.0,100.0,100.0,,100.0
Copper_Valley_Wireless__Inc_,AK,22610002001318,100.0,100.0,100.0,,100.0
Copper_Valley_Wireless__Inc_,AK,22610002001319,100.0,100.0,100.0,,100.0
Copper_Valley_Wireless__Inc_,AK,22610002001320,100.0,100.0,100.0,,100.0
Copper_Valley_Wireless__Inc_,AK,22610002001321,100.0,100.0,100.0,,100.0
Copper_Valley_Wireless__Inc_,AK,22610002001322,80.685,80.685,100.0,,100.0
Copper_Valley_Wireless__Inc_,AK,22610002001323,100.0,100.0,100.0,,100.0
Copper_Valley_Wireless__Inc_,AK,22610002001324,100.0,100.0,100.0,,100.0
Copper_Valley_Wireless__Inc_,AK,22610002001325,93.065,93.065,66.141,,93.065
Copper_Valley_Wireless__Inc_,AK,22610002001326,18.571,18.571,14.008,,19.546
Copper_Valley_Wireless__Inc_,AK,22610002001327,40.491,40.491,57.434,,57.836
Copper_Valley_Wireless__Inc_,AK,22610002001329,99.79,99.79,100.0,,100.0
Copper_Valley_Wireless__Inc_,AK,22610002001330,87.33,87.33,100.0,,100.0
Copper_Valley_Wireless__Inc_,AK,22610002001331,77.383,77.383,70.783,,79.737
Copper_Valley_Wireless__Inc_,AK,22610002001333,20.931,20.931,,,20.931
Copper_Valley_Wireless__Inc_,AK,22610002001338,100.0,100.0,100.0,,100.0
Copper_Valley_Wireless__Inc_,AK,22610002001339,94.323,94.323,100.0,,100.0
Copper_Valley_Wireless__Inc_,AK,22610002001343,38.795,38.795,25.198,,41.755
Copper_Valley_Wireless__Inc_,AK,22610002001347,28.388,28.388,32.713,,33.177
Copper_Valley_Wireless__Inc_,AK,22610002001349,98.818,98.818,100.0,,100.0
Copper_Valley_Wireless__Inc_,AK,22610002001351,100.0,100.0,100.0,,100.0
Copper_Valley_Wireless__Inc_,AK,22610002001354,44.849,44.849,56.152,,56.153
Copper_Valley_Wireless__Inc_,AK,22610002001359,100.0,100.0,100.0,,100.0
Copper_Valley_Wireless__Inc_,AK,22610002001366,100.0,100.0,100.0,,100.0
Copper_Valley_Wireless__Inc_,AK,22610002001384,95.389,95.389,93.023,,97.231
Copper_Valley_Wireless__Inc_,AK,22610002001385,100.0,100.0,100.0,,100.0
Copper_Valley_Wireless__Inc_,AK,22610002001386,,,91.684,,91.684
Copper_Valley_Wireless__Inc_,AK,22610002001387,98.088,98.088,100.0,,100.0
Copper_Valley_Wireless__Inc_,AK,22610002001388,,,95.063,,95.063
Copper_Valley_Wireless__Inc_,AK,22610002001389,55.799,55.799,90.233,,98.543
Copper_Valley_Wireless__Inc_,AK,22610002001390,100.0,100.0,100.0,,100.0
Copper_Valley_Wireless__Inc_,AK,22610002001391,,,100.0,,100.0
Copper_Valley_Wireless__Inc_,AK,22610002001392,100.0,100.0,100.0,,100.0
Copper_Valley_Wireless__Inc_,AK,22610002001393,98.296,98.296,95.332,,98.296
Copper_Valley_Wireless__Inc_,AK,22610002001394,19.267,19.267,8.609,,19.267
Copper_Valley_Wireless__Inc_,AK,22610002001395,100.0,100.0,100.0,,100.0
Copper_Valley_Wireless__Inc_,AK,22610002001396,100.0,100.0,100.0,,100.0
Copper_Valley_Wireless__Inc_,AK,22610002001397,15.164,15.164,97.965,,97.965
Copper_Valley_Wireless__Inc_,AK,22610002001398,100.0,100.0,100.0,,100.0
Copper_Valley_Wireless__Inc_,AK,22610002001399,100.0,100.0,100.0,,100.0
Copper_Valley_Wireless__Inc_,AK,22610002001400,99.79,99.79,100.0,,100.0
Copper_Valley_Wireless__Inc_,AK,22610002001401,93.702,93.702,98.695,,99.241
Copper_Valley_Wireless__Inc_,AK,22610002001402,100.0,100.0,100.0,,100.0
Copper_Valley_Wireless__Inc_,AK,22610002001403,69.013,69.013,69.825,,83.142
Copper_Valley_Wireless__Inc_,AK,22610002001404,100.0,100.0,100.0,,100.0
Copper_Valley_Wireless__Inc_,AK,22610002001405,100.0,100.0,100.0,,100.0
Copper_Valley_Wireless__Inc_,AK,22610002001406,100.0,100.0,100.0,,100.0
Copper_Valley_Wireless__Inc_,AK,22610002001407,100.0,100.0,100.0,,100.0
Copper_Valley_Wireless__Inc_,AK,22610002001408,100.0,100.0,100.0,,100.0
Copper_Valley_Wireless__Inc_,AK,22610002001410,100.0,100.0,100.0,,100.0
Copper_Valley_Wireless__Inc_,AK,22610002001413,78.174,78.174,89.898,,89.898
Copper_Valley_Wireless__Inc_,AK,22610002001414,44.006,44.006,100.0,,100.0
Copper_Valley_Wireless__Inc_,AK,22610002001415,,,51.208,,51.208
Copper_Valley_Wireless__Inc_,AK,22610002001417,22.51,22.51,,,22.51
Copper_Valley_Wireless__Inc_,AK,22610002001420,53.242,53.242,80.625,,80.625
Copper_Valley_Wireless__Inc_,AK,22610002001421,100.0,100.0,100.0,,100.0
Copper_Valley_Wireless__Inc_,AK,22610002001422,100.0,100.0,100.0,,100.0
Copper_Valley_Wireless__Inc_,AK,22610002001429,100.0,100.0,100.0,,100.0
Copper_Valley_Wireless__Inc_,AK,22610002001430,100.0,100.0,100.0,,100.0
Copper_Valley_Wireless__Inc_,AK,22610002001431,100.0,100.0,100.0,,100.0
Copper_Valley_Wireless__Inc_,AK,22610002001437,100.0,100.0,100.0,,100.0
Copper_Valley_Wireless__Inc_,AK,22610002001442,100.0,100.0,93.691,,100.0
Copper_Valley_Wireless__Inc_,AK,22610002001448,3.582,3.582,1.764,,5.331
Copper_Valley_Wireless__Inc_,AK,22610002002000,71.821,71.821,78.0,,81.051
Copper_Valley_Wireless__Inc_,AK,22610002002001,100.0,100.0,100.0,,100.0
Copper_Valley_Wireless__Inc_,AK,22610002002002,100.0,100.0,100.0,,100.0
Copper_Valley_Wireless__Inc_,AK,22610002002003,99.314,99.314,98.124,,99.998
Copper_Valley_Wireless__Inc_,AK,22610002002004,100.0,100.0,100.0,,100.0
Copper_Valley_Wireless__Inc_,AK,22610002002005,100.0,100.0,100.0,,100.0
Copper_Valley_Wireless__Inc_,AK,22610002002006,100.0,100.0,100.0,,100.0
Copper_Valley_Wireless__Inc_,AK,22610002002007,100.0,100.0,100.0,,100.0
Copper_Valley_Wireless__Inc_,AK,22610002002008,80.407,80.407,82.408,,85.152
Copper_Valley_Wireless__Inc_,AK,22610002002009,100.0,100.0,100.0,,100.0
Copper_Valley_Wireless__Inc_,AK,22610002002010,100.0,100.0,100.0,,100.0
Copper_Valley_Wireless__Inc_,AK,22610002002011,100.0,100.0,100.0,,100.0
Copper_Valley_Wireless__Inc_,AK,22610002002012,100.0,100.0,100.0,,100.0
Copper_Valley_Wireless__Inc_,AK,22610002002013,100.0,100.0,100.0,,100.0
Copper_Valley_Wireless__Inc_,AK,22610002002014,100.0,100.0,100.0,,100.0
Copper_Valley_Wireless__Inc_,AK,22610002002015,100.0,100.0,100.0,,100.0
Copper_Valley_Wireless__Inc_,AK,22610002002016,100.0,100.0,100.0,,100.0
Copper_Valley_Wireless__Inc_,AK,22610002002017,100.0,100.0,100.0,,100.0
Copper_Valley_Wireless__Inc_,AK,22610002002018,100.0,100.0,100.0,,100.0
Copper_Valley_Wireless__Inc_,AK,22610002002019,100.0,100.0,100.0,,100.0
Copper_Valley_Wireless__Inc_,AK,22610002002020,100.0,100.0,100.0,,100.0
Copper_Valley_Wireless__Inc_,AK,22610002002021,100.0,100.0,100.0,,100.0
Copper_Valley_Wireless__Inc_,AK,22610002002022,100.0,100.0,100.0,,100.0
Copper_Valley_Wireless__Inc_,AK,22610002002023,100.0,100.0,100.0,,100.0
Copper_Valley_Wireless__Inc_,AK,22610002002024,100.0,100.0,100.0,,100.0
Copper_Valley_Wireless__Inc_,AK,22610002002025,100.0,100.0,100.0,,100.0
Copper_Valley_Wireless__Inc_,AK,22610002002026,100.0,100.0,100.0,,100.0
Copper_Valley_Wireless__Inc_,AK,22610002002027,100.0,100.0,100.0,,100.0
Copper_Valley_Wireless__Inc_,AK,22610002002028,100.0,100.0,100.0,,100.0
Copper_Valley_Wireless__Inc_,AK,22610002002029,100.0,100.0,100.0,,100.0
Copper_Valley_Wireless__Inc_,AK,22610002002030,100.0,100.0,100.0,,100.0
Copper_Valley_Wireless__Inc_,AK,22610002002031,100.0,100.0,100.0,,100.0
Copper_Valley_Wireless__Inc_,AK,22610002002032,100.0,100.0,100.0,,100.0
Copper_Valley_Wireless__Inc_,AK,22610002002033,100.0,100.0,100.0,,100.0
Copper_Valley_Wireless__Inc_,AK,22610002002034,100.0,100.0,100.0,,100.0
Copper_Valley_Wireless__Inc_,AK,22610002002035,100.0,100.0,100.0,,100.0
Copper_Valley_Wireless__Inc_,AK,22610002002036,100.0,100.0,100.0,,100.0
Copper_Valley_Wireless__Inc_,AK,22610002002037,100.0,100.0,100.0,,100.0
Copper_Valley_Wireless__Inc_,AK,22610002002038,100.0,100.0,100.0,,100.0
Copper_Valley_Wireless__Inc_,AK,22610002002039,100.0,100.0,100.0,,100.0
Copper_Valley_Wireless__Inc_,AK,22610002002040,100.0,100.0,100.0,,100.0
Copper_Valley_Wireless__Inc_,AK,22610002002041,100.0,100.0,100.0,,100.0
Copper_Valley_Wireless__Inc_,AK,22610002002042,100.0,100.0,100.0,,100.0
Copper_Valley_Wireless__Inc_,AK,22610002002043,100.0,100.0,100.0,,100.0
Copper_Valley_Wireless__Inc_,AK,22610002002044,100.0,100.0,100.0,,100.0
Copper_Valley_Wireless__Inc_,AK,22610003001000,1.819,1.819,4.477,,4.618
Copper_Valley_Wireless__Inc_,AK,22610003001003,7.341,7.341,35.085,,35.085
Copper_Valley_Wireless__Inc_,AK,22610003001007,,,1.356,,1.356
Copper_Valley_Wireless__Inc_,AK,22610003001009,17.136,17.136,49.357,,50.659
Copper_Valley_Wireless__Inc_,AK,22610003001012,9.295,9.295,5.033,,11.715
Copper_Valley_Wireless__Inc_,AK,22610003001014,,,13.664,,13.664
Copper_Valley_Wireless__Inc_,AK,22610003001021,15.458,15.458,17.389,,17.716
Copper_Valley_Wireless__Inc_,AK,22610003001028,18.937,18.937,27.459,,27.85
Copper_Valley_Wireless__Inc_,AK,22610003001029,,,0.033,,0.033
Copper_Valley_Wireless__Inc_,AK,22610003001033,,,0.106,,0.106
Copper_Valley_Wireless__Inc_,AK,22610003001035,3.191,3.191,19.054,,19.392
Copper_Valley_Wireless__Inc_,AK,22610003001037,48.392,48.392,58.326,,59.039
Copper_Valley_Wireless__Inc_,AK,22610003001045,0.627,0.627,3.488,,3.491
Copper_Valley_Wireless__Inc_,AK,22610003001050,20.252,20.252,40.18,,44.482
Copper_Valley_Wireless__Inc_,AK,22610003001053,6.683,6.683,37.898,,37.926
Copper_Valley_Wireless__Inc_,AK,22610003001057,20.482,20.482,37.404,,37.404
Copper_Valley_Wireless__Inc_,AK,22610003001058,42.121,42.121,48.746,,50.27
Copper_Valley_Wireless__Inc_,AK,22610003001061,13.769,13.769,40.232,,40.232
Copper_Valley_Wireless__Inc_,AK,22610003001062,5.868,5.868,37.933,,37.933
Copper_Valley_Wireless__Inc_,AK,22610003001063,65.107,65.107,83.37,,83.37
Copper_Valley_Wireless__Inc_,AK,22610003001064,0.004,0.004,1.01,,1.01
Copper_Valley_Wireless__Inc_,AK,22610003001075,1.654,1.654,2.388,,2.556
Copper_Valley_Wireless__Inc_,AK,22610003001078,29.984,29.984,54.639,,55.875
Copper_Valley_Wireless__Inc_,AK,22610003001079,,,0.88,,0.88
Copper_Valley_Wireless__Inc_,AK,22610003001084,,,1.52,,1.52
Copper_Valley_Wireless__Inc_,AK,22610003001092,19.736,19.736,27.193,,27.193
Copper_Valley_Wireless__Inc_,AK,22610003001095,42.683,42.683,73.193,,77.668
Copper_Valley_Wireless__Inc_,AK,22610003001096,32.358,32.358,69.62,,72.292
Copper_Valley_Wireless__Inc_,AK,22610003001097,80.228,80.228,86.606,,86.677
Copper_Valley_Wireless__Inc_,AK,22610003001098,,,21.952,,21.952
Copper_Valley_Wireless__Inc_,AK,22610003001099,52.56,52.56,63.362,,64.968
Copper_Valley_Wireless__Inc_,AK,22610003001100,2.23,2.23,27.2,,27.521
Copper_Valley_Wireless__Inc_,AK,22610003001101,30.063,30.063,54.304,,57.76
Copper_Valley_Wireless__Inc_,AK,22610003001102,67.455,67.455,70.255,,71.702
Copper_Valley_Wireless__Inc_,AK,22610003001103,100.0,100.0,100.0,,100.0
Copper_Valley_Wireless__Inc_,AK,22610003001104,,,100.0,,100.0
Copper_Valley_Wireless__Inc_,AK,22610003001105,58.908,58.908,56.31,,62.853
Copper_Valley_Wireless__Inc_,AK,22610003001106,72.533,72.533,100.0,,100.0
Copper_Valley_Wireless__Inc_,AK,22610003001107,10.124,10.124,100.0,,100.0
Copper_Valley_Wireless__Inc_,AK,22610003001108,33.745,33.745,47.317,,49.028
Copper_Valley_Wireless__Inc_,AK,22610003001109,2.781,2.781,5.164,,5.278
Copper_Valley_Wireless__Inc_,AK,22610003001110,100.0,100.0,100.0,,100.0
Copper_Valley_Wireless__Inc_,AK,22610003001111,,,99.573,,99.573
Copper_Valley_Wireless__Inc_,AK,22610003001113,100.0,100.0,100.0,,100.0
Copper_Valley_Wireless__Inc_,AK,22610003001114,9.171,9.171,21.17,,21.17
Copper_Valley_Wireless__Inc_,AK,22610003001116,28.926,28.926,40.348,,42.204
Copper_Valley_Wireless__Inc_,AK,22610003001117,100.0,100.0,100.0,,100.0
Copper_Valley_Wireless__Inc_,AK,22610003001118,2.245,2.245,4.655,,4.655
Copper_Valley_Wireless__Inc_,AK,22610003001119,100.0,100.0,100.0,,100.0
Copper_Valley_Wireless__Inc_,AK,22610003001121,51.635,51.635,75.775,,75.775
Copper_Valley_Wireless__Inc_,AK,22610003001122,100.0,100.0,100.0,,100.0
Copper_Valley_Wireless__Inc_,AK,22610003001123,49.494,49.494,57.24,,57.944
Copper_Valley_Wireless__Inc_,AK,22610003001124,11.931,11.931,17.897,,17.897
Copper_Valley_Wireless__Inc_,AK,22610003001125,0.853,0.853,7.773,,7.823
Copper_Valley_Wireless__Inc_,AK,22610003001126,,,49.503,,49.503
Copper_Valley_Wireless__Inc_,AK,22610003001127,69.587,69.587,73.154,,74.04
Copper_Valley_Wireless__Inc_,AK,22610003001128,26.348,26.348,22.632,,36.88
Copper_Valley_Wireless__Inc_,AK,22610003001129,6.176,6.176,11.004,,11.635
Copper_Valley_Wireless__Inc_,AK,22610003001130,,,2.474,,2.474
Copper_Valley_Wireless__Inc_,AK,22610003001131,100.0,100.0,100.0,,100.0
Copper_Valley_Wireless__Inc_,AK,22610003001132,,,100.0,,100.0
Copper_Valley_Wireless__Inc_,AK,22610003001133,48.87,48.87,48.579,,54.818
Copper_Valley_Wireless__Inc_,AK,22610003001134,21.685,21.685,14.295,,35.7
Copper_Valley_Wireless__Inc_,AK,22610003001135,39.926,39.926,40.324,,41.954
Copper_Valley_Wireless__Inc_,AK,22610003001136,95.663,95.663,96.814,,97.709
Copper_Valley_Wireless__Inc_,AK,22610003001137,81.657,81.657,99.892,,99.892
Copper_Valley_Wireless__Inc_,AK,22610003001138,98.799,98.799,100.0,,100.0
Copper_Valley_Wireless__Inc_,AK,22610003001139,22.506,22.506,27.809,,32.044
Copper_Valley_Wireless__Inc_,AK,22610003001140,91.251,91.251,100.0,,100.0
Copper_Valley_Wireless__Inc_,AK,22610003001141,51.535,51.535,48.781,,55.453
Copper_Valley_Wireless__Inc_,AK,22610003001142,66.094,66.094,79.088,,80.307
Copper_Valley_Wireless__Inc_,AK,22610003001143,4.393,4.393,8.347,,8.852
Copper_Valley_Wireless__Inc_,AK,22610003001144,,,1.22,,1.22
Copper_Valley_Wireless__Inc_,AK,22610003001145,63.973,63.973,70.22,,73.463
Copper_Valley_Wireless__Inc_,AK,22610003001146,2.99,2.99,0.659,,3.649
Copper_Valley_Wireless__Inc_,AK,22610003001147,,,0.006,,0.006
Copper_Valley_Wireless__Inc_,AK,22610003001148,,,4.314,,4.314
Copper_Valley_Wireless__Inc_,AK,22610003001149,28.621,28.621,34.388,,37.73
Copper_Valley_Wireless__Inc_,AK,22610003001150,62.192,62.192,63.859,,73.99
Copper_Valley_Wireless__Inc_,AK,22610003001151,,,100.0,,100.0
Copper_Valley_Wireless__Inc_,AK,22610003001152,31.702,31.702,35.152,,39.177
Copper_Valley_Wireless__Inc_,AK,22610003001153,99.646,99.646,99.421,,100.0
Copper_Valley_Wireless__Inc_,AK,22610003001155,20.276,20.276,100.0,,100.0
Copper_Valley_Wireless__Inc_,AK,22610003001156,75.75,75.75,94.27,,94.27
Copper_Valley_Wireless__Inc_,AK,22610003001160,3.014,3.014,9.915,,9.948
Copper_Valley_Wireless__Inc_,AK,22610003001167,,,95.697,,95.697
Copper_Valley_Wireless__Inc_,AK,22610003001169,6.035,6.035,57.205,,57.205
Copper_Valley_Wireless__Inc_,AK,22610003001170,,,0.026,,0.026
Copper_Valley_Wireless__Inc_,AK,22610003001172,74.905,74.905,99.618,,99.618
Copper_Valley_Wireless__Inc_,AK,22610003001173,,,100.0,,100.0
Copper_Valley_Wireless__Inc_,AK,22610003001174,61.638,61.638,87.528,,87.528
Copper_Valley_Wireless__Inc_,AK,22610003001177,,,70.68,,70.68
Copper_Valley_Wireless__Inc_,AK,22610003001178,,,93.556,,93.556
Copper_Valley_Wireless__Inc_,AK,22610003001179,63.755,63.755,82.568,,82.568
Copper_Valley_Wireless__Inc_,AK,22610003001180,,,68.698,,68.698
Copper_Valley_Wireless__Inc_,AK,22610003001182,,,0.29,,0.29
Copper_Valley_Wireless__Inc_,AK,22610003001185,44.78,44.78,71.739,,71.739
Copper_Valley_Wireless__Inc_,AK,22610003001186,3.45,3.45,76.527,,76.527
Copper_Valley_Wireless__Inc_,AK,22610003001188,38.531,38.531,87.979,,87.981
Copper_Valley_Wireless__Inc_,AK,22610003001189,6.465,6.465,37.156,,37.156
Copper_Valley_Wireless__Inc_,AK,22610003001190,43.87,43.87,44.697,,48.485
Copper_Valley_Wireless__Inc_,AK,22610003001191,37.806,37.806,41.722,,46.113
Copper_Valley_Wireless__Inc_,AK,22610003001192,0.224,0.224,3.186,,3.186
Copper_Valley_Wireless__Inc_,AK,22610003001193,39.039,39.039,38.296,,43.545
Copper_Valley_Wireless__Inc_,AK,22610003001194,82.593,82.593,89.447,,92.097
Copper_Valley_Wireless__Inc_,AK,22610003001195,79.282,79.282,88.941,,89.101
Copper_Valley_Wireless__Inc_,AK,22610003001196,100.0,100.0,100.0,,100.0
Copper_Valley_Wireless__Inc_,AK,22610003001197,100.0,100.0,100.0,,100.0
Copper_Valley_Wireless__Inc_,AK,22610003001198,17.054,17.054,42.526,,42.526
Copper_Valley_Wireless__Inc_,AK,22610003001199,100.0,100.0,100.0,,100.0
Copper_Valley_Wireless__Inc_,AK,22610003001201,80.008,80.008,100.0,,100.0
Copper_Valley_Wireless__Inc_,AK,22610003001203,4.052,4.052,6.372,,6.793
Copper_Valley_Wireless__Inc_,AK,22610003001204,,,100.0,,100.0
Copper_Valley_Wireless__Inc_,AK,22610003001205,,,16.388,,16.388
Copper_Valley_Wireless__Inc_,AK,22610003001210,85.928,85.928,84.46,,87.296
Copper_Valley_Wireless__Inc_,AK,22610003001211,,,100.0,,100.0
Copper_Valley_Wireless__Inc_,AK,22610003001214,100.0,100.0,100.0,,100.0
Copper_Valley_Wireless__Inc_,AK,22610003001216,0.037,0.037,0.579,,0.616
Copper_Valley_Wireless__Inc_,AK,22610003001219,1.724,1.724,13.214,,13.214
Copper_Valley_Wireless__Inc_,AK,22610003001223,98.771,98.771,98.957,,99.287
Copper_Valley_Wireless__Inc_,AK,22610003001224,,,71.068,,71.068
Copper_Valley_Wireless__Inc_,AK,22610003001225,,,77.664,,77.664
Copper_Valley_Wireless__Inc_,AK,22610003001226,30.008,30.008,42.969,,44.082
Copper_Valley_Wireless__Inc_,AK,22610003001227,92.995,92.995,73.353,,93.698
Copper_Valley_Wireless__Inc_,AK,22610003001231,92.536,92.536,100.0,,100.0
Copper_Valley_Wireless__Inc_,AK,22610003001233,0.707,0.707,35.974,,36.495
Copper_Valley_Wireless__Inc_,AK,22610003001234,100.0,100.0,100.0,,100.0
Copper_Valley_Wireless__Inc_,AK,22610003001235,,,100.0,,100.0
Copper_Valley_Wireless__Inc_,AK,22610003001236,,,100.0,,100.0
Copper_Valley_Wireless__Inc_,AK,22610003001237,,,100.0,,100.0
Copper_Valley_Wireless__Inc_,AK,22610003001238,100.0,100.0,100.0,,100.0
Copper_Valley_Wireless__Inc_,AK,22610003001239,87.003,87.003,100.0,,100.0
Copper_Valley_Wireless__Inc_,AK,22610003001240,100.0,100.0,100.0,,100.0
Copper_Valley_Wireless__Inc_,AK,22610003001241,22.906,22.906,43.086,,43.086
Copper_Valley_Wireless__Inc_,AK,22610003001242,37.563,37.563,45.567,,45.809
Copper_Valley_Wireless__Inc_,AK,22610003001244,,,24.572,,24.572
Copper_Valley_Wireless__Inc_,AK,22610003001245,,,39.187,,39.187
Copper_Valley_Wireless__Inc_,AK,22610003001247,,,100.0,,100.0
Copper_Valley_Wireless__Inc_,AK,22610003001248,,,5.407,,5.407
Copper_Valley_Wireless__Inc_,AK,22610003001249,,,100.0,,100.0
Copper_Valley_Wireless__Inc_,AK,22610003001251,28.163,28.163,37.97,,37.993
Copper_Valley_Wireless__Inc_,AK,22610003001252,100.0,100.0,100.0,,100.0
Copper_Valley_Wireless__Inc_,AK,22610003001253,,,77.82,,77.821
Copper_Valley_Wireless__Inc_,AK,22610003001255,11.127,11.127,23.24,,23.37
Copper_Valley_Wireless__Inc_,AK,22610003001256,,,100.0,,100.0
Copper_Valley_Wireless__Inc_,AK,22610003001257,100.0,100.0,100.0,,100.0
Copper_Valley_Wireless__Inc_,AK,22610003001258,,,9.327,,9.327
Copper_Valley_Wireless__Inc_,AK,22610003001261,,,100.0,,100.0
Copper_Valley_Wireless__Inc_,AK,22610003001263,100.0,100.0,100.0,,100.0
Copper_Valley_Wireless__Inc_,AK,22610003001264,51.391,51.391,82.653,,83.01
Copper_Valley_Wireless__Inc_,AK,22610003001265,,,100.0,,100.0
Copper_Valley_Wireless__Inc_,AK,22610003001267,100.0,100.0,100.0,,100.0
Copper_Valley_Wireless__Inc_,AK,22610003001268,100.0,100.0,100.0,,100.0
Copper_Valley_Wireless__Inc_,AK,22610003001269,,,89.013,,89.013
Copper_Valley_Wireless__Inc_,AK,22610003001270,2.91,2.91,5.223,,5.539
Copper_Valley_Wireless__Inc_,AK,22610003001273,84.273,84.273,96.8,,99.924
Copper_Valley_Wireless__Inc_,AK,22610003001278,100.0,100.0,100.0,,100.0
Copper_Valley_Wireless__Inc_,AK,22610003001279,,,0.383,,0.383
Copper_Valley_Wireless__Inc_,AK,22610003001282,,,0.01,,0.01
Copper_Valley_Wireless__Inc_,AK,22610003001296,,,49.657,,49.657
Copper_Valley_Wireless__Inc_,AK,22610003001299,0.531,0.531,9.727,,9.727
Copper_Valley_Wireless__Inc_,AK,22610003001303,,,78.053,,78.053
Copper_Valley_Wireless__Inc_,AK,22610003001312,,,74.518,,74.518
Copper_Valley_Wireless__Inc_,AK,22610003001316,,,2.203,,2.203
Copper_Valley_Wireless__Inc_,AK,22610003001333,,,2.487,,2.487
Copper_Valley_Wireless__Inc_,AK,22610003001344,,,22.737,,22.737
Copper_Valley_Wireless__Inc_,AK,22610003001360,,,39.792,,39.792
Copper_Valley_Wireless__Inc_,AK,22610003001372,,,15.886,,15.886
Copper_Valley_Wireless__Inc_,AK,22610003001375,,,2.001,,2.001
Copper_Valley_Wireless__Inc_,AK,22610003001377,,,1.519,,1.519
Copper_Valley_Wireless__Inc_,AK,22610003001443,,,7.157,,7.157
Copper_Valley_Wireless__Inc_,AK,22610003001445,,,1.304,,1.304
Copper_Valley_Wireless__Inc_,AK,22610003001448,99.543,99.543,96.79,,99.817
Copper_Valley_Wireless__Inc_,AK,22610003001450,29.787,29.787,37.016,,37.016
Copper_Valley_Wireless__Inc_,AK,22610003001453,4.252,4.252,19.053,,19.053
Copper_Valley_Wireless__Inc_,AK,22610003001454,,,0.347,,0.347
Copper_Valley_Wireless__Inc_,AK,22610003001455,6.589,6.589,29.617,,29.617
Copper_Valley_Wireless__Inc_,AK,22610003001456,,,100.0,,100.0
Copper_Valley_Wireless__Inc_,AK,22610003001457,,,16.182,,16.182
Copper_Valley_Wireless__Inc_,AK,22610003001458,1.238,1.238,14.799,,14.858
Copper_Valley_Wireless__Inc_,AK,22610003001460,,,11.611,,11.611
Copper_Valley_Wireless__Inc_,AK,22610003001464,100.0,100.0,100.0,,100.0
Copper_Valley_Wireless__Inc_,AK,22610003001467,23.938,23.938,39.623,,39.677
Copper_Valley_Wireless__Inc_,AK,22610003001468,29.649,29.649,65.564,,65.564
Copper_Valley_Wireless__Inc_,AK,22610003001469,,,41.979,,41.979
Copper_Valley_Wireless__Inc_,AK,22610003001470,,,100.0,,100.0
Copper_Valley_Wireless__Inc_,AK,22610003001471,,,94.909,,94.909
Copper_Valley_Wireless__Inc_,AK,22610003001496,11.997,11.997,16.622,,17.796
Copper_Valley_Wireless__Inc_,AK,22610003001497,14.669,14.669,22.446,,27.296
Copper_Valley_Wireless__Inc_,AK,22610003001498,0.186,0.186,2.119,,2.21
Copper_Valley_Wireless__Inc_,AK,22610003001501,7.586,7.586,26.469,,26.469
Copper_Valley_Wireless__Inc_,AK,22610003001502,8.85,8.85,15.322,,19.239
Copper_Valley_Wireless__Inc_,AK,22610003001503,96.059,96.059,100.0,,100.0
Copper_Valley_Wireless__Inc_,AK,22610003001504,55.746,55.746,68.777,,69.728
Copper_Valley_Wireless__Inc_,AK,22610003001505,,,29.707,,29.707
Copper_Valley_Wireless__Inc_,AK,22610003001506,42.265,42.265,77.794,,77.794
Copper_Valley_Wireless__Inc_,AK,22610003001525,,,13.598,,13.598
Copper_Valley_Wireless__Inc_,AK,22610003001604,100.0,100.0,100.0,,100.0
Copper_Valley_Wireless__Inc_,AK,22610003001605,72.024,72.024,93.249,,93.249
Copper_Valley_Wireless__Inc_,AK,22610003001606,100.0,100.0,100.0,,100.0
Copper_Valley_Wireless__Inc_,AK,22610003001607,100.0,100.0,100.0,,100.0
Copper_Valley_Wireless__Inc_,AK,22610003001608,100.0,100.0,100.0,,100.0
Copper_Valley_Wireless__Inc_,AK,22610003001609,100.0,100.0,100.0,,100.0
Copper_Valley_Wireless__Inc_,AK,22610003001610,100.0,100.0,100.0,,100.0
Copper_Valley_Wireless__Inc_,AK,22610003001611,100.0,100.0,100.0,,100.0
Copper_Valley_Wireless__Inc_,AK,22610003001612,100.0,100.0,100.0,,100.0
Copper_Valley_Wireless__Inc_,AK,22610003001613,100.0,100.0,100.0,,100.0
Copper_Valley_Wireless__Inc_,AK,22610003001614,100.0,100.0,100.0,,100.0
Copper_Valley_Wireless__Inc_,AK,22610003001615,100.0,100.0,100.0,,100.0
Copper_Valley_Wireless__Inc_,AK,22610003001616,100.0,100.0,100.0,,100.0
Copper_Valley_Wireless__Inc_,AK,22610003001617,100.0,100.0,100.0,,100.0
Copper_Valley_Wireless__Inc_,AK,22610003001618,99.685,99.685,100.0,,100.0
Copper_Valley_Wireless__Inc_,AK,22610003001619,100.0,100.0,100.0,,100.0
Copper_Valley_Wireless__Inc_,AK,22610003001620,99.739,99.739,100.0,,100.0
Copper_Valley_Wireless__Inc_,AK,22610003001621,100.0,100.0,100.0,,100.0
Copper_Valley_Wireless__Inc_,AK,22610003001622,100.0,100.0,100.0,,100.0
Copper_Valley_Wireless__Inc_,AK,22610003001623,100.0,100.0,100.0,,100.0
Copper_Valley_Wireless__Inc_,AK,22610003001624,100.0,100.0,100.0,,100.0
Copper_Valley_Wireless__Inc_,AK,22610003001625,100.0,100.0,100.0,,100.0
Copper_Valley_Wireless__Inc_,AK,22610003001626,100.0,100.0,100.0,,100.0
Copper_Valley_Wireless__Inc_,AK,22610003001627,,,100.0,,100.0
Copper_Valley_Wireless__Inc_,AK,22610003001630,,,100.0,,100.0
Copper_Valley_Wireless__Inc_,AK,22610003001631,,,17.42,,17.42
Copper_Valley_Wireless__Inc_,AK,22610003001633,100.0,100.0,100.0,,100.0
Copper_Valley_Wireless__Inc_,AK,22610003001634,99.901,99.901,99.318,,99.901
Copper_Valley_Wireless__Inc_,AK,22610003001636,67.239,67.239,52.675,,67.591
Copper_Valley_Wireless__Inc_,AK,22610003001637,86.544,86.544,90.965,,91.567
Copper_Valley_Wireless__Inc_,AK,22610003001638,100.0,100.0,100.0,,100.0
Copper_Valley_Wireless__Inc_,AK,22610003001639,85.918,85.918,87.622,,88.043
Copper_Valley_Wireless__Inc_,AK,22610003001640,76.008,76.008,78.356,,82.236
Copper_Valley_Wireless__Inc_,AK,22610003001641,100.0,100.0,100.0,,100.0
Copper_Valley_Wireless__Inc_,AK,22610003001642,27.54,27.54,32.601,,33.552
Copper_Valley_Wireless__Inc_,AK,22610003001643,8.386,8.386,6.131,,12.415
Copper_Valley_Wireless__Inc_,AK,22610003001645,3.064,3.064,6.538,,8.56
Copper_Valley_Wireless__Inc_,AK,22610003001646,2.331,2.331,7.22,,8.687
Copper_Valley_Wireless__Inc_,AK,22610003001648,100.0,100.0,100.0,,100.0
Copper_Valley_Wireless__Inc_,AK,22610003001649,71.576,71.576,74.714,,76.012
Copper_Valley_Wireless__Inc_,AK,22610003001652,100.0,100.0,100.0,,100.0
Copper_Valley_Wireless__Inc_,AK,22610003001653,23.871,23.871,16.068,,30.01
Copper_Valley_Wireless__Inc_,AK,22610003001654,77.279,77.279,91.969,,95.516
Copper_Valley_Wireless__Inc_,AK,22610003001655,100.0,100.0,100.0,,100.0
Copper_Valley_Wireless__Inc_,AK,22610003001656,100.0,100.0,100.0,,100.0
Copper_Valley_Wireless__Inc_,AK,22610003001657,0.891,0.891,3.537,,3.749
Copper_Valley_Wireless__Inc_,AK,22610003001658,,,0.004,,0.004
Copper_Valley_Wireless__Inc_,AK,22610003001660,100.0,100.0,100.0,,100.0
Copper_Valley_Wireless__Inc_,AK,22610003001661,100.0,100.0,100.0,,100.0
Copper_Valley_Wireless__Inc_,AK,22610003001662,,,2.393,,2.393
Copper_Valley_Wireless__Inc_,AK,22610003001663,100.0,100.0,100.0,,100.0
Copper_Valley_Wireless__Inc_,AK,22610003001664,100.0,100.0,100.0,,100.0
Copper_Valley_Wireless__Inc_,AK,22610003001665,100.0,100.0,100.0,,100.0
Copper_Valley_Wireless__Inc_,AK,22610003001668,,,100.0,,100.0
Copper_Valley_Wireless__Inc_,AK,22610003001669,100.0,100.0,100.0,,100.0
Copper_Valley_Wireless__Inc_,AK,22610003001670,100.0,100.0,100.0,,100.0
Copper_Valley_Wireless__Inc_,AK,22610003001671,100.0,100.0,100.0,,100.0
Copper_Valley_Wireless__Inc_,AK,22610003001672,,,21.194,,21.194
Copper_Valley_Wireless__Inc_,AK,22610003001674,74.061,74.061,100.0,,100.0
Copper_Valley_Wireless__Inc_,AK,22610003001676,72.232,72.232,100.0,,100.0
Copper_Valley_Wireless__Inc_,AK,22610003001681,,,13.205,,13.205
Copper_Valley_Wireless__Inc_,AK,22610003001684,100.0,100.0,100.0,,100.0
Copper_Valley_Wireless__Inc_,AK,22610003001685,100.0,100.0,100.0,,100.0
Copper_Valley_Wireless__Inc_,AK,22610003001690,,,0.077,,0.077
Copper_Valley_Wireless__Inc_,AK,22610003001697,49.944,49.944,100.0,,100.0
Copper_Valley_Wireless__Inc_,AK,22610003001700,100.0,100.0,100.0,,100.0
Copper_Valley_Wireless__Inc_,AK,22610003001703,100.0,100.0,100.0,,100.0
Copper_Valley_Wireless__Inc_,AK,22610003001706,31.256,31.256,35.655,,35.886
Copper_Valley_Wireless__Inc_,AK,22610003001707,10.641,10.641,13.19,,13.73
Copper_Valley_Wireless__Inc_,AK,22610003002000,5.386,5.386,5.917,,6.399
Copper_Valley_Wireless__Inc_,AK,22610003002001,53.569,53.569,53.412,,56.056
Copper_Valley_Wireless__Inc_,AK,22610003002002,21.177,21.177,22.752,,23.99
Copper_Valley_Wireless__Inc_,AK,22610003002003,63.249,63.249,60.066,,66.233
Copper_Valley_Wireless__Inc_,AK,22610003002006,0.046,0.046,36.474,,36.474
Copper_Valley_Wireless__Inc_,AK,22610003002007,0.009,0.009,20.467,,20.467
Copper_Valley_Wireless__Inc_,AK,22610003002009,,,4.512,,4.512
Copper_Valley_Wireless__Inc_,AK,22610003002010,,,3.722,,3.722
Copper_Valley_Wireless__Inc_,AK,22610003002011,83.069,83.069,100.0,,100.0
Copper_Valley_Wireless__Inc_,AK,22610003002012,86.78,86.78,87.282,,94.25
Copper_Valley_Wireless__Inc_,AK,22610003002013,100.0,100.0,100.0,,100.0
Copper_Valley_Wireless__Inc_,AK,22610003002014,100.0,100.0,100.0,,100.0
Copper_Valley_Wireless__Inc_,AK,22610003002015,100.0,100.0,100.0,,100.0
Copper_Valley_Wireless__Inc_,AK,22610003002016,100.0,100.0,100.0,,100.0
Copper_Valley_Wireless__Inc_,AK,22610003002017,100.0,100.0,100.0,,100.0
Copper_Valley_Wireless__Inc_,AK,22610003002018,99.165,99.165,100.0,,100.0
Copper_Valley_Wireless__Inc_,AK,22610003002019,93.297,93.297,93.334,,93.545
Copper_Valley_Wireless__Inc_,AK,22610003002020,100.0,100.0,100.0,,100.0
Copper_Valley_Wireless__Inc_,AK,22610003002021,100.0,100.0,100.0,,100.0
Copper_Valley_Wireless__Inc_,AK,22610003002022,100.0,100.0,100.0,,100.0
Copper_Valley_Wireless__Inc_,AK,22610003002023,100.0,100.0,100.0,,100.0
Copper_Valley_Wireless__Inc_,AK,22610003002024,100.0,100.0,100.0,,100.0
Copper_Valley_Wireless__Inc_,AK,22610003002025,100.0,100.0,100.0,,100.0
Copper_Valley_Wireless__Inc_,AK,22610003002026,100.0,100.0,100.0,,100.0
Copper_Valley_Wireless__Inc_,AK,22610003002027,100.0,100.0,100.0,,100.0
Copper_Valley_Wireless__Inc_,AK,22610003002028,100.0,100.0,100.0,,100.0
Copper_Valley_Wireless__Inc_,AK,22610003002029,100.0,100.0,100.0,,100.0
Copper_Valley_Wireless__Inc_,AK,22610003002030,100.0,100.0,100.0,,100.0
Copper_Valley_Wireless__Inc_,AK,22610003002031,100.0,100.0,100.0,,100.0
Copper_Valley_Wireless__Inc_,AK,22610003002032,100.0,100.0,100.0,,100.0
Copper_Valley_Wireless__Inc_,AK,22610003002033,100.0,100.0,100.0,,100.0
Copper_Valley_Wireless__Inc_,AK,22610003002034,100.0,100.0,100.0,,100.0
Copper_Valley_Wireless__Inc_,AK,22610003002035,100.0,100.0,100.0,,100.0
Copper_Valley_Wireless__Inc_,AK,22610003002036,100.0,100.0,100.0,,100.0
Copper_Valley_Wireless__Inc_,AK,22610003002037,100.0,100.0,100.0,,100.0
Copper_Valley_Wireless__Inc_,AK,22610003002038,100.0,100.0,100.0,,100.0
Copper_Valley_Wireless__Inc_,AK,22610003002039,100.0,100.0,100.0,,100.0
Copper_Valley_Wireless__Inc_,AK,22610003002040,100.0,100.0,100.0,,100.0
Copper_Valley_Wireless__Inc_,AK,22610003002041,100.0,100.0,100.0,,100.0
Copper_Valley_Wireless__Inc_,AK,22610003002042,100.0,100.0,100.0,,100.0
Copper_Valley_Wireless__Inc_,AK,22610003002043,100.0,100.0,100.0,,100.0
Copper_Valley_Wireless__Inc_,AK,22610003002044,100.0,100.0,100.0,,100.0
Copper_Valley_Wireless__Inc_,AK,22610003002045,100.0,100.0,100.0,,100.0
Copper_Valley_Wireless__Inc_,AK,22610003002046,100.0,100.0,100.0,,100.0
Copper_Valley_Wireless__Inc_,AK,22610003002047,100.0,100.0,100.0,,100.0
Copper_Valley_Wireless__Inc_,AK,22610003002048,100.0,100.0,100.0,,100.0
Copper_Valley_Wireless__Inc_,AK,22610003002049,100.0,100.0,100.0,,100.0
Copper_Valley_Wireless__Inc_,AK,22610003002050,100.0,100.0,100.0,,100.0
Copper_Valley_Wireless__Inc_,AK,22610003002051,100.0,100.0,100.0,,100.0
Copper_Valley_Wireless__Inc_,AK,22610003002052,100.0,100.0,100.0,,100.0
Copper_Valley_Wireless__Inc_,AK,22610003002053,100.0,100.0,100.0,,100.0
Copper_Valley_Wireless__Inc_,AK,22610003002054,100.0,100.0,100.0,,100.0
Copper_Valley_Wireless__Inc_,AK,22610003002055,100.0,100.0,100.0,,100.0
Copper_Valley_Wireless__Inc_,AK,22610003002056,100.0,100.0,100.0,,100.0
Copper_Valley_Wireless__Inc_,AK,22610003002057,100.0,100.0,100.0,,100.0
Copper_Valley_Wireless__Inc_,AK,22610003002058,100.0,100.0,100.0,,100.0
Copper_Valley_Wireless__Inc_,AK,22610003002059,100.0,100.0,100.0,,100.0
Copper_Valley_Wireless__Inc_,AK,22610003002060,100.0,100.0,100.0,,100.0
Copper_Valley_Wireless__Inc_,AK,22610003002061,100.0,100.0,100.0,,100.0
Copper_Valley_Wireless__Inc_,AK,22610003002062,100.0,100.0,100.0,,100.0
Copper_Valley_Wireless__Inc_,AK,22610003002063,55.937,55.937,55.494,,62.889
Copper_Valley_Wireless__Inc_,AK,22610003002064,31.627,31.627,28.95,,39.947
Copper_Valley_Wireless__Inc_,AK,22610003002065,37.229,37.229,45.588,,50.701
Copper_Valley_Wireless__Inc_,AK,22610003002066,57.631,57.631,56.988,,60.618
Copper_Valley_Wireless__Inc_,AK,22610003002070,55.059,55.059,56.246,,58.717
Copper_Valley_Wireless__Inc_,AK,22610003002072,53.67,53.67,59.022,,60.335
Copper_Valley_Wireless__Inc_,AK,22610003002073,83.259,83.259,84.184,,85.782
Copper_Valley_Wireless__Inc_,AK,22610003002074,100.0,100.0,100.0,,100.0
Copper_Valley_Wireless__Inc_,AK,22610003002077,100.0,100.0,100.0,,100.0
Copper_Valley_Wireless__Inc_,AK,22610003002078,100.0,100.0,100.0,,100.0
Copper_Valley_Wireless__Inc_,AK,22610003003000,7.982,7.982,8.589,,9.349
Copper_Valley_Wireless__Inc_,AK,22610003003003,50.111,50.111,49.88,,51.716
Copper_Valley_Wireless__Inc_,AK,22610003003004,100.0,100.0,100.0,,100.0
Copper_Valley_Wireless__Inc_,AK,22610003003005,100.0,100.0,100.0,,100.0
Copper_Valley_Wireless__Inc_,AK,22610003003006,100.0,100.0,100.0,,100.0
Copper_Valley_Wireless__Inc_,AK,22610003003007,100.0,100.0,100.0,,100.0
Copper_Valley_Wireless__Inc_,AK,22610003003008,100.0,100.0,100.0,,100.0
Copper_Valley_Wireless__Inc_,AK,22610003003009,100.0,100.0,100.0,,100.0
Copper_Valley_Wireless__Inc_,AK,22610003003010,100.0,100.0,100.0,,100.0
Copper_Valley_Wireless__Inc_,AK,22610003003011,100.0,100.0,100.0,,100.0
Copper_Valley_Wireless__Inc_,AK,22610003003012,100.0,100.0,100.0,,100.0
Copper_Valley_Wireless__Inc_,AK,22610003003013,100.0,100.0,100.0,,100.0
Copper_Valley_Wireless__Inc_,AK,22610003003014,100.0,100.0,100.0,,100.0
Copper_Valley_Wireless__Inc_,AK,22610003003015,100.0,100.0,100.0,,100.0
Copper_Valley_Wireless__Inc_,AK,22610003003016,100.0,100.0,100.0,,100.0
Copper_Valley_Wireless__Inc_,AK,22610003003017,100.0,100.0,100.0,,100.0
Copper_Valley_Wireless__Inc_,AK,22610003003018,100.0,100.0,100.0,,100.0
Copper_Valley_Wireless__Inc_,AK,22610003003019,100.0,100.0,100.0,,100.0
Copper_Valley_Wireless__Inc_,AK,22610003003020,100.0,100.0,100.0,,100.0
Copper_Valley_Wireless__Inc_,AK,22610003003021,100.0,100.0,100.0,,100.0
Copper_Valley_Wireless__Inc_,AK,22610003003022,100.0,100.0,100.0,,100.0
Copper_Valley_Wireless__Inc_,AK,22610003003023,100.0,100.0,100.0,,100.0
Copper_Valley_Wireless__Inc_,AK,22610003003024,100.0,100.0,100.0,,100.0
Copper_Valley_Wireless__Inc_,AK,22610003003025,100.0,100.0,100.0,,100.0
Copper_Valley_Wireless__Inc_,AK,22610003003026,100.0,100.0,100.0,,100.0
Copper_Valley_Wireless__Inc_,AK,22610003003027,100.0,100.0,100.0,,100.0
Copper_Valley_Wireless__Inc_,AK,22610003003028,100.0,100.0,100.0,,100.0
Copper_Valley_Wireless__Inc_,AK,22610003003029,100.0,100.0,100.0,,100.0
Copper_Valley_Wireless__Inc_,AK,22610003003030,100.0,100.0,100.0,,100.0
Copper_Valley_Wireless__Inc_,AK,22610003003031,100.0,100.0,100.0,,100.0
Copper_Valley_Wireless__Inc_,AK,22610003003032,100.0,100.0,100.0,,100.0
Copper_Valley_Wireless__Inc_,AK,22610003003033,100.0,100.0,100.0,,100.0
Copper_Valley_Wireless__Inc_,AK,22610003003034,100.0,100.0,100.0,,100.0
Copper_Valley_Wireless__Inc_,AK,22610003003035,100.0,100.0,100.0,,100.0
Copper_Valley_Wireless__Inc_,AK,22610003003036,100.0,100.0,100.0,,100.0
Copper_Valley_Wireless__Inc_,AK,22610003003037,100.0,100.0,100.0,,100.0
Copper_Valley_Wireless__Inc_,AK,22610003003038,100.0,100.0,100.0,,100.0
Copper_Valley_Wireless__Inc_,AK,22610003003039,100.0,100.0,100.0,,100.0
Copper_Valley_Wireless__Inc_,AK,22610003003040,100.0,100.0,100.0,,100.0
Copper_Valley_Wireless__Inc_,AK,22610003003041,100.0,100.0,100.0,,100.0
Copper_Valley_Wireless__Inc_,AK,22610003003042,100.0,100.0,100.0,,100.0
Copper_Valley_Wireless__Inc_,AK,22610003003043,100.0,100.0,100.0,,100.0
Copper_Valley_Wireless__Inc_,AK,22610003003044,100.0,100.0,100.0,,100.0
Copper_Valley_Wireless__Inc_,AK,22610003003045,100.0,100.0,100.0,,100.0
Copper_Valley_Wireless__Inc_,AK,22610003003046,100.0,100.0,100.0,,100.0
Copper_Valley_Wireless__Inc_,AK,22610003003047,100.0,100.0,100.0,,100.0
Copper_Valley_Wireless__Inc_,AK,22610003003048,100.0,100.0,100.0,,100.0
Copper_Valley_Wireless__Inc_,AK,22610003003049,100.0,100.0,100.0,,100.0
Copper_Valley_Wireless__Inc_,AK,22610003004000,7.361,7.361,,,7.361
Copper_Valley_Wireless__Inc_,AK,22610003004002,16.029,16.029,,,16.029
Copper_Valley_Wireless__Inc_,AK,22610003004003,34.914,34.914,,,34.914
Copper_Valley_Wireless__Inc_,AK,22610003004004,36.281,36.281,,,36.281
Copper_Valley_Wireless__Inc_,AK,22610003004005,22.903,22.903,10.377,,24.963
Copper_Valley_Wireless__Inc_,AK,22610003004007,73.403,73.403,,,73.403
Copper_Valley_Wireless__Inc_,AK,22610003004008,100.0,100.0,,,100.0
Copper_Valley_Wireless__Inc_,AK,22610003004009,63.171,63.171,55.34,,67.311
Copper_Valley_Wireless__Inc_,AK,22610003004010,100.0,100.0,100.0,,100.0
Copper_Valley_Wireless__Inc_,AK,22610003004011,100.0,100.0,99.773,,100.0
Copper_Valley_Wireless__Inc_,AK,22610003004012,100.0,100.0,100.0,,100.0
Copper_Valley_Wireless__Inc_,AK,22610003004013,100.0,100.0,100.0,,100.0
Copper_Valley_Wireless__Inc_,AK,22610003004014,100.0,100.0,100.0,,100.0
Copper_Valley_Wireless__Inc_,AK,22610003004015,100.0,100.0,100.0,,100.0
Copper_Valley_Wireless__Inc_,AK,22610003004016,100.0,100.0,100.0,,100.0
Copper_Valley_Wireless__Inc_,AK,22610003004017,100.0,100.0,100.0,,100.0
Copper_Valley_Wireless__Inc_,AK,22610003004018,100.0,100.0,100.0,,100.0
Copper_Valley_Wireless__Inc_,AK,22610003004019,100.0,100.0,100.0,,100.0
Copper_Valley_Wireless__Inc_,AK,22610003004020,100.0,100.0,100.0,,100.0
Copper_Valley_Wireless__Inc_,AK,22610003004021,100.0,100.0,100.0,,100.0
Copper_Valley_Wireless__Inc_,AK,22610003004022,9.993,9.993,29.781,,32.529
Copper_Valley_Wireless__Inc_,AK,22610003004023,76.323,76.323,64.057,,79.835
Copper_Valley_Wireless__Inc_,AK,22610003004024,96.395,96.395,100.0,,100.0
Copper_Valley_Wireless__Inc_,AK,22610003004025,100.0,100.0,,,100.0
Copper_Valley_Wireless__Inc_,AK,22610003004026,10.701,10.701,4.77,,11.809
Copper_Valley_Wireless__Inc_,AK,22610003004027,100.0,100.0,,,100.0
Copper_Valley_Wireless__Inc_,AK,22610003004028,74.991,74.991,76.144,,79.637
Copper_Valley_Wireless__Inc_,AK,22610003004029,100.0,100.0,100.0,,100.0
Copper_Valley_Wireless__Inc_,AK,22610003004030,100.0,100.0,100.0,,100.0
Copper_Valley_Wireless__Inc_,AK,22610003004031,100.0,100.0,100.0,,100.0
Copper_Valley_Wireless__Inc_,AK,22610003004032,100.0,100.0,100.0,,100.0
Copper_Valley_Wireless__Inc_,AK,22610003004033,100.0,100.0,100.0,,100.0
Copper_Valley_Wireless__Inc_,AK,22610003004034,100.0,100.0,100.0,,100.0
Copper_Valley_Wireless__Inc_,AK,22610003004035,100.0,100.0,100.0,,100.0
Copper_Valley_Wireless__Inc_,AK,22610003004036,100.0,100.0,100.0,,100.0
Copper_Valley_Wireless__Inc_,AK,22610003004037,100.0,100.0,100.0,,100.0
Copper_Valley_Wireless__Inc_,AK,22610003004038,100.0,100.0,100.0,,100.0
Copper_Valley_Wireless__Inc_,AK,22610003004039,100.0,100.0,100.0,,100.0
Copper_Valley_Wireless__Inc_,AK,22610003004040,100.0,100.0,100.0,,100.0
Copper_Valley_Wireless__Inc_,AK,22610003004041,100.0,100.0,100.0,,100.0
Copper_Valley_Wireless__Inc_,AK,22610003004042,100.0,100.0,100.0,,100.0
Copper_Valley_Wireless__Inc_,AK,22610003004043,100.0,100.0,100.0,,100.0
Copper_Valley_Wireless__Inc_,AK,22610003004044,100.0,100.0,100.0,,100.0
Copper_Valley_Wireless__Inc_,AK,22610003004045,100.0,100.0,100.0,,100.0
Copper_Valley_Wireless__Inc_,AK,22610003004046,100.0,100.0,100.0,,100.0
Copper_Valley_Wireless__Inc_,AK,22610003004047,100.0,100.0,100.0,,100.0
Copper_Valley_Wireless__Inc_,AK,22610003004048,100.0,100.0,100.0,,100.0
Copper_Valley_Wireless__Inc_,AK,22610003004049,,,1.774,,1.774
Copper_Valley_Wireless__Inc_,AK,22610003004050,85.1,85.1,83.851,,94.254
Copper_Valley_Wireless__Inc_,AK,22610003004051,97.059,97.059,99.669,,99.847
Copper_Valley_Wireless__Inc_,AK,22610003004052,100.0,100.0,100.0,,100.0
Copper_Valley_Wireless__Inc_,AK,22610003004053,100.0,100.0,100.0,,100.0
Copper_Valley_Wireless__Inc_,AK,22610003004054,100.0,100.0,100.0,,100.0
Copper_Valley_Wireless__Inc_,AK,22610003004055,100.0,100.0,100.0,,100.0
Copper_Valley_Wireless__Inc_,AK,22610003004056,100.0,100.0,100.0,,100.0
Copper_Valley_Wireless__Inc_,AK,22610003005000,89.336,89.336,86.796,,93.04
Copper_Valley_Wireless__Inc_,AK,22610003005001,100.0,100.0,100.0,,100.0
Copper_Valley_Wireless__Inc_,AK,22610003005002,100.0,100.0,100.0,,100.0
Copper_Valley_Wireless__Inc_,AK,22610003005003,100.0,100.0,100.0,,100.0
Copper_Valley_Wireless__Inc_,AK,22610003005004,100.0,100.0,100.0,,100.0
Copper_Valley_Wireless__Inc_,AK,22610003005005,100.0,100.0,100.0,,100.0
Copper_Valley_Wireless__Inc_,AK,22610003005006,100.0,100.0,100.0,,100.0
Copper_Valley_Wireless__Inc_,AK,22610003005007,100.0,100.0,100.0,,100.0
Copper_Valley_Wireless__Inc_,AK,22610003005008,100.0,100.0,100.0,,100.0
Copper_Valley_Wireless__Inc_,AK,22610003005009,100.0,100.0,100.0,,100.0
Copper_Valley_Wireless__Inc_,AK,22610003005010,100.0,100.0,100.0,,100.0
Copper_Valley_Wireless__Inc_,AK,22610003005011,100.0,100.0,100.0,,100.0
Copper_Valley_Wireless__Inc_,AK,22610003005012,100.0,100.0,100.0,,100.0
Copper_Valley_Wireless__Inc_,AK,22610003005013,100.0,100.0,100.0,,100.0
Copper_Valley_Wireless__Inc_,AK,22610003005014,100.0,100.0,100.0,,100.0
Copper_Valley_Wireless__Inc_,AK,22610003005015,100.0,100.0,100.0,,100.0
Copper_Valley_Wireless__Inc_,AK,22610003005016,100.0,100.0,100.0,,100.0
Copper_Valley_Wireless__Inc_,AK,22610003005017,100.0,100.0,100.0,,100.0
Copper_Valley_Wireless__Inc_,AK,22610003005018,100.0,100.0,100.0,,100.0
Copper_Valley_Wireless__Inc_,AK,22610003005019,100.0,100.0,100.0,,100.0
Copper_Valley_Wireless__Inc_,AK,22610003005020,100.0,100.0,100.0,,100.0
Copper_Valley_Wireless__Inc_,AK,22610003005021,100.0,100.0,100.0,,100.0
Copper_Valley_Wireless__Inc_,AK,22610003005022,100.0,100.0,100.0,,100.0
Copper_Valley_Wireless__Inc_,AK,22610003005023,100.0,100.0,100.0,,100.0
Copper_Valley_Wireless__Inc_,AK,22610003005024,100.0,100.0,100.0,,100.0
Copper_Valley_Wireless__Inc_,AK,22610003005025,100.0,100.0,100.0,,100.0
