DBA,STATE_ABBR,FIPS,2G,3G,4G_LTE,4G_NON_LTE,ANY
NNTC_WIRELESS__LLC,UT,490379781001498,0.013,,,,0.013
NNTC_WIRELESS__LLC,UT,490379781001501,0.052,,,,0.052
NNTC_WIRELESS__LLC,UT,490379781001504,0.869,,,,0.869
NNTC_WIRELESS__LLC,UT,490379781001534,0.011,,,,0.011
NNTC_WIRELESS__LLC,UT,490379781001625,2.986,,,,2.986
NNTC_WIRELESS__LLC,UT,490379781001626,2.551,,,,2.551
NNTC_WIRELESS__LLC,UT,490379781001627,0.898,,,,0.898
NNTC_WIRELESS__LLC,CO,80330001002021,2.165,,,,2.165
NNTC_WIRELESS__LLC,CO,80330001002024,5.592,,,,5.592
NNTC_WIRELESS__LLC,CO,80330001002025,1.27,,,,1.27
NNTC_WIRELESS__LLC,CO,80330001002026,1.243,,,,1.243
NNTC_WIRELESS__LLC,CO,80330001002027,0.103,,,,0.103
NNTC_WIRELESS__LLC,CO,80330001002028,3.968,,,,3.968
NNTC_WIRELESS__LLC,CO,80330001002056,0.888,,,,0.888
NNTC_WIRELESS__LLC,CO,80330001002059,100.0,,,,100.0
NNTC_WIRELESS__LLC,CO,80330001002069,0.404,,,,0.404
NNTC_WIRELESS__LLC,CO,80330001002070,0.226,,,,0.226
NNTC_WIRELESS__LLC,CO,80330001002555,5.229,,,,5.229
NNTC_WIRELESS__LLC,CO,80770019001271,0.522,,,,0.522
NNTC_WIRELESS__LLC,CO,80770019001273,0.044,,,,0.044
NNTC_WIRELESS__LLC,CO,80770019001275,0.0,,,,0.0
NNTC_WIRELESS__LLC,CO,80770019001282,0.104,,,,0.104
NNTC_WIRELESS__LLC,CO,80770019001310,0.016,,,,0.016
NNTC_WIRELESS__LLC,CO,80770019001349,0.128,,,,0.128
NNTC_WIRELESS__LLC,CO,80859661001000,100.0,,,,100.0
NNTC_WIRELESS__LLC,CO,80859661001001,100.0,,,,100.0
NNTC_WIRELESS__LLC,CO,80859661001002,100.0,,,,100.0
NNTC_WIRELESS__LLC,CO,80859661001003,100.0,,,,100.0
NNTC_WIRELESS__LLC,CO,80859661001004,100.0,,,,100.0
NNTC_WIRELESS__LLC,CO,80859661001005,100.0,,,,100.0
NNTC_WIRELESS__LLC,CO,80859661001006,100.0,,,,100.0
NNTC_WIRELESS__LLC,CO,80859661001007,100.0,,,,100.0
NNTC_WIRELESS__LLC,CO,80859661001008,100.0,,,,100.0
NNTC_WIRELESS__LLC,CO,80859661001009,100.0,,,,100.0
NNTC_WIRELESS__LLC,CO,80859661001010,100.0,,,,100.0
NNTC_WIRELESS__LLC,CO,80859661001011,100.0,,,,100.0
NNTC_WIRELESS__LLC,CO,80859661001012,100.0,,,,100.0
NNTC_WIRELESS__LLC,CO,80859661001013,100.0,,,,100.0
NNTC_WIRELESS__LLC,CO,80859661001014,100.0,,,,100.0
NNTC_WIRELESS__LLC,CO,80859661001015,100.0,,,,100.0
NNTC_WIRELESS__LLC,CO,80859661001016,100.0,,,,100.0
NNTC_WIRELESS__LLC,CO,80859661001017,100.0,,,,100.0
NNTC_WIRELESS__LLC,CO,80859661001018,100.0,,,,100.0
NNTC_WIRELESS__LLC,CO,80859661001019,100.0,,,,100.0
NNTC_WIRELESS__LLC,CO,80859661001020,100.0,,,,100.0
NNTC_WIRELESS__LLC,CO,80859661001021,100.0,,,,100.0
NNTC_WIRELESS__LLC,CO,80859661001022,100.0,,,,100.0
NNTC_WIRELESS__LLC,CO,80859661001023,100.0,,,,100.0
NNTC_WIRELESS__LLC,CO,80859661001024,100.0,,,,100.0
NNTC_WIRELESS__LLC,CO,80859661001025,100.0,,,,100.0
NNTC_WIRELESS__LLC,CO,80859661001026,99.999,,,,99.999
NNTC_WIRELESS__LLC,CO,80859661001027,100.0,,,,100.0
NNTC_WIRELESS__LLC,CO,80859661001028,100.0,,,,100.0
NNTC_WIRELESS__LLC,CO,80859661001029,100.0,,,,100.0
NNTC_WIRELESS__LLC,CO,80859661001030,100.0,,,,100.0
NNTC_WIRELESS__LLC,CO,80859661001031,100.0,,,,100.0
NNTC_WIRELESS__LLC,CO,80859661001032,100.0,,,,100.0
NNTC_WIRELESS__LLC,CO,80859661001033,100.0,,,,100.0
NNTC_WIRELESS__LLC,CO,80859661001034,100.0,,,,100.0
NNTC_WIRELESS__LLC,CO,80859661001035,100.0,,,,100.0
NNTC_WIRELESS__LLC,CO,80859661001036,100.0,,,,100.0
NNTC_WIRELESS__LLC,CO,80859661001037,100.0,,,,100.0
NNTC_WIRELESS__LLC,CO,80859661001038,100.0,,,,100.0
NNTC_WIRELESS__LLC,CO,80859661001039,100.0,,,,100.0
NNTC_WIRELESS__LLC,CO,80859661001040,100.0,,,,100.0
NNTC_WIRELESS__LLC,CO,80859661001041,100.0,,,,100.0
NNTC_WIRELESS__LLC,CO,80859661001042,100.0,,,,100.0
NNTC_WIRELESS__LLC,CO,80859661001043,100.0,,,,100.0
NNTC_WIRELESS__LLC,CO,80859661001044,100.0,,,,100.0
NNTC_WIRELESS__LLC,CO,80859661001045,100.0,,,,100.0
NNTC_WIRELESS__LLC,CO,80859661001046,100.0,,,,100.0
NNTC_WIRELESS__LLC,CO,80859661001047,100.0,,,,100.0
NNTC_WIRELESS__LLC,CO,80859661001048,100.0,,,,100.0
NNTC_WIRELESS__LLC,CO,80859661001049,100.0,,,,100.0
NNTC_WIRELESS__LLC,CO,80859661001050,100.0,,,,100.0
NNTC_WIRELESS__LLC,CO,80859661001051,100.0,,,,100.0
NNTC_WIRELESS__LLC,CO,80859661001052,100.0,,,,100.0
NNTC_WIRELESS__LLC,CO,80859661001053,100.0,,,,100.0
NNTC_WIRELESS__LLC,CO,80859661001054,100.0,,,,100.0
NNTC_WIRELESS__LLC,CO,80859661001055,100.0,,,,100.0
NNTC_WIRELESS__LLC,CO,80859661001056,100.0,,,,100.0
NNTC_WIRELESS__LLC,CO,80859661001057,100.0,,,,100.0
NNTC_WIRELESS__LLC,CO,80859661001058,100.0,,,,100.0
NNTC_WIRELESS__LLC,CO,80859661001059,100.0,,,,100.0
NNTC_WIRELESS__LLC,CO,80859661001060,100.0,,,,100.0
NNTC_WIRELESS__LLC,CO,80859661001061,100.0,,,,100.0
NNTC_WIRELESS__LLC,CO,80859661001062,100.0,,,,100.0
NNTC_WIRELESS__LLC,CO,80859661001063,100.0,,,,100.0
NNTC_WIRELESS__LLC,CO,80859661001064,100.0,,,,100.0
NNTC_WIRELESS__LLC,CO,80859661001065,100.0,,,,100.0
NNTC_WIRELESS__LLC,CO,80859661001066,100.0,,,,100.0
NNTC_WIRELESS__LLC,CO,80859661001067,100.0,,,,100.0
NNTC_WIRELESS__LLC,CO,80859661001068,100.0,,,,100.0
NNTC_WIRELESS__LLC,CO,80859661001069,100.0,,,,100.0
NNTC_WIRELESS__LLC,CO,80859661001070,100.0,,,,100.0
NNTC_WIRELESS__LLC,CO,80859661001071,100.0,,,,100.0
NNTC_WIRELESS__LLC,CO,80859661001072,100.0,,,,100.0
NNTC_WIRELESS__LLC,CO,80859661001073,100.0,,,,100.0
NNTC_WIRELESS__LLC,CO,80859661001074,100.0,,,,100.0
NNTC_WIRELESS__LLC,CO,80859661001075,100.0,,,,100.0
NNTC_WIRELESS__LLC,CO,80859661001076,100.0,,,,100.0
NNTC_WIRELESS__LLC,CO,80859661001077,100.0,,,,100.0
NNTC_WIRELESS__LLC,CO,80859661001078,100.0,,,,100.0
NNTC_WIRELESS__LLC,CO,80859661001079,100.0,,,,100.0
NNTC_WIRELESS__LLC,CO,80859661001080,100.0,,,,100.0
NNTC_WIRELESS__LLC,CO,80859661001081,100.0,,,,100.0
NNTC_WIRELESS__LLC,CO,80859661001082,100.0,,,,100.0
NNTC_WIRELESS__LLC,CO,80859661001083,100.0,,,,100.0
NNTC_WIRELESS__LLC,CO,80859661001084,100.0,,,,100.0
NNTC_WIRELESS__LLC,CO,80859661001085,100.0,,,,100.0
NNTC_WIRELESS__LLC,CO,80859661001086,100.0,,,,100.0
NNTC_WIRELESS__LLC,CO,80859661001087,100.0,,,,100.0
NNTC_WIRELESS__LLC,CO,80859661001088,100.0,,,,100.0
NNTC_WIRELESS__LLC,CO,80859661001089,100.0,,,,100.0
NNTC_WIRELESS__LLC,CO,80859661001090,100.0,,,,100.0
NNTC_WIRELESS__LLC,CO,80859661001091,100.0,,,,100.0
NNTC_WIRELESS__LLC,CO,80859661001092,100.0,,,,100.0
NNTC_WIRELESS__LLC,CO,80859661001093,100.0,,,,100.0
NNTC_WIRELESS__LLC,CO,80859661001094,100.0,,,,100.0
NNTC_WIRELESS__LLC,CO,80859661001095,100.0,,,,100.0
NNTC_WIRELESS__LLC,CO,80859661001096,100.0,,,,100.0
NNTC_WIRELESS__LLC,CO,80859661001097,100.0,,,,100.0
NNTC_WIRELESS__LLC,CO,80859661001098,100.0,,,,100.0
NNTC_WIRELESS__LLC,CO,80859661001099,100.0,,,,100.0
NNTC_WIRELESS__LLC,CO,80859661001100,100.0,,,,100.0
NNTC_WIRELESS__LLC,CO,80859661001101,100.0,,,,100.0
NNTC_WIRELESS__LLC,CO,80859661001102,100.0,,,,100.0
NNTC_WIRELESS__LLC,CO,80859661001103,100.0,,,,100.0
NNTC_WIRELESS__LLC,CO,80859661001104,100.0,,,,100.0
NNTC_WIRELESS__LLC,CO,80859661001105,100.0,,,,100.0
NNTC_WIRELESS__LLC,CO,80859661001106,100.0,,,,100.0
NNTC_WIRELESS__LLC,CO,80859661001107,100.0,,,,100.0
NNTC_WIRELESS__LLC,CO,80859661001108,100.0,,,,100.0
NNTC_WIRELESS__LLC,CO,80859661001109,100.0,,,,100.0
NNTC_WIRELESS__LLC,CO,80859661001110,100.0,,,,100.0
NNTC_WIRELESS__LLC,CO,80859661001111,100.0,,,,100.0
NNTC_WIRELESS__LLC,CO,80859661001112,100.0,,,,100.0
NNTC_WIRELESS__LLC,CO,80859661001113,100.0,,,,100.0
NNTC_WIRELESS__LLC,CO,80859661001114,100.0,,,,100.0
NNTC_WIRELESS__LLC,CO,80859661001115,100.0,,,,100.0
NNTC_WIRELESS__LLC,CO,80859661001116,100.0,,,,100.0
NNTC_WIRELESS__LLC,CO,80859661001117,100.0,,,,100.0
NNTC_WIRELESS__LLC,CO,80859661001118,100.0,,,,100.0
NNTC_WIRELESS__LLC,CO,80859661001119,100.0,,,,100.0
NNTC_WIRELESS__LLC,CO,80859661001120,100.0,,,,100.0
NNTC_WIRELESS__LLC,CO,80859661001121,99.706,,,,99.706
NNTC_WIRELESS__LLC,CO,80859661001122,13.376,,,,13.376
NNTC_WIRELESS__LLC,CO,80859661001123,64.07,,,,64.07
NNTC_WIRELESS__LLC,CO,80859661001124,100.0,,,,100.0
NNTC_WIRELESS__LLC,CO,80859661001125,100.0,,,,100.0
NNTC_WIRELESS__LLC,CO,80859661001126,100.0,,,,100.0
NNTC_WIRELESS__LLC,CO,80859661001127,100.0,,,,100.0
NNTC_WIRELESS__LLC,CO,80859661001128,100.0,,,,100.0
NNTC_WIRELESS__LLC,CO,80859661001129,100.0,,,,100.0
NNTC_WIRELESS__LLC,CO,80859661001130,100.0,,,,100.0
NNTC_WIRELESS__LLC,CO,80859661001131,100.0,,,,100.0
NNTC_WIRELESS__LLC,CO,80859661001132,100.0,,,,100.0
NNTC_WIRELESS__LLC,CO,80859661001133,100.0,,,,100.0
NNTC_WIRELESS__LLC,CO,80859661001134,100.0,,,,100.0
NNTC_WIRELESS__LLC,CO,80859661001135,100.0,,,,100.0
NNTC_WIRELESS__LLC,CO,80859661001136,100.0,,,,100.0
NNTC_WIRELESS__LLC,CO,80859661001137,100.0,,,,100.0
NNTC_WIRELESS__LLC,CO,80859661001138,100.0,,,,100.0
NNTC_WIRELESS__LLC,CO,80859661001139,100.0,,,,100.0
NNTC_WIRELESS__LLC,CO,80859661001140,100.0,,,,100.0
NNTC_WIRELESS__LLC,CO,80859661001141,100.0,,,,100.0
NNTC_WIRELESS__LLC,CO,80859661001142,100.0,,,,100.0
NNTC_WIRELESS__LLC,CO,80859661001143,100.0,,,,100.0
NNTC_WIRELESS__LLC,CO,80859661001144,100.0,,,,100.0
NNTC_WIRELESS__LLC,CO,80859661001145,100.0,,,,100.0
NNTC_WIRELESS__LLC,CO,80859661001146,100.0,,,,100.0
NNTC_WIRELESS__LLC,CO,80859661001147,100.0,,,,100.0
NNTC_WIRELESS__LLC,CO,80859661001148,100.0,,,,100.0
NNTC_WIRELESS__LLC,CO,80859661001149,100.0,,,,100.0
NNTC_WIRELESS__LLC,CO,80859661001150,100.0,,,,100.0
NNTC_WIRELESS__LLC,CO,80859661001151,100.0,,,,100.0
NNTC_WIRELESS__LLC,CO,80859661001152,100.0,,,,100.0
NNTC_WIRELESS__LLC,CO,80859661001153,100.0,,,,100.0
NNTC_WIRELESS__LLC,CO,80859661001154,100.0,,,,100.0
NNTC_WIRELESS__LLC,CO,80859661001155,100.0,,,,100.0
NNTC_WIRELESS__LLC,CO,80859661001156,100.0,,,,100.0
NNTC_WIRELESS__LLC,CO,80859661001157,100.0,,,,100.0
NNTC_WIRELESS__LLC,CO,80859661001158,100.0,,,,100.0
NNTC_WIRELESS__LLC,CO,80859661001159,100.0,,,,100.0
NNTC_WIRELESS__LLC,CO,80859661001160,100.0,,,,100.0
NNTC_WIRELESS__LLC,CO,80859661001161,100.0,,,,100.0
NNTC_WIRELESS__LLC,CO,80859661001162,100.0,,,,100.0
NNTC_WIRELESS__LLC,CO,80859661001163,100.0,,,,100.0
NNTC_WIRELESS__LLC,CO,80859661001164,100.0,,,,100.0
NNTC_WIRELESS__LLC,CO,80859661001165,100.0,,,,100.0
NNTC_WIRELESS__LLC,CO,80859661001166,100.0,,,,100.0
NNTC_WIRELESS__LLC,CO,80859661001167,100.0,,,,100.0
NNTC_WIRELESS__LLC,CO,80859661001168,100.0,,,,100.0
NNTC_WIRELESS__LLC,CO,80859661001169,100.0,,,,100.0
NNTC_WIRELESS__LLC,CO,80859661001170,100.0,,,,100.0
NNTC_WIRELESS__LLC,CO,80859661001171,100.0,,,,100.0
NNTC_WIRELESS__LLC,CO,80859661001172,100.0,,,,100.0
NNTC_WIRELESS__LLC,CO,80859661001173,100.0,,,,100.0
NNTC_WIRELESS__LLC,CO,80859661001174,100.0,,,,100.0
NNTC_WIRELESS__LLC,CO,80859661001175,100.0,,,,100.0
NNTC_WIRELESS__LLC,CO,80859661001176,100.0,,,,100.0
NNTC_WIRELESS__LLC,CO,80859661001177,100.0,,,,100.0
NNTC_WIRELESS__LLC,CO,80859661002000,99.835,,,,99.835
NNTC_WIRELESS__LLC,CO,80859661002001,99.401,,,,99.401
NNTC_WIRELESS__LLC,CO,80859661002002,92.934,,,,92.934
NNTC_WIRELESS__LLC,CO,80859661002003,99.949,,,,99.949
NNTC_WIRELESS__LLC,CO,80859661002004,90.793,,,,90.793
NNTC_WIRELESS__LLC,CO,80859661002005,99.903,,,,99.903
NNTC_WIRELESS__LLC,CO,80859661002006,98.637,,,,98.637
NNTC_WIRELESS__LLC,CO,80859661002007,100.0,,,,100.0
NNTC_WIRELESS__LLC,CO,80859661002008,98.184,,,,98.184
NNTC_WIRELESS__LLC,CO,80859661002009,100.0,,,,100.0
NNTC_WIRELESS__LLC,CO,80859661002010,100.0,,,,100.0
NNTC_WIRELESS__LLC,CO,80859661002011,100.0,,,,100.0
NNTC_WIRELESS__LLC,CO,80859661002012,99.804,,,,99.804
NNTC_WIRELESS__LLC,CO,80859661002013,100.0,,,,100.0
NNTC_WIRELESS__LLC,CO,80859661002014,100.0,,,,100.0
NNTC_WIRELESS__LLC,CO,80859661002015,100.0,,,,100.0
NNTC_WIRELESS__LLC,CO,80859661002016,100.0,,,,100.0
NNTC_WIRELESS__LLC,CO,80859661002017,99.793,,,,99.793
NNTC_WIRELESS__LLC,CO,80859661002018,99.788,,,,99.788
NNTC_WIRELESS__LLC,CO,80859661002019,100.0,,,,100.0
NNTC_WIRELESS__LLC,CO,80859661002020,100.0,,,,100.0
NNTC_WIRELESS__LLC,CO,80859661002021,100.0,,,,100.0
NNTC_WIRELESS__LLC,CO,80859661002022,100.0,,,,100.0
NNTC_WIRELESS__LLC,CO,80859661002023,100.0,,,,100.0
NNTC_WIRELESS__LLC,CO,80859661002024,100.0,,,,100.0
NNTC_WIRELESS__LLC,CO,80859661002025,100.0,,,,100.0
NNTC_WIRELESS__LLC,CO,80859661002026,100.0,,,,100.0
NNTC_WIRELESS__LLC,CO,80859661002027,100.0,,,,100.0
NNTC_WIRELESS__LLC,CO,80859661002028,100.0,,,,100.0
NNTC_WIRELESS__LLC,CO,80859661002029,100.0,,,,100.0
NNTC_WIRELESS__LLC,CO,80859661002030,99.859,,,,99.859
NNTC_WIRELESS__LLC,CO,80859661002031,100.0,,,,100.0
NNTC_WIRELESS__LLC,CO,80859661002032,99.877,,,,99.877
NNTC_WIRELESS__LLC,CO,80859661002033,99.909,,,,99.909
NNTC_WIRELESS__LLC,CO,80859661002034,100.0,,,,100.0
NNTC_WIRELESS__LLC,CO,80859661002035,100.0,,,,100.0
NNTC_WIRELESS__LLC,CO,80859661002036,99.968,,,,99.968
NNTC_WIRELESS__LLC,CO,80859661002037,100.0,,,,100.0
NNTC_WIRELESS__LLC,CO,80859661002038,100.0,,,,100.0
NNTC_WIRELESS__LLC,CO,80859661002039,100.0,,,,100.0
NNTC_WIRELESS__LLC,CO,80859661002040,100.0,,,,100.0
NNTC_WIRELESS__LLC,CO,80859661002041,100.0,,,,100.0
NNTC_WIRELESS__LLC,CO,80859661002042,100.0,,,,100.0
NNTC_WIRELESS__LLC,CO,80859661002043,100.0,,,,100.0
NNTC_WIRELESS__LLC,CO,80859661002044,100.0,,,,100.0
NNTC_WIRELESS__LLC,CO,80859661002045,100.0,,,,100.0
NNTC_WIRELESS__LLC,CO,80859661002046,100.0,,,,100.0
NNTC_WIRELESS__LLC,CO,80859661002047,100.0,,,,100.0
NNTC_WIRELESS__LLC,CO,80859661002048,100.0,,,,100.0
NNTC_WIRELESS__LLC,CO,80859661002049,100.0,,,,100.0
NNTC_WIRELESS__LLC,CO,80859661002050,98.041,,,,98.041
NNTC_WIRELESS__LLC,CO,80859661002051,100.0,,,,100.0
NNTC_WIRELESS__LLC,CO,80859661002052,92.335,,,,92.335
NNTC_WIRELESS__LLC,CO,80859661002053,100.0,,,,100.0
NNTC_WIRELESS__LLC,CO,80859661002054,100.0,,,,100.0
NNTC_WIRELESS__LLC,CO,80859661002055,100.0,,,,100.0
NNTC_WIRELESS__LLC,CO,80859661002056,100.0,,,,100.0
NNTC_WIRELESS__LLC,CO,80859661002057,100.0,,,,100.0
NNTC_WIRELESS__LLC,CO,80859661002058,100.0,,,,100.0
NNTC_WIRELESS__LLC,CO,80859661002059,100.0,,,,100.0
NNTC_WIRELESS__LLC,CO,80859661002060,100.0,,,,100.0
NNTC_WIRELESS__LLC,CO,80859661002061,100.0,,,,100.0
NNTC_WIRELESS__LLC,CO,80859661002062,100.0,,,,100.0
NNTC_WIRELESS__LLC,CO,80859661002063,100.0,,,,100.0
NNTC_WIRELESS__LLC,CO,80859661002064,100.0,,,,100.0
NNTC_WIRELESS__LLC,CO,80859661002065,100.0,,,,100.0
NNTC_WIRELESS__LLC,CO,80859661002066,100.0,,,,100.0
NNTC_WIRELESS__LLC,CO,80859661002067,100.0,,,,100.0
NNTC_WIRELESS__LLC,CO,80859661002068,100.0,,,,100.0
NNTC_WIRELESS__LLC,CO,80859661002069,100.0,,,,100.0
NNTC_WIRELESS__LLC,CO,80859661002070,100.0,,,,100.0
NNTC_WIRELESS__LLC,CO,80859661002071,100.0,,,,100.0
NNTC_WIRELESS__LLC,CO,80859661002072,100.0,,,,100.0
NNTC_WIRELESS__LLC,CO,80859661002073,100.0,,,,100.0
NNTC_WIRELESS__LLC,CO,80859661002074,100.0,,,,100.0
NNTC_WIRELESS__LLC,CO,80859661002075,100.0,,,,100.0
NNTC_WIRELESS__LLC,CO,80859661002076,100.0,,,,100.0
NNTC_WIRELESS__LLC,CO,80859661002077,100.0,,,,100.0
NNTC_WIRELESS__LLC,CO,80859661002078,100.0,,,,100.0
NNTC_WIRELESS__LLC,CO,80859661002079,100.0,,,,100.0
NNTC_WIRELESS__LLC,CO,80859661002080,100.0,,,,100.0
NNTC_WIRELESS__LLC,CO,80859661002081,100.0,,,,100.0
NNTC_WIRELESS__LLC,CO,80859661002082,100.0,,,,100.0
NNTC_WIRELESS__LLC,CO,80859661002083,100.0,,,,100.0
NNTC_WIRELESS__LLC,CO,80859661002084,100.0,,,,100.0
NNTC_WIRELESS__LLC,CO,80859661002085,100.0,,,,100.0
NNTC_WIRELESS__LLC,CO,80859661002086,100.0,,,,100.0
NNTC_WIRELESS__LLC,CO,80859661002087,100.0,,,,100.0
NNTC_WIRELESS__LLC,CO,80859661002088,100.0,,,,100.0
NNTC_WIRELESS__LLC,CO,80859661002089,100.0,,,,100.0
NNTC_WIRELESS__LLC,CO,80859661002090,100.0,,,,100.0
NNTC_WIRELESS__LLC,CO,80859661002091,100.0,,,,100.0
NNTC_WIRELESS__LLC,CO,80859661002092,100.0,,,,100.0
NNTC_WIRELESS__LLC,CO,80859661002093,100.0,,,,100.0
NNTC_WIRELESS__LLC,CO,80859661002094,100.0,,,,100.0
NNTC_WIRELESS__LLC,CO,80859661002095,100.0,,,,100.0
NNTC_WIRELESS__LLC,CO,80859661002096,100.0,,,,100.0
NNTC_WIRELESS__LLC,CO,80859661002097,100.0,,,,100.0
NNTC_WIRELESS__LLC,CO,80859661002098,100.0,,,,100.0
NNTC_WIRELESS__LLC,CO,80859661002099,100.0,,,,100.0
NNTC_WIRELESS__LLC,CO,80859661002100,100.0,,,,100.0
NNTC_WIRELESS__LLC,CO,80859661002101,100.0,,,,100.0
NNTC_WIRELESS__LLC,CO,80859661002102,100.0,,,,100.0
NNTC_WIRELESS__LLC,CO,80859661002103,100.0,,,,100.0
NNTC_WIRELESS__LLC,CO,80859661002104,100.0,,,,100.0
NNTC_WIRELESS__LLC,CO,80859661002105,100.0,,,,100.0
NNTC_WIRELESS__LLC,CO,80859661002106,100.0,,,,100.0
NNTC_WIRELESS__LLC,CO,80859661002107,100.0,,,,100.0
NNTC_WIRELESS__LLC,CO,80859661002108,100.0,,,,100.0
NNTC_WIRELESS__LLC,CO,80859661002109,100.0,,,,100.0
NNTC_WIRELESS__LLC,CO,80859661002110,100.0,,,,100.0
NNTC_WIRELESS__LLC,CO,80859661002111,100.0,,,,100.0
NNTC_WIRELESS__LLC,CO,80859661002112,99.934,,,,99.934
NNTC_WIRELESS__LLC,CO,80859661002113,100.0,,,,100.0
NNTC_WIRELESS__LLC,CO,80859661002114,97.644,,,,97.644
NNTC_WIRELESS__LLC,CO,80859661002115,100.0,,,,100.0
NNTC_WIRELESS__LLC,CO,80859661002116,100.0,,,,100.0
NNTC_WIRELESS__LLC,CO,80859661002117,100.0,,,,100.0
NNTC_WIRELESS__LLC,CO,80859661002118,94.241,,,,94.241
NNTC_WIRELESS__LLC,CO,80859661002119,100.0,,,,100.0
NNTC_WIRELESS__LLC,CO,80859661002120,99.728,,,,99.728
NNTC_WIRELESS__LLC,CO,80859661002121,100.0,,,,100.0
NNTC_WIRELESS__LLC,CO,80859661002122,100.0,,,,100.0
NNTC_WIRELESS__LLC,CO,80859661002123,98.252,,,,98.252
NNTC_WIRELESS__LLC,CO,80859661002125,10.401,,,,10.401
NNTC_WIRELESS__LLC,CO,80859661002126,98.305,,,,98.305
NNTC_WIRELESS__LLC,CO,80859661002129,95.618,,,,95.618
NNTC_WIRELESS__LLC,CO,80859661002130,92.015,,,,92.015
NNTC_WIRELESS__LLC,CO,80859661002131,87.271,,,,87.271
NNTC_WIRELESS__LLC,CO,80859661002132,86.409,,,,86.409
NNTC_WIRELESS__LLC,CO,80859661002133,100.0,,,,100.0
NNTC_WIRELESS__LLC,CO,80859661002134,100.0,,,,100.0
NNTC_WIRELESS__LLC,CO,80859661002135,100.0,,,,100.0
NNTC_WIRELESS__LLC,CO,80859661002136,100.0,,,,100.0
NNTC_WIRELESS__LLC,CO,80859661002137,100.0,,,,100.0
NNTC_WIRELESS__LLC,CO,80859661002138,100.0,,,,100.0
NNTC_WIRELESS__LLC,CO,80859661002139,100.0,,,,100.0
NNTC_WIRELESS__LLC,CO,80859661002140,100.0,,,,100.0
NNTC_WIRELESS__LLC,CO,80859661002141,100.0,,,,100.0
NNTC_WIRELESS__LLC,CO,80859661002142,100.0,,,,100.0
NNTC_WIRELESS__LLC,CO,80859661002143,100.0,,,,100.0
NNTC_WIRELESS__LLC,CO,80859661002144,100.0,,,,100.0
NNTC_WIRELESS__LLC,CO,80859661002145,100.0,,,,100.0
NNTC_WIRELESS__LLC,CO,80859661002146,100.0,,,,100.0
NNTC_WIRELESS__LLC,CO,80859661002147,91.768,,,,91.768
NNTC_WIRELESS__LLC,CO,80859661002148,100.0,,,,100.0
NNTC_WIRELESS__LLC,CO,80859661002149,100.0,,,,100.0
NNTC_WIRELESS__LLC,CO,80859661002150,100.0,,,,100.0
NNTC_WIRELESS__LLC,CO,80859661002151,100.0,,,,100.0
NNTC_WIRELESS__LLC,CO,80859661002152,100.0,,,,100.0
NNTC_WIRELESS__LLC,CO,80859661002153,100.0,,,,100.0
NNTC_WIRELESS__LLC,CO,80859661002154,100.0,,,,100.0
NNTC_WIRELESS__LLC,CO,80859661002155,100.0,,,,100.0
NNTC_WIRELESS__LLC,CO,80859661002156,100.0,,,,100.0
NNTC_WIRELESS__LLC,CO,80859661002157,100.0,,,,100.0
NNTC_WIRELESS__LLC,CO,80859661002158,100.0,,,,100.0
NNTC_WIRELESS__LLC,CO,80859661002159,100.0,,,,100.0
NNTC_WIRELESS__LLC,CO,80859661002160,100.0,,,,100.0
NNTC_WIRELESS__LLC,CO,80859661002161,100.0,,,,100.0
NNTC_WIRELESS__LLC,CO,80859661002162,100.0,,,,100.0
NNTC_WIRELESS__LLC,CO,80859661002163,100.0,,,,100.0
NNTC_WIRELESS__LLC,CO,80859661002164,100.0,,,,100.0
NNTC_WIRELESS__LLC,CO,80859661002165,100.0,,,,100.0
NNTC_WIRELESS__LLC,CO,80859661002166,100.0,,,,100.0
NNTC_WIRELESS__LLC,CO,80859661002167,100.0,,,,100.0
NNTC_WIRELESS__LLC,CO,80859661002168,100.0,,,,100.0
NNTC_WIRELESS__LLC,CO,80859661002169,100.0,,,,100.0
NNTC_WIRELESS__LLC,CO,80859661002170,100.0,,,,100.0
NNTC_WIRELESS__LLC,CO,80859661002171,100.0,,,,100.0
NNTC_WIRELESS__LLC,CO,80859661002172,100.0,,,,100.0
NNTC_WIRELESS__LLC,CO,80859661002173,100.0,,,,100.0
NNTC_WIRELESS__LLC,CO,80859661002174,100.0,,,,100.0
NNTC_WIRELESS__LLC,CO,80859661002175,100.0,,,,100.0
NNTC_WIRELESS__LLC,CO,80859661002176,100.0,,,,100.0
NNTC_WIRELESS__LLC,CO,80859661002177,100.0,,,,100.0
NNTC_WIRELESS__LLC,CO,80859661002178,100.0,,,,100.0
NNTC_WIRELESS__LLC,CO,80859661002179,100.0,,,,100.0
NNTC_WIRELESS__LLC,CO,80859661002180,100.0,,,,100.0
NNTC_WIRELESS__LLC,CO,80859661002181,100.0,,,,100.0
NNTC_WIRELESS__LLC,CO,80859661002182,100.0,,,,100.0
NNTC_WIRELESS__LLC,CO,80859661002183,100.0,,,,100.0
NNTC_WIRELESS__LLC,CO,80859661002184,100.0,,,,100.0
NNTC_WIRELESS__LLC,CO,80859661002185,100.0,,,,100.0
NNTC_WIRELESS__LLC,CO,80859661002186,99.999,,,,99.999
NNTC_WIRELESS__LLC,CO,80859661002187,100.0,,,,100.0
NNTC_WIRELESS__LLC,CO,80859661002188,100.0,,,,100.0
NNTC_WIRELESS__LLC,CO,80859661002189,100.0,,,,100.0
NNTC_WIRELESS__LLC,CO,80859661002190,100.0,,,,100.0
NNTC_WIRELESS__LLC,CO,80859661002191,100.0,,,,100.0
NNTC_WIRELESS__LLC,CO,80859661002192,100.0,,,,100.0
NNTC_WIRELESS__LLC,CO,80859661002193,100.0,,,,100.0
NNTC_WIRELESS__LLC,CO,80859661002194,100.0,,,,100.0
NNTC_WIRELESS__LLC,CO,80859661002195,100.0,,,,100.0
NNTC_WIRELESS__LLC,CO,80859661002196,100.0,,,,100.0
NNTC_WIRELESS__LLC,CO,80859661002197,100.0,,,,100.0
NNTC_WIRELESS__LLC,CO,80859661002198,100.0,,,,100.0
NNTC_WIRELESS__LLC,CO,80859661002199,100.0,,,,100.0
NNTC_WIRELESS__LLC,CO,80859661002200,100.0,,,,100.0
NNTC_WIRELESS__LLC,CO,80859661002201,100.0,,,,100.0
NNTC_WIRELESS__LLC,CO,80859661002202,100.0,,,,100.0
NNTC_WIRELESS__LLC,CO,80859661002203,100.0,,,,100.0
NNTC_WIRELESS__LLC,CO,80859661002204,100.0,,,,100.0
NNTC_WIRELESS__LLC,CO,80859661002205,100.0,,,,100.0
NNTC_WIRELESS__LLC,CO,80859661002206,100.0,,,,100.0
NNTC_WIRELESS__LLC,CO,80859661002207,100.0,,,,100.0
NNTC_WIRELESS__LLC,CO,80859661002208,100.0,,,,100.0
NNTC_WIRELESS__LLC,CO,80859661002209,100.0,,,,100.0
NNTC_WIRELESS__LLC,CO,80859661002210,100.0,,,,100.0
NNTC_WIRELESS__LLC,CO,80859661002211,100.0,,,,100.0
NNTC_WIRELESS__LLC,CO,80859661002212,100.0,,,,100.0
NNTC_WIRELESS__LLC,CO,80859661002213,100.0,,,,100.0
NNTC_WIRELESS__LLC,CO,80859661002214,100.0,,,,100.0
NNTC_WIRELESS__LLC,CO,80859661002215,100.0,,,,100.0
NNTC_WIRELESS__LLC,CO,80859661002216,100.0,,,,100.0
NNTC_WIRELESS__LLC,CO,80859661002217,100.0,,,,100.0
NNTC_WIRELESS__LLC,CO,80859661002218,100.0,,,,100.0
NNTC_WIRELESS__LLC,CO,80859661002219,100.0,,,,100.0
NNTC_WIRELESS__LLC,CO,80859661002220,100.0,,,,100.0
NNTC_WIRELESS__LLC,CO,80859661002221,100.0,,,,100.0
NNTC_WIRELESS__LLC,CO,80859661002222,100.0,,,,100.0
NNTC_WIRELESS__LLC,CO,80859661002223,100.0,,,,100.0
NNTC_WIRELESS__LLC,CO,80859661002224,100.0,,,,100.0
NNTC_WIRELESS__LLC,CO,80859661002225,100.0,,,,100.0
NNTC_WIRELESS__LLC,CO,80859661002226,100.0,,,,100.0
NNTC_WIRELESS__LLC,CO,80859661002227,100.0,,,,100.0
NNTC_WIRELESS__LLC,CO,80859661002228,100.0,,,,100.0
NNTC_WIRELESS__LLC,CO,80859661002229,100.0,,,,100.0
NNTC_WIRELESS__LLC,CO,80859661002230,100.0,,,,100.0
NNTC_WIRELESS__LLC,CO,80859661002231,100.0,,,,100.0
NNTC_WIRELESS__LLC,CO,80859661002232,100.0,,,,100.0
NNTC_WIRELESS__LLC,CO,80859661002233,100.0,,,,100.0
NNTC_WIRELESS__LLC,CO,80859661002234,100.0,,,,100.0
NNTC_WIRELESS__LLC,CO,80859661002235,100.0,,,,100.0
NNTC_WIRELESS__LLC,CO,80859661002236,100.0,,,,100.0
NNTC_WIRELESS__LLC,CO,80859661002237,100.0,,,,100.0
NNTC_WIRELESS__LLC,CO,80859661002238,100.0,,,,100.0
NNTC_WIRELESS__LLC,CO,80859661002239,100.0,,,,100.0
NNTC_WIRELESS__LLC,CO,80859661002240,100.0,,,,100.0
NNTC_WIRELESS__LLC,CO,80859661002241,100.0,,,,100.0
NNTC_WIRELESS__LLC,CO,80859661002242,100.0,,,,100.0
NNTC_WIRELESS__LLC,CO,80859661002243,100.0,,,,100.0
NNTC_WIRELESS__LLC,CO,80859661002244,100.0,,,,100.0
NNTC_WIRELESS__LLC,CO,80859661002245,100.0,,,,100.0
NNTC_WIRELESS__LLC,CO,80859661002246,100.0,,,,100.0
NNTC_WIRELESS__LLC,CO,80859661002247,100.0,,,,100.0
NNTC_WIRELESS__LLC,CO,80859661002248,100.0,,,,100.0
NNTC_WIRELESS__LLC,CO,80859661002249,100.0,,,,100.0
NNTC_WIRELESS__LLC,CO,80859661002250,100.0,,,,100.0
NNTC_WIRELESS__LLC,CO,80859661002251,100.0,,,,100.0
NNTC_WIRELESS__LLC,CO,80859661002252,100.0,,,,100.0
NNTC_WIRELESS__LLC,CO,80859661002253,100.0,,,,100.0
NNTC_WIRELESS__LLC,CO,80859661002254,100.0,,,,100.0
NNTC_WIRELESS__LLC,CO,80859661002255,100.0,,,,100.0
NNTC_WIRELESS__LLC,CO,80859661002256,100.0,,,,100.0
NNTC_WIRELESS__LLC,CO,80859661002257,100.0,,,,100.0
NNTC_WIRELESS__LLC,CO,80859661002258,100.0,,,,100.0
NNTC_WIRELESS__LLC,CO,80859661002259,100.0,,,,100.0
NNTC_WIRELESS__LLC,CO,80859661002260,100.0,,,,100.0
NNTC_WIRELESS__LLC,CO,80859661002261,100.0,,,,100.0
NNTC_WIRELESS__LLC,CO,80859661002262,100.0,,,,100.0
NNTC_WIRELESS__LLC,CO,80859661002263,100.0,,,,100.0
NNTC_WIRELESS__LLC,CO,80859661002264,100.0,,,,100.0
NNTC_WIRELESS__LLC,CO,80859661002265,100.0,,,,100.0
NNTC_WIRELESS__LLC,CO,80859661002266,100.0,,,,100.0
NNTC_WIRELESS__LLC,CO,80859661002267,100.0,,,,100.0
NNTC_WIRELESS__LLC,CO,80859661002268,100.0,,,,100.0
NNTC_WIRELESS__LLC,CO,80859661002269,100.0,,,,100.0
NNTC_WIRELESS__LLC,CO,80859661002270,100.0,,,,100.0
NNTC_WIRELESS__LLC,CO,80859661002271,100.0,,,,100.0
NNTC_WIRELESS__LLC,CO,80859661002272,100.0,,,,100.0
NNTC_WIRELESS__LLC,CO,80859661002273,100.0,,,,100.0
NNTC_WIRELESS__LLC,CO,80859661002274,100.0,,,,100.0
NNTC_WIRELESS__LLC,CO,80859661002275,100.0,,,,100.0
NNTC_WIRELESS__LLC,CO,80859661002276,100.0,,,,100.0
NNTC_WIRELESS__LLC,CO,80859661002277,100.0,,,,100.0
NNTC_WIRELESS__LLC,CO,80859661002278,100.0,,,,100.0
NNTC_WIRELESS__LLC,CO,80859661002279,100.0,,,,100.0
NNTC_WIRELESS__LLC,CO,80859661002280,100.0,,,,100.0
NNTC_WIRELESS__LLC,CO,80859661002281,100.0,,,,100.0
NNTC_WIRELESS__LLC,CO,80859661002282,100.0,,,,100.0
NNTC_WIRELESS__LLC,CO,80859661002283,100.0,,,,100.0
NNTC_WIRELESS__LLC,CO,80859661002284,100.0,,,,100.0
NNTC_WIRELESS__LLC,CO,80859661002285,100.0,,,,100.0
NNTC_WIRELESS__LLC,CO,80859661002286,100.0,,,,100.0
NNTC_WIRELESS__LLC,CO,80859661002287,100.0,,,,100.0
NNTC_WIRELESS__LLC,CO,80859661002288,100.0,,,,100.0
NNTC_WIRELESS__LLC,CO,80859661002289,100.0,,,,100.0
NNTC_WIRELESS__LLC,CO,80859661002290,100.0,,,,100.0
NNTC_WIRELESS__LLC,CO,80859661002291,100.0,,,,100.0
NNTC_WIRELESS__LLC,CO,80859661002292,100.0,,,,100.0
NNTC_WIRELESS__LLC,CO,80859661002293,100.0,,,,100.0
NNTC_WIRELESS__LLC,CO,80859661002294,96.607,,,,96.607
NNTC_WIRELESS__LLC,CO,80859661002295,36.324,,,,36.324
NNTC_WIRELESS__LLC,CO,80859661002296,100.0,,,,100.0
NNTC_WIRELESS__LLC,CO,80859661002297,100.0,,,,100.0
NNTC_WIRELESS__LLC,CO,80859661002298,100.0,,,,100.0
NNTC_WIRELESS__LLC,CO,80859661002299,100.0,,,,100.0
NNTC_WIRELESS__LLC,CO,80859661002300,100.0,,,,100.0
NNTC_WIRELESS__LLC,CO,80859661002301,100.0,,,,100.0
NNTC_WIRELESS__LLC,CO,80859661002302,100.0,,,,100.0
NNTC_WIRELESS__LLC,CO,80859661002303,100.001,,,,100.001
NNTC_WIRELESS__LLC,CO,80859661002304,100.0,,,,100.0
NNTC_WIRELESS__LLC,CO,80859661002305,100.0,,,,100.0
NNTC_WIRELESS__LLC,CO,80859661002306,100.0,,,,100.0
NNTC_WIRELESS__LLC,CO,80859661002307,100.0,,,,100.0
NNTC_WIRELESS__LLC,CO,80859661003000,17.62,,,,17.62
NNTC_WIRELESS__LLC,CO,80859661003009,100.0,,,,100.0
NNTC_WIRELESS__LLC,CO,80859661003013,33.796,,,,33.796
NNTC_WIRELESS__LLC,CO,80859661003014,99.703,,,,99.703
NNTC_WIRELESS__LLC,CO,80859661003015,100.0,,,,100.0
NNTC_WIRELESS__LLC,CO,80859661003016,100.0,,,,100.0
NNTC_WIRELESS__LLC,CO,80859661003017,100.0,,,,100.0
NNTC_WIRELESS__LLC,CO,80859661003018,100.0,,,,100.0
NNTC_WIRELESS__LLC,CO,80859661003019,100.0,,,,100.0
NNTC_WIRELESS__LLC,CO,80859661003020,100.0,,,,100.0
NNTC_WIRELESS__LLC,CO,80859661003021,100.0,,,,100.0
NNTC_WIRELESS__LLC,CO,80859661003022,100.0,,,,100.0
NNTC_WIRELESS__LLC,CO,80859661003023,100.0,,,,100.0
NNTC_WIRELESS__LLC,CO,80859661003024,100.0,,,,100.0
NNTC_WIRELESS__LLC,CO,80859661003025,100.0,,,,100.0
NNTC_WIRELESS__LLC,CO,80859661003026,100.0,,,,100.0
NNTC_WIRELESS__LLC,CO,80859661003027,100.0,,,,100.0
NNTC_WIRELESS__LLC,CO,80859661003028,100.0,,,,100.0
NNTC_WIRELESS__LLC,CO,80859661003029,100.0,,,,100.0
NNTC_WIRELESS__LLC,CO,80859661003030,100.0,,,,100.0
NNTC_WIRELESS__LLC,CO,80859661003031,100.0,,,,100.0
NNTC_WIRELESS__LLC,CO,80859661003032,100.0,,,,100.0
NNTC_WIRELESS__LLC,CO,80859661003033,100.0,,,,100.0
NNTC_WIRELESS__LLC,CO,80859661003034,100.0,,,,100.0
NNTC_WIRELESS__LLC,CO,80859661003035,100.0,,,,100.0
NNTC_WIRELESS__LLC,CO,80859661003036,100.0,,,,100.0
NNTC_WIRELESS__LLC,CO,80859661003037,100.0,,,,100.0
NNTC_WIRELESS__LLC,CO,80859661003038,100.0,,,,100.0
NNTC_WIRELESS__LLC,CO,80859661003039,100.0,,,,100.0
NNTC_WIRELESS__LLC,CO,80859661003040,100.0,,,,100.0
NNTC_WIRELESS__LLC,CO,80859661003041,100.0,,,,100.0
NNTC_WIRELESS__LLC,CO,80859661003042,100.0,,,,100.0
NNTC_WIRELESS__LLC,CO,80859661003043,100.0,,,,100.0
NNTC_WIRELESS__LLC,CO,80859661003044,100.0,,,,100.0
NNTC_WIRELESS__LLC,CO,80859661003045,100.0,,,,100.0
NNTC_WIRELESS__LLC,CO,80859661003046,100.0,,,,100.0
NNTC_WIRELESS__LLC,CO,80859661003047,100.0,,,,100.0
NNTC_WIRELESS__LLC,CO,80859661003048,100.0,,,,100.0
NNTC_WIRELESS__LLC,CO,80859661003049,100.0,,,,100.0
NNTC_WIRELESS__LLC,CO,80859661003050,100.0,,,,100.0
NNTC_WIRELESS__LLC,CO,80859661003051,100.0,,,,100.0
NNTC_WIRELESS__LLC,CO,80859661003052,100.0,,,,100.0
NNTC_WIRELESS__LLC,CO,80859661003053,100.0,,,,100.0
NNTC_WIRELESS__LLC,CO,80859661003054,100.0,,,,100.0
NNTC_WIRELESS__LLC,CO,80859661003055,100.0,,,,100.0
NNTC_WIRELESS__LLC,CO,80859661003056,100.0,,,,100.0
NNTC_WIRELESS__LLC,CO,80859661003057,100.0,,,,100.0
NNTC_WIRELESS__LLC,CO,80859661003058,100.0,,,,100.0
NNTC_WIRELESS__LLC,CO,80859661003059,100.0,,,,100.0
NNTC_WIRELESS__LLC,CO,80859661003060,100.0,,,,100.0
NNTC_WIRELESS__LLC,CO,80859661003061,100.0,,,,100.0
NNTC_WIRELESS__LLC,CO,80859661003062,100.0,,,,100.0
NNTC_WIRELESS__LLC,CO,80859661003063,100.0,,,,100.0
NNTC_WIRELESS__LLC,CO,80859661003064,100.0,,,,100.0
NNTC_WIRELESS__LLC,CO,80859661003065,100.0,,,,100.0
NNTC_WIRELESS__LLC,CO,80859661003066,100.0,,,,100.0
NNTC_WIRELESS__LLC,CO,80859661003067,100.0,,,,100.0
NNTC_WIRELESS__LLC,CO,80859661003068,100.0,,,,100.0
NNTC_WIRELESS__LLC,CO,80859661003069,100.0,,,,100.0
NNTC_WIRELESS__LLC,CO,80859661003070,100.0,,,,100.0
NNTC_WIRELESS__LLC,CO,80859661003071,100.0,,,,100.0
NNTC_WIRELESS__LLC,CO,80859661003072,100.0,,,,100.0
NNTC_WIRELESS__LLC,CO,80859661003073,100.0,,,,100.0
NNTC_WIRELESS__LLC,CO,80859661003074,100.0,,,,100.0
NNTC_WIRELESS__LLC,CO,80859661003075,100.0,,,,100.0
NNTC_WIRELESS__LLC,CO,80859661003076,100.0,,,,100.0
NNTC_WIRELESS__LLC,CO,80859661003077,49.375,,,,49.375
NNTC_WIRELESS__LLC,CO,80859661003079,81.247,,,,81.247
NNTC_WIRELESS__LLC,CO,80859661003080,100.0,,,,100.0
NNTC_WIRELESS__LLC,CO,80859661003081,100.0,,,,100.0
NNTC_WIRELESS__LLC,CO,80859661003082,100.0,,,,100.0
NNTC_WIRELESS__LLC,CO,80859661003083,100.0,,,,100.0
NNTC_WIRELESS__LLC,CO,80859661003118,100.0,,,,100.0
NNTC_WIRELESS__LLC,CO,80859661003119,100.0,,,,100.0
NNTC_WIRELESS__LLC,CO,80859661003120,100.0,,,,100.0
NNTC_WIRELESS__LLC,CO,80859661003121,100.0,,,,100.0
NNTC_WIRELESS__LLC,CO,80859661003122,100.0,,,,100.0
NNTC_WIRELESS__LLC,CO,80859661003123,100.0,,,,100.0
NNTC_WIRELESS__LLC,CO,80859661003124,100.0,,,,100.0
NNTC_WIRELESS__LLC,CO,80859661003125,100.0,,,,100.0
NNTC_WIRELESS__LLC,CO,80859661003126,100.0,,,,100.0
NNTC_WIRELESS__LLC,CO,80859661003127,100.0,,,,100.0
NNTC_WIRELESS__LLC,CO,80859661003128,100.0,,,,100.0
NNTC_WIRELESS__LLC,CO,80859661003129,100.0,,,,100.0
NNTC_WIRELESS__LLC,CO,80859661003130,100.0,,,,100.0
NNTC_WIRELESS__LLC,CO,80859661003131,100.0,,,,100.0
NNTC_WIRELESS__LLC,CO,80859661003132,100.0,,,,100.0
NNTC_WIRELESS__LLC,CO,80859661003133,100.0,,,,100.0
NNTC_WIRELESS__LLC,CO,80859661003134,100.0,,,,100.0
NNTC_WIRELESS__LLC,CO,80859661003135,100.0,,,,100.0
NNTC_WIRELESS__LLC,CO,80859661003136,100.0,,,,100.0
NNTC_WIRELESS__LLC,CO,80859661003137,100.0,,,,100.0
NNTC_WIRELESS__LLC,CO,80859661003138,100.0,,,,100.0
NNTC_WIRELESS__LLC,CO,80859661003139,100.0,,,,100.0
NNTC_WIRELESS__LLC,CO,80859661003140,100.0,,,,100.0
NNTC_WIRELESS__LLC,CO,80859661003141,100.0,,,,100.0
NNTC_WIRELESS__LLC,CO,80859661003142,100.0,,,,100.0
NNTC_WIRELESS__LLC,CO,80859661003143,100.0,,,,100.0
NNTC_WIRELESS__LLC,CO,80859661003144,100.0,,,,100.0
NNTC_WIRELESS__LLC,CO,80859661003145,100.0,,,,100.0
NNTC_WIRELESS__LLC,CO,80859661003146,100.0,,,,100.0
NNTC_WIRELESS__LLC,CO,80859661003147,100.0,,,,100.0
NNTC_WIRELESS__LLC,CO,80859661003148,100.0,,,,100.0
NNTC_WIRELESS__LLC,CO,80859661003149,100.0,,,,100.0
NNTC_WIRELESS__LLC,CO,80859661003150,100.0,,,,100.0
NNTC_WIRELESS__LLC,CO,80859661003151,100.0,,,,100.0
NNTC_WIRELESS__LLC,CO,80859661003152,100.0,,,,100.0
NNTC_WIRELESS__LLC,CO,80859661003153,100.0,,,,100.0
NNTC_WIRELESS__LLC,CO,80859661003154,100.0,,,,100.0
NNTC_WIRELESS__LLC,CO,80859661003155,100.0,,,,100.0
NNTC_WIRELESS__LLC,CO,80859661003156,100.0,,,,100.0
NNTC_WIRELESS__LLC,CO,80859661003157,100.0,,,,100.0
NNTC_WIRELESS__LLC,CO,80859661003158,100.0,,,,100.0
NNTC_WIRELESS__LLC,CO,80859661003159,100.0,,,,100.0
NNTC_WIRELESS__LLC,CO,80859661003160,99.663,,,,99.663
NNTC_WIRELESS__LLC,CO,80859661003162,69.834,,,,69.834
NNTC_WIRELESS__LLC,CO,80859661003163,100.0,,,,100.0
NNTC_WIRELESS__LLC,CO,80859661003164,100.0,,,,100.0
NNTC_WIRELESS__LLC,CO,80859661003165,100.0,,,,100.0
NNTC_WIRELESS__LLC,CO,80859661003166,100.0,,,,100.0
NNTC_WIRELESS__LLC,CO,80859661003167,100.0,,,,100.0
NNTC_WIRELESS__LLC,CO,80859661003168,100.0,,,,100.0
NNTC_WIRELESS__LLC,CO,80859661003169,100.0,,,,100.0
NNTC_WIRELESS__LLC,CO,80859661003170,100.0,,,,100.0
NNTC_WIRELESS__LLC,CO,80859661003171,100.0,,,,100.0
NNTC_WIRELESS__LLC,CO,80859662012079,44.711,,,,44.711
NNTC_WIRELESS__LLC,CO,80859662012083,20.216,,,,20.216
NNTC_WIRELESS__LLC,CO,80859662012157,100.0,,,,100.0
NNTC_WIRELESS__LLC,CO,80859662012158,80.218,,,,80.218
NNTC_WIRELESS__LLC,CO,80859662012159,61.9,,,,61.9
NNTC_WIRELESS__LLC,CO,80859662012160,100.0,,,,100.0
NNTC_WIRELESS__LLC,CO,80859662012161,100.0,,,,100.0
NNTC_WIRELESS__LLC,CO,80859662012162,100.0,,,,100.0
NNTC_WIRELESS__LLC,CO,80859662012163,100.0,,,,100.0
NNTC_WIRELESS__LLC,CO,80859662012164,54.827,,,,54.827
NNTC_WIRELESS__LLC,CO,80859662012165,58.63,,,,58.63
NNTC_WIRELESS__LLC,CO,80859662012167,100.0,,,,100.0
NNTC_WIRELESS__LLC,CO,80859662012168,54.524,,,,54.524
NNTC_WIRELESS__LLC,CO,80859662012170,100.0,,,,100.0
NNTC_WIRELESS__LLC,CO,80859662012173,100.0,,,,100.0
NNTC_WIRELESS__LLC,CO,80859662012174,100.0,,,,100.0
NNTC_WIRELESS__LLC,CO,80859662012175,94.299,,,,94.299
NNTC_WIRELESS__LLC,CO,80859662012176,93.934,,,,93.934
NNTC_WIRELESS__LLC,CO,80859662012177,95.866,,,,95.866
NNTC_WIRELESS__LLC,CO,80859662012178,94.262,,,,94.262
NNTC_WIRELESS__LLC,CO,80859662012179,93.442,,,,93.442
NNTC_WIRELESS__LLC,CO,80859662012180,100.0,,,,100.0
NNTC_WIRELESS__LLC,CO,80859662012181,99.636,,,,99.636
NNTC_WIRELESS__LLC,CO,80859662012182,99.038,,,,99.038
NNTC_WIRELESS__LLC,CO,80859662012183,100.0,,,,100.0
NNTC_WIRELESS__LLC,CO,80859662012184,52.895,,,,52.895
NNTC_WIRELESS__LLC,CO,80859662012185,100.0,,,,100.0
NNTC_WIRELESS__LLC,CO,80859662012186,85.041,,,,85.041
NNTC_WIRELESS__LLC,CO,80859662012187,97.114,,,,97.114
NNTC_WIRELESS__LLC,CO,80859662012188,88.454,,,,88.454
NNTC_WIRELESS__LLC,CO,80859662012189,100.0,,,,100.0
NNTC_WIRELESS__LLC,CO,80859662012190,100.0,,,,100.0
NNTC_WIRELESS__LLC,CO,80859662012191,100.0,,,,100.0
NNTC_WIRELESS__LLC,CO,80859662012192,100.0,,,,100.0
NNTC_WIRELESS__LLC,CO,80859662012193,100.0,,,,100.0
NNTC_WIRELESS__LLC,CO,80859662012194,100.0,,,,100.0
NNTC_WIRELESS__LLC,CO,80859662012195,100.001,,,,100.001
NNTC_WIRELESS__LLC,CO,80859662012196,100.0,,,,100.0
NNTC_WIRELESS__LLC,CO,80859662012197,100.0,,,,100.0
NNTC_WIRELESS__LLC,CO,80859662012200,100.0,,,,100.0
NNTC_WIRELESS__LLC,CO,81139682001006,15.625,,,,15.625
NNTC_WIRELESS__LLC,CO,81139682001007,76.489,,,,76.489
NNTC_WIRELESS__LLC,CO,81139682001008,47.449,,,,47.449
NNTC_WIRELESS__LLC,CO,81139682001010,100.0,,,,100.0
NNTC_WIRELESS__LLC,CO,81139682001011,100.0,,,,100.0
NNTC_WIRELESS__LLC,CO,81139682001012,100.0,,,,100.0
NNTC_WIRELESS__LLC,CO,81139682001013,100.0,,,,100.0
NNTC_WIRELESS__LLC,CO,81139682001014,100.0,,,,100.0
NNTC_WIRELESS__LLC,CO,81139682001015,100.0,,,,100.0
NNTC_WIRELESS__LLC,CO,81139682001016,100.0,,,,100.0
NNTC_WIRELESS__LLC,CO,81139682001017,100.0,,,,100.0
NNTC_WIRELESS__LLC,CO,81139682001018,100.0,,,,100.0
NNTC_WIRELESS__LLC,CO,81139682001019,100.0,,,,100.0
NNTC_WIRELESS__LLC,CO,81139682001020,100.0,,,,100.0
NNTC_WIRELESS__LLC,CO,81139682001021,100.0,,,,100.0
NNTC_WIRELESS__LLC,CO,81139682001022,100.0,,,,100.0
NNTC_WIRELESS__LLC,CO,81139682001023,100.0,,,,100.0
NNTC_WIRELESS__LLC,CO,81139682001024,100.0,,,,100.0
NNTC_WIRELESS__LLC,CO,81139682001025,100.0,,,,100.0
NNTC_WIRELESS__LLC,CO,81139682001026,100.0,,,,100.0
NNTC_WIRELESS__LLC,CO,81139682001027,100.0,,,,100.0
NNTC_WIRELESS__LLC,CO,81139682001028,100.0,,,,100.0
NNTC_WIRELESS__LLC,CO,81139682001029,100.0,,,,100.0
NNTC_WIRELESS__LLC,CO,81139682001030,100.0,,,,100.0
NNTC_WIRELESS__LLC,CO,81139682001031,100.0,,,,100.0
NNTC_WIRELESS__LLC,CO,81139682001032,100.0,,,,100.0
NNTC_WIRELESS__LLC,CO,81139682001033,100.0,,,,100.0
NNTC_WIRELESS__LLC,CO,81139682001034,100.0,,,,100.0
NNTC_WIRELESS__LLC,CO,81139682001035,100.0,,,,100.0
NNTC_WIRELESS__LLC,CO,81139682001036,100.0,,,,100.0
NNTC_WIRELESS__LLC,CO,81139682001037,100.0,,,,100.0
NNTC_WIRELESS__LLC,CO,81139682001038,100.0,,,,100.0
NNTC_WIRELESS__LLC,CO,81139682001039,100.0,,,,100.0
NNTC_WIRELESS__LLC,CO,81139682001040,100.0,,,,100.0
NNTC_WIRELESS__LLC,CO,81139682001041,100.0,,,,100.0
NNTC_WIRELESS__LLC,CO,81139682001042,100.0,,,,100.0
NNTC_WIRELESS__LLC,CO,81139682001043,100.0,,,,100.0
NNTC_WIRELESS__LLC,CO,81139682001044,100.0,,,,100.0
NNTC_WIRELESS__LLC,CO,81139682001045,100.0,,,,100.0
NNTC_WIRELESS__LLC,CO,81139682001046,100.0,,,,100.0
NNTC_WIRELESS__LLC,CO,81139682001047,100.0,,,,100.0
NNTC_WIRELESS__LLC,CO,81139682001048,100.0,,,,100.0
NNTC_WIRELESS__LLC,CO,81139682001049,100.0,,,,100.0
NNTC_WIRELESS__LLC,CO,81139682001050,100.0,,,,100.0
NNTC_WIRELESS__LLC,CO,81139682001051,100.0,,,,100.0
NNTC_WIRELESS__LLC,CO,81139682001052,100.0,,,,100.0
NNTC_WIRELESS__LLC,CO,81139682001053,100.0,,,,100.0
NNTC_WIRELESS__LLC,CO,81139682001054,100.0,,,,100.0
NNTC_WIRELESS__LLC,CO,81139682001055,100.0,,,,100.0
NNTC_WIRELESS__LLC,CO,81139682001056,100.0,,,,100.0
NNTC_WIRELESS__LLC,CO,81139682001057,100.0,,,,100.0
NNTC_WIRELESS__LLC,CO,81139682001058,100.0,,,,100.0
NNTC_WIRELESS__LLC,CO,81139682001059,100.0,,,,100.0
NNTC_WIRELESS__LLC,CO,81139682001060,100.0,,,,100.0
NNTC_WIRELESS__LLC,CO,81139682001061,100.0,,,,100.0
NNTC_WIRELESS__LLC,CO,81139682001062,100.0,,,,100.0
NNTC_WIRELESS__LLC,CO,81139682001063,100.0,,,,100.0
NNTC_WIRELESS__LLC,CO,81139682001064,100.0,,,,100.0
NNTC_WIRELESS__LLC,CO,81139682001065,100.0,,,,100.0
NNTC_WIRELESS__LLC,CO,81139682001066,100.0,,,,100.0
NNTC_WIRELESS__LLC,CO,81139682001067,100.0,,,,100.0
NNTC_WIRELESS__LLC,CO,81139682001068,100.0,,,,100.0
NNTC_WIRELESS__LLC,CO,81139682001069,100.0,,,,100.0
NNTC_WIRELESS__LLC,CO,81139682001070,100.0,,,,100.0
NNTC_WIRELESS__LLC,CO,81139682001071,100.0,,,,100.0
NNTC_WIRELESS__LLC,CO,81139682001072,100.0,,,,100.0
NNTC_WIRELESS__LLC,CO,81139682001073,100.0,,,,100.0
NNTC_WIRELESS__LLC,CO,81139682001074,100.0,,,,100.0
NNTC_WIRELESS__LLC,CO,81139682001075,100.0,,,,100.0
NNTC_WIRELESS__LLC,CO,81139682001076,100.0,,,,100.0
NNTC_WIRELESS__LLC,CO,81139682001077,100.0,,,,100.0
NNTC_WIRELESS__LLC,CO,81139682001078,100.0,,,,100.0
NNTC_WIRELESS__LLC,CO,81139682001079,100.0,,,,100.0
NNTC_WIRELESS__LLC,CO,81139682001080,100.0,,,,100.0
NNTC_WIRELESS__LLC,CO,81139682001081,100.0,,,,100.0
NNTC_WIRELESS__LLC,CO,81139682001082,100.0,,,,100.0
NNTC_WIRELESS__LLC,CO,81139682001083,100.0,,,,100.0
NNTC_WIRELESS__LLC,CO,81139682001084,100.0,,,,100.0
NNTC_WIRELESS__LLC,CO,81139682001085,100.0,,,,100.0
NNTC_WIRELESS__LLC,CO,81139682001086,100.0,,,,100.0
NNTC_WIRELESS__LLC,CO,81139682001087,100.0,,,,100.0
NNTC_WIRELESS__LLC,CO,81139682001088,100.0,,,,100.0
NNTC_WIRELESS__LLC,CO,81139682001089,100.0,,,,100.0
NNTC_WIRELESS__LLC,CO,81139682001090,100.0,,,,100.0
NNTC_WIRELESS__LLC,CO,81139682001091,100.0,,,,100.0
NNTC_WIRELESS__LLC,CO,81139682001092,100.0,,,,100.0
NNTC_WIRELESS__LLC,CO,81139682001093,100.0,,,,100.0
NNTC_WIRELESS__LLC,CO,81139682001094,100.0,,,,100.0
NNTC_WIRELESS__LLC,CO,81139682001095,100.0,,,,100.0
NNTC_WIRELESS__LLC,CO,81139682001096,100.0,,,,100.0
NNTC_WIRELESS__LLC,CO,81139682001097,100.0,,,,100.0
NNTC_WIRELESS__LLC,CO,81139682001098,100.0,,,,100.0
NNTC_WIRELESS__LLC,CO,81139682001099,100.0,,,,100.0
NNTC_WIRELESS__LLC,CO,81139682001100,100.0,,,,100.0
NNTC_WIRELESS__LLC,CO,81139682001101,100.0,,,,100.0
NNTC_WIRELESS__LLC,CO,81139682001102,100.0,,,,100.0
NNTC_WIRELESS__LLC,CO,81139682001103,100.0,,,,100.0
NNTC_WIRELESS__LLC,CO,81139682001104,100.0,,,,100.0
NNTC_WIRELESS__LLC,CO,81139682001105,100.0,,,,100.0
NNTC_WIRELESS__LLC,CO,81139682001106,100.0,,,,100.0
NNTC_WIRELESS__LLC,CO,81139682001107,100.0,,,,100.0
NNTC_WIRELESS__LLC,CO,81139682001108,100.0,,,,100.0
NNTC_WIRELESS__LLC,CO,81139682001109,100.0,,,,100.0
NNTC_WIRELESS__LLC,CO,81139682001110,100.0,,,,100.0
NNTC_WIRELESS__LLC,CO,81139682001111,100.0,,,,100.0
NNTC_WIRELESS__LLC,CO,81139682001112,100.0,,,,100.0
NNTC_WIRELESS__LLC,CO,81139682001113,100.0,,,,100.0
NNTC_WIRELESS__LLC,CO,81139682001114,100.0,,,,100.0
NNTC_WIRELESS__LLC,CO,81139682001115,100.0,,,,100.0
NNTC_WIRELESS__LLC,CO,81139682001116,99.936,,,,99.936
NNTC_WIRELESS__LLC,CO,81139682001117,99.306,,,,99.306
NNTC_WIRELESS__LLC,CO,81139682001118,100.0,,,,100.0
NNTC_WIRELESS__LLC,CO,81139682001119,99.92,,,,99.92
NNTC_WIRELESS__LLC,CO,81139682001120,100.0,,,,100.0
NNTC_WIRELESS__LLC,CO,81139682001121,100.0,,,,100.0
NNTC_WIRELESS__LLC,CO,81139682001122,100.0,,,,100.0
NNTC_WIRELESS__LLC,CO,81139682001123,100.0,,,,100.0
NNTC_WIRELESS__LLC,CO,81139682001124,100.0,,,,100.0
NNTC_WIRELESS__LLC,CO,81139682001125,100.0,,,,100.0
NNTC_WIRELESS__LLC,CO,81139682001126,100.0,,,,100.0
NNTC_WIRELESS__LLC,CO,81139682001127,100.0,,,,100.0
NNTC_WIRELESS__LLC,CO,81139682001128,100.0,,,,100.0
NNTC_WIRELESS__LLC,CO,81139682001129,100.0,,,,100.0
NNTC_WIRELESS__LLC,CO,81139682001130,100.0,,,,100.0
NNTC_WIRELESS__LLC,CO,81139682001131,100.0,,,,100.0
NNTC_WIRELESS__LLC,CO,81139682001132,100.0,,,,100.0
NNTC_WIRELESS__LLC,CO,81139682001133,100.0,,,,100.0
NNTC_WIRELESS__LLC,CO,81139682001134,100.0,,,,100.0
NNTC_WIRELESS__LLC,CO,81139682001135,100.0,,,,100.0
NNTC_WIRELESS__LLC,CO,81139682001136,100.0,,,,100.0
NNTC_WIRELESS__LLC,CO,81139682001137,100.0,,,,100.0
NNTC_WIRELESS__LLC,CO,81139682001138,100.0,,,,100.0
NNTC_WIRELESS__LLC,CO,81139682001139,100.0,,,,100.0
NNTC_WIRELESS__LLC,CO,81139682001140,100.0,,,,100.0
NNTC_WIRELESS__LLC,CO,81139682001141,100.0,,,,100.0
NNTC_WIRELESS__LLC,CO,81139682001142,100.0,,,,100.0
NNTC_WIRELESS__LLC,CO,81139682001143,100.0,,,,100.0
NNTC_WIRELESS__LLC,CO,81139682001144,100.0,,,,100.0
NNTC_WIRELESS__LLC,CO,81139682001145,100.001,,,,100.001
NNTC_WIRELESS__LLC,CO,81139682001146,100.0,,,,100.0
NNTC_WIRELESS__LLC,CO,81139682001147,100.0,,,,100.0
NNTC_WIRELESS__LLC,CO,81139682001148,100.0,,,,100.0
NNTC_WIRELESS__LLC,CO,81139682001149,100.0,,,,100.0
NNTC_WIRELESS__LLC,CO,81139682001150,100.0,,,,100.0
NNTC_WIRELESS__LLC,CO,81139682001151,100.0,,,,100.0
NNTC_WIRELESS__LLC,CO,81139682001152,100.0,,,,100.0
NNTC_WIRELESS__LLC,CO,81139682001153,100.0,,,,100.0
NNTC_WIRELESS__LLC,CO,81139682001154,100.0,,,,100.0
NNTC_WIRELESS__LLC,CO,81139682001155,100.0,,,,100.0
NNTC_WIRELESS__LLC,CO,81139682001156,100.0,,,,100.0
NNTC_WIRELESS__LLC,CO,81139682001157,100.0,,,,100.0
NNTC_WIRELESS__LLC,CO,81139682001158,100.0,,,,100.0
NNTC_WIRELESS__LLC,CO,81139682001159,100.0,,,,100.0
NNTC_WIRELESS__LLC,CO,81139682001160,100.0,,,,100.0
NNTC_WIRELESS__LLC,CO,81139682001161,100.0,,,,100.0
NNTC_WIRELESS__LLC,CO,81139682001162,100.0,,,,100.0
NNTC_WIRELESS__LLC,CO,81139682001163,100.0,,,,100.0
NNTC_WIRELESS__LLC,CO,81139682001164,100.0,,,,100.0
NNTC_WIRELESS__LLC,CO,81139682001165,100.0,,,,100.0
NNTC_WIRELESS__LLC,CO,81139682001166,100.0,,,,100.0
NNTC_WIRELESS__LLC,CO,81139682001167,100.0,,,,100.0
NNTC_WIRELESS__LLC,CO,81139682001168,100.0,,,,100.0
NNTC_WIRELESS__LLC,CO,81139682001169,100.0,,,,100.0
NNTC_WIRELESS__LLC,CO,81139682001170,100.0,,,,100.0
NNTC_WIRELESS__LLC,CO,81139682001171,100.0,,,,100.0
NNTC_WIRELESS__LLC,CO,81139682001172,100.0,,,,100.0
NNTC_WIRELESS__LLC,CO,81139682001173,100.0,,,,100.0
NNTC_WIRELESS__LLC,CO,81139682001174,100.0,,,,100.0
NNTC_WIRELESS__LLC,CO,81139682001175,100.0,,,,100.0
NNTC_WIRELESS__LLC,CO,81139682001176,100.0,,,,100.0
NNTC_WIRELESS__LLC,CO,81139682001177,100.0,,,,100.0
NNTC_WIRELESS__LLC,CO,81139682001178,100.0,,,,100.0
NNTC_WIRELESS__LLC,CO,81139682001179,100.0,,,,100.0
NNTC_WIRELESS__LLC,CO,81139682001180,100.0,,,,100.0
NNTC_WIRELESS__LLC,CO,81139682001181,100.0,,,,100.0
NNTC_WIRELESS__LLC,CO,81139682001182,100.0,,,,100.0
NNTC_WIRELESS__LLC,CO,81139682001183,100.0,,,,100.0
NNTC_WIRELESS__LLC,CO,81139682001184,100.0,,,,100.0
NNTC_WIRELESS__LLC,CO,81139682001185,100.0,,,,100.0
NNTC_WIRELESS__LLC,CO,81139682001186,100.0,,,,100.0
NNTC_WIRELESS__LLC,CO,81139682001187,100.0,,,,100.0
NNTC_WIRELESS__LLC,CO,81139682001188,100.0,,,,100.0
NNTC_WIRELESS__LLC,CO,81139682001189,100.0,,,,100.0
NNTC_WIRELESS__LLC,CO,81139682001190,100.0,,,,100.0
NNTC_WIRELESS__LLC,CO,81139682001191,100.0,,,,100.0
NNTC_WIRELESS__LLC,CO,81139682001192,100.0,,,,100.0
NNTC_WIRELESS__LLC,CO,81139682001193,100.0,,,,100.0
NNTC_WIRELESS__LLC,CO,81139682001194,100.0,,,,100.0
NNTC_WIRELESS__LLC,CO,81139682001195,100.0,,,,100.0
NNTC_WIRELESS__LLC,CO,81139682001196,100.0,,,,100.0
NNTC_WIRELESS__LLC,CO,81139682001197,100.0,,,,100.0
NNTC_WIRELESS__LLC,CO,81139682001198,100.0,,,,100.0
NNTC_WIRELESS__LLC,CO,81139682001199,100.0,,,,100.0
NNTC_WIRELESS__LLC,CO,81139682001200,100.0,,,,100.0
NNTC_WIRELESS__LLC,CO,81139682001201,100.0,,,,100.0
NNTC_WIRELESS__LLC,CO,81139682001202,100.0,,,,100.0
NNTC_WIRELESS__LLC,CO,81139682001203,100.0,,,,100.0
NNTC_WIRELESS__LLC,CO,81139682001204,100.0,,,,100.0
NNTC_WIRELESS__LLC,CO,81139682001205,100.0,,,,100.0
NNTC_WIRELESS__LLC,CO,81139682001206,100.0,,,,100.0
NNTC_WIRELESS__LLC,CO,81139682001207,100.0,,,,100.0
NNTC_WIRELESS__LLC,CO,81139682001208,100.0,,,,100.0
NNTC_WIRELESS__LLC,CO,81139682001209,100.0,,,,100.0
NNTC_WIRELESS__LLC,CO,81139682001210,100.0,,,,100.0
NNTC_WIRELESS__LLC,CO,81139682001211,100.0,,,,100.0
NNTC_WIRELESS__LLC,CO,81139682001212,100.0,,,,100.0
NNTC_WIRELESS__LLC,CO,81139682001213,100.0,,,,100.0
NNTC_WIRELESS__LLC,CO,81139682001214,100.0,,,,100.0
NNTC_WIRELESS__LLC,CO,81139682001215,100.0,,,,100.0
NNTC_WIRELESS__LLC,CO,81139682001216,100.0,,,,100.0
NNTC_WIRELESS__LLC,CO,81139682001217,100.0,,,,100.0
NNTC_WIRELESS__LLC,CO,81139682001218,100.0,,,,100.0
NNTC_WIRELESS__LLC,CO,81139682001219,100.0,,,,100.0
NNTC_WIRELESS__LLC,CO,81139682001220,100.0,,,,100.0
NNTC_WIRELESS__LLC,CO,81139682001221,100.0,,,,100.0
NNTC_WIRELESS__LLC,CO,81139682001222,100.0,,,,100.0
NNTC_WIRELESS__LLC,CO,81139682001223,100.0,,,,100.0
NNTC_WIRELESS__LLC,CO,81139682001224,100.0,,,,100.0
NNTC_WIRELESS__LLC,CO,81139682001225,100.0,,,,100.0
NNTC_WIRELESS__LLC,CO,81139682001226,100.0,,,,100.0
NNTC_WIRELESS__LLC,CO,81139682001227,100.0,,,,100.0
NNTC_WIRELESS__LLC,CO,81139682001228,100.0,,,,100.0
NNTC_WIRELESS__LLC,CO,81139682001229,100.0,,,,100.0
NNTC_WIRELESS__LLC,CO,81139682001230,100.0,,,,100.0
NNTC_WIRELESS__LLC,CO,81139682001231,100.0,,,,100.0
NNTC_WIRELESS__LLC,CO,81139682001232,100.0,,,,100.0
NNTC_WIRELESS__LLC,CO,81139682001233,100.0,,,,100.0
NNTC_WIRELESS__LLC,CO,81139682001234,100.0,,,,100.0
NNTC_WIRELESS__LLC,CO,81139682001235,99.919,,,,99.919
NNTC_WIRELESS__LLC,CO,81139682001236,100.0,,,,100.0
NNTC_WIRELESS__LLC,CO,81139682001237,100.0,,,,100.0
NNTC_WIRELESS__LLC,CO,81139682001238,100.0,,,,100.0
NNTC_WIRELESS__LLC,CO,81139682001239,100.0,,,,100.0
NNTC_WIRELESS__LLC,CO,81139682001240,100.0,,,,100.0
NNTC_WIRELESS__LLC,CO,81139682001241,100.0,,,,100.0
NNTC_WIRELESS__LLC,CO,81139682001242,100.0,,,,100.0
NNTC_WIRELESS__LLC,CO,81139682001243,100.0,,,,100.0
NNTC_WIRELESS__LLC,CO,81139682001244,100.0,,,,100.0
NNTC_WIRELESS__LLC,CO,81139682001245,100.0,,,,100.0
NNTC_WIRELESS__LLC,CO,81139682001246,100.0,,,,100.0
NNTC_WIRELESS__LLC,CO,81139682001247,100.0,,,,100.0
NNTC_WIRELESS__LLC,CO,81139682001248,100.0,,,,100.0
NNTC_WIRELESS__LLC,CO,81139682001249,100.0,,,,100.0
NNTC_WIRELESS__LLC,CO,81139682001250,100.0,,,,100.0
NNTC_WIRELESS__LLC,CO,81139682001251,100.0,,,,100.0
NNTC_WIRELESS__LLC,CO,81139682001252,100.0,,,,100.0
NNTC_WIRELESS__LLC,CO,81139682001253,100.0,,,,100.0
NNTC_WIRELESS__LLC,CO,81139682001254,100.0,,,,100.0
NNTC_WIRELESS__LLC,CO,81139682001255,100.0,,,,100.0
NNTC_WIRELESS__LLC,CO,81139682001256,100.0,,,,100.0
NNTC_WIRELESS__LLC,CO,81139682001257,100.0,,,,100.0
NNTC_WIRELESS__LLC,CO,81139682001258,100.0,,,,100.0
NNTC_WIRELESS__LLC,CO,81139682001259,100.0,,,,100.0
NNTC_WIRELESS__LLC,CO,81139682001260,100.0,,,,100.0
NNTC_WIRELESS__LLC,CO,81139682001261,100.0,,,,100.0
NNTC_WIRELESS__LLC,CO,81139682001262,100.0,,,,100.0
NNTC_WIRELESS__LLC,CO,81139682001263,100.0,,,,100.0
NNTC_WIRELESS__LLC,CO,81139682001264,100.0,,,,100.0
NNTC_WIRELESS__LLC,CO,81139682001265,100.0,,,,100.0
NNTC_WIRELESS__LLC,CO,81139682001266,100.0,,,,100.0
NNTC_WIRELESS__LLC,CO,81139682001267,100.0,,,,100.0
NNTC_WIRELESS__LLC,CO,81139682001268,100.0,,,,100.0
NNTC_WIRELESS__LLC,CO,81139682001269,100.0,,,,100.0
NNTC_WIRELESS__LLC,CO,81139682001270,100.0,,,,100.0
NNTC_WIRELESS__LLC,CO,81139682001271,100.0,,,,100.0
NNTC_WIRELESS__LLC,CO,81139682001272,100.0,,,,100.0
NNTC_WIRELESS__LLC,CO,81139682001273,100.0,,,,100.0
NNTC_WIRELESS__LLC,CO,81139682001274,100.0,,,,100.0
NNTC_WIRELESS__LLC,CO,81139682001275,100.0,,,,100.0
NNTC_WIRELESS__LLC,CO,81139682001276,100.0,,,,100.0
NNTC_WIRELESS__LLC,CO,81139682001277,100.0,,,,100.0
NNTC_WIRELESS__LLC,CO,81139682001278,100.0,,,,100.0
NNTC_WIRELESS__LLC,CO,81139682001279,100.0,,,,100.0
NNTC_WIRELESS__LLC,CO,81139682001280,100.0,,,,100.0
NNTC_WIRELESS__LLC,CO,81139682001281,100.0,,,,100.0
NNTC_WIRELESS__LLC,CO,81139682001282,100.0,,,,100.0
NNTC_WIRELESS__LLC,CO,81139682001283,100.0,,,,100.0
NNTC_WIRELESS__LLC,CO,81139682001284,100.0,,,,100.0
NNTC_WIRELESS__LLC,CO,81139682001285,100.0,,,,100.0
NNTC_WIRELESS__LLC,CO,81139682001286,100.0,,,,100.0
NNTC_WIRELESS__LLC,CO,81139682001287,100.0,,,,100.0
NNTC_WIRELESS__LLC,CO,81139682001288,100.0,,,,100.0
NNTC_WIRELESS__LLC,CO,81139682001289,100.0,,,,100.0
NNTC_WIRELESS__LLC,CO,81139682001290,100.0,,,,100.0
NNTC_WIRELESS__LLC,CO,81139682001291,100.0,,,,100.0
NNTC_WIRELESS__LLC,CO,81139682001292,100.0,,,,100.0
NNTC_WIRELESS__LLC,CO,81139682001293,100.0,,,,100.0
NNTC_WIRELESS__LLC,CO,81139682001294,100.0,,,,100.0
NNTC_WIRELESS__LLC,CO,81139682001295,100.0,,,,100.0
NNTC_WIRELESS__LLC,CO,81139682001296,100.0,,,,100.0
NNTC_WIRELESS__LLC,CO,81139682001297,100.0,,,,100.0
NNTC_WIRELESS__LLC,CO,81139682001298,100.0,,,,100.0
NNTC_WIRELESS__LLC,CO,81139682001299,100.0,,,,100.0
NNTC_WIRELESS__LLC,CO,81139682001300,100.0,,,,100.0
NNTC_WIRELESS__LLC,CO,81139682001301,100.0,,,,100.0
NNTC_WIRELESS__LLC,CO,81139682001302,90.609,,,,90.609
NNTC_WIRELESS__LLC,CO,81139682001303,100.0,,,,100.0
NNTC_WIRELESS__LLC,CO,81139682001304,100.0,,,,100.0
NNTC_WIRELESS__LLC,CO,81139682001305,100.0,,,,100.0
NNTC_WIRELESS__LLC,CO,81139682001306,68.692,,,,68.692
NNTC_WIRELESS__LLC,CO,81139682001309,100.0,,,,100.0
NNTC_WIRELESS__LLC,CO,81139682001310,100.0,,,,100.0
NNTC_WIRELESS__LLC,CO,81139682001311,100.0,,,,100.0
NNTC_WIRELESS__LLC,CO,81139682001312,100.0,,,,100.0
NNTC_WIRELESS__LLC,CO,81139682001313,100.0,,,,100.0
NNTC_WIRELESS__LLC,CO,81139682001314,100.0,,,,100.0
NNTC_WIRELESS__LLC,CO,81139682001315,100.0,,,,100.0
NNTC_WIRELESS__LLC,CO,81139682001316,99.663,,,,99.663
NNTC_WIRELESS__LLC,CO,81139682001317,100.0,,,,100.0
NNTC_WIRELESS__LLC,CO,81139682001318,100.0,,,,100.0
NNTC_WIRELESS__LLC,CO,81139682001319,100.0,,,,100.0
NNTC_WIRELESS__LLC,CO,81139682001320,100.0,,,,100.0
NNTC_WIRELESS__LLC,CO,81139682001321,100.0,,,,100.0
NNTC_WIRELESS__LLC,CO,81139682001322,100.0,,,,100.0
NNTC_WIRELESS__LLC,CO,81139682001323,100.0,,,,100.0
NNTC_WIRELESS__LLC,CO,81139682001324,100.0,,,,100.0
NNTC_WIRELESS__LLC,CO,81139682001325,100.0,,,,100.0
NNTC_WIRELESS__LLC,CO,81139682001326,100.0,,,,100.0
NNTC_WIRELESS__LLC,CO,81139682001327,100.0,,,,100.0
NNTC_WIRELESS__LLC,CO,81139682001328,100.0,,,,100.0
NNTC_WIRELESS__LLC,CO,81139682001329,100.0,,,,100.0
NNTC_WIRELESS__LLC,CO,81139682001330,100.0,,,,100.0
NNTC_WIRELESS__LLC,CO,81139682001331,100.0,,,,100.0
NNTC_WIRELESS__LLC,CO,81139682001332,100.0,,,,100.0
NNTC_WIRELESS__LLC,CO,81139682001333,100.0,,,,100.0
NNTC_WIRELESS__LLC,CO,81139682001334,100.0,,,,100.0
NNTC_WIRELESS__LLC,CO,81139682001335,100.0,,,,100.0
NNTC_WIRELESS__LLC,CO,81139682001336,100.0,,,,100.0
NNTC_WIRELESS__LLC,CO,81139682001337,100.0,,,,100.0
NNTC_WIRELESS__LLC,CO,81139682001338,100.0,,,,100.0
NNTC_WIRELESS__LLC,CO,81139682001339,100.0,,,,100.0
NNTC_WIRELESS__LLC,CO,81139682001340,100.0,,,,100.0
NNTC_WIRELESS__LLC,CO,81139682001341,100.0,,,,100.0
NNTC_WIRELESS__LLC,CO,81139682001342,100.0,,,,100.0
NNTC_WIRELESS__LLC,CO,81139682001343,100.0,,,,100.0
NNTC_WIRELESS__LLC,CO,81139682001344,100.0,,,,100.0
NNTC_WIRELESS__LLC,CO,81139682001345,98.735,,,,98.735
NNTC_WIRELESS__LLC,CO,81139682001346,100.0,,,,100.0
NNTC_WIRELESS__LLC,CO,81139682001347,100.0,,,,100.0
NNTC_WIRELESS__LLC,CO,81139682001348,99.958,,,,99.958
NNTC_WIRELESS__LLC,CO,81139682001349,97.555,,,,97.555
NNTC_WIRELESS__LLC,CO,81139682001350,100.0,,,,100.0
NNTC_WIRELESS__LLC,CO,81139682001351,100.0,,,,100.0
NNTC_WIRELESS__LLC,CO,81139682001352,100.0,,,,100.0
NNTC_WIRELESS__LLC,CO,81139682001353,100.0,,,,100.0
NNTC_WIRELESS__LLC,CO,81139682001354,100.0,,,,100.0
NNTC_WIRELESS__LLC,CO,81139682001355,100.0,,,,100.0
NNTC_WIRELESS__LLC,CO,81139682001356,100.0,,,,100.0
NNTC_WIRELESS__LLC,CO,81139682001357,99.405,,,,99.405
NNTC_WIRELESS__LLC,CO,81139682001358,100.0,,,,100.0
NNTC_WIRELESS__LLC,CO,81139682001359,99.557,,,,99.557
NNTC_WIRELESS__LLC,CO,81139682001360,100.0,,,,100.0
NNTC_WIRELESS__LLC,CO,81139682001361,100.0,,,,100.0
NNTC_WIRELESS__LLC,CO,81139682001362,100.0,,,,100.0
NNTC_WIRELESS__LLC,CO,81139682001363,100.0,,,,100.0
NNTC_WIRELESS__LLC,CO,81139682001364,100.0,,,,100.0
NNTC_WIRELESS__LLC,CO,81139682001365,100.0,,,,100.0
NNTC_WIRELESS__LLC,CO,81139682001366,100.0,,,,100.0
NNTC_WIRELESS__LLC,CO,81139682001367,100.0,,,,100.0
NNTC_WIRELESS__LLC,CO,81139682001368,100.0,,,,100.0
NNTC_WIRELESS__LLC,CO,81139682001369,100.0,,,,100.0
NNTC_WIRELESS__LLC,CO,81139682001370,100.0,,,,100.0
NNTC_WIRELESS__LLC,CO,81139682001371,100.0,,,,100.0
NNTC_WIRELESS__LLC,CO,81139682001372,100.0,,,,100.0
NNTC_WIRELESS__LLC,CO,81139682001373,100.0,,,,100.0
NNTC_WIRELESS__LLC,CO,81139682001374,100.0,,,,100.0
NNTC_WIRELESS__LLC,CO,81139682001375,100.0,,,,100.0
NNTC_WIRELESS__LLC,CO,81139682001376,100.0,,,,100.0
NNTC_WIRELESS__LLC,CO,81139682001377,100.0,,,,100.0
NNTC_WIRELESS__LLC,CO,81139682001378,100.0,,,,100.0
NNTC_WIRELESS__LLC,CO,81139682001379,100.0,,,,100.0
NNTC_WIRELESS__LLC,CO,81139682001380,100.0,,,,100.0
NNTC_WIRELESS__LLC,CO,81139682001381,100.0,,,,100.0
NNTC_WIRELESS__LLC,CO,81139682001382,100.0,,,,100.0
NNTC_WIRELESS__LLC,CO,81139682001383,100.0,,,,100.0
NNTC_WIRELESS__LLC,CO,81139682001384,100.0,,,,100.0
NNTC_WIRELESS__LLC,CO,81139682001385,100.0,,,,100.0
NNTC_WIRELESS__LLC,CO,81139682001386,100.0,,,,100.0
NNTC_WIRELESS__LLC,CO,81139682001387,100.0,,,,100.0
NNTC_WIRELESS__LLC,CO,81139682001388,100.0,,,,100.0
NNTC_WIRELESS__LLC,CO,81139682001389,100.0,,,,100.0
NNTC_WIRELESS__LLC,CO,81139682001390,100.0,,,,100.0
NNTC_WIRELESS__LLC,CO,81139682001391,100.0,,,,100.0
NNTC_WIRELESS__LLC,CO,81139682001392,100.0,,,,100.0
NNTC_WIRELESS__LLC,CO,81139682001393,100.0,,,,100.0
NNTC_WIRELESS__LLC,CO,81139682001394,100.0,,,,100.0
NNTC_WIRELESS__LLC,CO,81139682001395,100.0,,,,100.0
NNTC_WIRELESS__LLC,CO,81139682001396,100.0,,,,100.0
NNTC_WIRELESS__LLC,CO,81139682001397,100.0,,,,100.0
NNTC_WIRELESS__LLC,CO,81139682001398,100.0,,,,100.0
NNTC_WIRELESS__LLC,CO,81139682001399,100.0,,,,100.0
NNTC_WIRELESS__LLC,CO,81139682001400,100.0,,,,100.0
NNTC_WIRELESS__LLC,CO,81139682001401,60.416,,,,60.416
NNTC_WIRELESS__LLC,CO,81139682001402,100.0,,,,100.0
NNTC_WIRELESS__LLC,CO,81139682001403,100.0,,,,100.0
NNTC_WIRELESS__LLC,CO,81139682001404,100.0,,,,100.0
NNTC_WIRELESS__LLC,CO,81139682001405,100.0,,,,100.0
NNTC_WIRELESS__LLC,CO,81139682001406,100.0,,,,100.0
NNTC_WIRELESS__LLC,CO,81139682001407,98.378,,,,98.378
NNTC_WIRELESS__LLC,CO,81139682001408,32.754,,,,32.754
NNTC_WIRELESS__LLC,CO,81139682001410,100.0,,,,100.0
NNTC_WIRELESS__LLC,CO,81139682001411,100.0,,,,100.0
NNTC_WIRELESS__LLC,CO,81139682001412,100.0,,,,100.0
NNTC_WIRELESS__LLC,CO,81139682001413,100.0,,,,100.0
NNTC_WIRELESS__LLC,CO,81139682001414,100.0,,,,100.0
NNTC_WIRELESS__LLC,CO,81139682001415,55.967,,,,55.967
NNTC_WIRELESS__LLC,CO,81139682001417,98.286,,,,98.286
NNTC_WIRELESS__LLC,CO,81139682001418,100.0,,,,100.0
NNTC_WIRELESS__LLC,CO,81139682001419,100.0,,,,100.0
NNTC_WIRELESS__LLC,CO,81139682001420,100.0,,,,100.0
NNTC_WIRELESS__LLC,CO,81139682001421,100.0,,,,100.0
NNTC_WIRELESS__LLC,CO,81139682001422,100.0,,,,100.0
NNTC_WIRELESS__LLC,CO,81139682001423,100.0,,,,100.0
NNTC_WIRELESS__LLC,CO,81139682001424,47.379,,,,47.379
NNTC_WIRELESS__LLC,CO,81139682001426,49.691,,,,49.691
NNTC_WIRELESS__LLC,CO,81139682001427,100.0,,,,100.0
NNTC_WIRELESS__LLC,CO,81139682001429,53.665,,,,53.665
NNTC_WIRELESS__LLC,CO,81139682001431,100.0,,,,100.0
NNTC_WIRELESS__LLC,CO,81139682001432,100.0,,,,100.0
NNTC_WIRELESS__LLC,CO,81139682001433,85.521,,,,85.521
NNTC_WIRELESS__LLC,CO,81139682001434,99.089,,,,99.089
NNTC_WIRELESS__LLC,CO,81139682001435,100.0,,,,100.0
NNTC_WIRELESS__LLC,CO,81139682001436,100.0,,,,100.0
NNTC_WIRELESS__LLC,CO,81139682001437,100.0,,,,100.0
NNTC_WIRELESS__LLC,CO,81139682001438,100.0,,,,100.0
NNTC_WIRELESS__LLC,CO,81139682001439,100.0,,,,100.0
NNTC_WIRELESS__LLC,CO,81139682001440,100.0,,,,100.0
NNTC_WIRELESS__LLC,CO,81139682001441,100.0,,,,100.0
NNTC_WIRELESS__LLC,CO,81139682001442,100.0,,,,100.0
NNTC_WIRELESS__LLC,CO,81139682001443,100.0,,,,100.0
NNTC_WIRELESS__LLC,CO,81139682001444,100.0,,,,100.0
NNTC_WIRELESS__LLC,CO,81139682001445,100.0,,,,100.0
NNTC_WIRELESS__LLC,CO,81139682001446,100.0,,,,100.0
NNTC_WIRELESS__LLC,CO,81139682001447,100.0,,,,100.0
NNTC_WIRELESS__LLC,CO,81139682001448,100.0,,,,100.0
NNTC_WIRELESS__LLC,CO,81139682001449,100.0,,,,100.0
NNTC_WIRELESS__LLC,CO,81139682001450,100.0,,,,100.0
NNTC_WIRELESS__LLC,CO,81139682001451,100.0,,,,100.0
NNTC_WIRELESS__LLC,CO,81139682001452,100.0,,,,100.0
NNTC_WIRELESS__LLC,CO,81139682001453,100.0,,,,100.0
NNTC_WIRELESS__LLC,CO,81139682001454,100.0,,,,100.0
NNTC_WIRELESS__LLC,CO,81139682001455,100.0,,,,100.0
NNTC_WIRELESS__LLC,CO,81139682001456,100.0,,,,100.0
NNTC_WIRELESS__LLC,CO,81139682001457,100.0,,,,100.0
NNTC_WIRELESS__LLC,CO,81139682001458,100.0,,,,100.0
NNTC_WIRELESS__LLC,CO,81139682001459,100.0,,,,100.0
NNTC_WIRELESS__LLC,CO,81139682001460,100.0,,,,100.0
NNTC_WIRELESS__LLC,CO,81139682001461,100.0,,,,100.0
NNTC_WIRELESS__LLC,CO,81139682001462,100.0,,,,100.0
NNTC_WIRELESS__LLC,CO,81139682001463,100.0,,,,100.0
NNTC_WIRELESS__LLC,CO,81139682001464,100.0,,,,100.0
NNTC_WIRELESS__LLC,CO,81139682001465,100.0,,,,100.0
NNTC_WIRELESS__LLC,CO,81139682001466,100.0,,,,100.0
NNTC_WIRELESS__LLC,CO,81139682001467,100.0,,,,100.0
NNTC_WIRELESS__LLC,CO,81139682001468,100.0,,,,100.0
NNTC_WIRELESS__LLC,CO,81139682001469,100.0,,,,100.0
NNTC_WIRELESS__LLC,CO,81139682001470,100.0,,,,100.0
NNTC_WIRELESS__LLC,CO,81139682001471,81.954,,,,81.954
NNTC_WIRELESS__LLC,CO,81139682001472,100.0,,,,100.0
NNTC_WIRELESS__LLC,CO,81139682001473,100.0,,,,100.0
NNTC_WIRELESS__LLC,CO,81139682001474,100.0,,,,100.0
NNTC_WIRELESS__LLC,CO,81139682001475,100.0,,,,100.0
NNTC_WIRELESS__LLC,CO,81139682001476,100.0,,,,100.0
NNTC_WIRELESS__LLC,CO,81139682001477,100.0,,,,100.0
NNTC_WIRELESS__LLC,CO,81139682001478,100.0,,,,100.0
NNTC_WIRELESS__LLC,CO,81139682001479,100.0,,,,100.0
NNTC_WIRELESS__LLC,CO,81139682001480,100.0,,,,100.0
NNTC_WIRELESS__LLC,CO,81139682001481,100.0,,,,100.0
NNTC_WIRELESS__LLC,CO,81139682001482,100.0,,,,100.0
NNTC_WIRELESS__LLC,CO,81139682001483,100.0,,,,100.0
NNTC_WIRELESS__LLC,CO,81139682001484,100.0,,,,100.0
NNTC_WIRELESS__LLC,CO,81139682001485,100.0,,,,100.0
NNTC_WIRELESS__LLC,CO,81139682001486,100.0,,,,100.0
NNTC_WIRELESS__LLC,CO,81139682001487,100.0,,,,100.0
NNTC_WIRELESS__LLC,CO,81139682001488,100.0,,,,100.0
NNTC_WIRELESS__LLC,CO,81139682001489,100.0,,,,100.0
NNTC_WIRELESS__LLC,CO,81139682001490,100.0,,,,100.0
NNTC_WIRELESS__LLC,CO,81139682001491,100.0,,,,100.0
NNTC_WIRELESS__LLC,CO,81139682001492,100.0,,,,100.0
NNTC_WIRELESS__LLC,CO,81139682001493,100.0,,,,100.0
NNTC_WIRELESS__LLC,CO,81139682001494,100.0,,,,100.0
NNTC_WIRELESS__LLC,CO,81139682001495,100.0,,,,100.0
NNTC_WIRELESS__LLC,CO,81139682001496,100.0,,,,100.0
NNTC_WIRELESS__LLC,CO,81139682001497,100.0,,,,100.0
NNTC_WIRELESS__LLC,CO,81139682001498,100.0,,,,100.0
NNTC_WIRELESS__LLC,CO,81139682001499,100.0,,,,100.0
NNTC_WIRELESS__LLC,CO,81139682001500,100.0,,,,100.0
NNTC_WIRELESS__LLC,CO,81139682001501,100.0,,,,100.0
NNTC_WIRELESS__LLC,CO,81139682001502,100.0,,,,100.0
NNTC_WIRELESS__LLC,CO,81139682001503,100.0,,,,100.0
NNTC_WIRELESS__LLC,CO,81139682001504,100.0,,,,100.0
NNTC_WIRELESS__LLC,CO,81139682001505,100.0,,,,100.0
NNTC_WIRELESS__LLC,CO,81139682001506,100.0,,,,100.0
NNTC_WIRELESS__LLC,CO,81139682001507,100.0,,,,100.0
NNTC_WIRELESS__LLC,CO,81139682001508,100.0,,,,100.0
NNTC_WIRELESS__LLC,CO,81139682001509,100.0,,,,100.0
NNTC_WIRELESS__LLC,CO,81139682001510,100.0,,,,100.0
NNTC_WIRELESS__LLC,CO,81139682001511,100.0,,,,100.0
NNTC_WIRELESS__LLC,CO,81139682001512,100.0,,,,100.0
NNTC_WIRELESS__LLC,CO,81139682001513,100.0,,,,100.0
NNTC_WIRELESS__LLC,CO,81139682001514,100.0,,,,100.0
NNTC_WIRELESS__LLC,CO,81139682001515,100.0,,,,100.0
NNTC_WIRELESS__LLC,CO,81139682001516,100.0,,,,100.0
NNTC_WIRELESS__LLC,CO,81139682001517,100.0,,,,100.0
NNTC_WIRELESS__LLC,CO,81139682001518,100.0,,,,100.0
NNTC_WIRELESS__LLC,CO,81139682001519,100.0,,,,100.0
NNTC_WIRELESS__LLC,CO,81139682001520,100.0,,,,100.0
NNTC_WIRELESS__LLC,CO,81139682001521,100.0,,,,100.0
NNTC_WIRELESS__LLC,CO,81139682001522,100.0,,,,100.0
NNTC_WIRELESS__LLC,CO,81139682001523,100.0,,,,100.0
NNTC_WIRELESS__LLC,CO,81139682001524,100.0,,,,100.0
NNTC_WIRELESS__LLC,CO,81139682001525,100.0,,,,100.0
NNTC_WIRELESS__LLC,CO,81139682001526,100.0,,,,100.0
NNTC_WIRELESS__LLC,CO,81139682001527,100.0,,,,100.0
NNTC_WIRELESS__LLC,CO,81139682001528,100.0,,,,100.0
NNTC_WIRELESS__LLC,CO,81139682001529,100.0,,,,100.0
NNTC_WIRELESS__LLC,CO,81139682001530,100.0,,,,100.0
NNTC_WIRELESS__LLC,CO,81139682001531,100.0,,,,100.0
NNTC_WIRELESS__LLC,CO,81139682001532,100.0,,,,100.0
NNTC_WIRELESS__LLC,CO,81139682001533,100.0,,,,100.0
NNTC_WIRELESS__LLC,CO,81139682001534,100.0,,,,100.0
NNTC_WIRELESS__LLC,CO,81139682001535,100.0,,,,100.0
NNTC_WIRELESS__LLC,CO,81139682001536,100.0,,,,100.0
NNTC_WIRELESS__LLC,CO,81139682001537,78.63,,,,78.63
NNTC_WIRELESS__LLC,CO,81139682001538,100.0,,,,100.0
NNTC_WIRELESS__LLC,CO,81139682001542,100.0,,,,100.0
NNTC_WIRELESS__LLC,CO,81139682001543,100.0,,,,100.0
NNTC_WIRELESS__LLC,CO,81139682001544,95.801,,,,95.801
NNTC_WIRELESS__LLC,CO,81139682001545,62.514,,,,62.514
NNTC_WIRELESS__LLC,CO,81139682001546,25.512,,,,25.512
NNTC_WIRELESS__LLC,CO,81139682001547,100.0,,,,100.0
NNTC_WIRELESS__LLC,CO,81139682001548,100.0,,,,100.0
NNTC_WIRELESS__LLC,CO,81139682001549,100.0,,,,100.0
NNTC_WIRELESS__LLC,CO,81139682001550,100.0,,,,100.0
NNTC_WIRELESS__LLC,CO,81139682001551,18.371,,,,18.371
NNTC_WIRELESS__LLC,CO,81139682001561,86.479,,,,86.479
NNTC_WIRELESS__LLC,CO,81139682001563,0.072,,,,0.072
NNTC_WIRELESS__LLC,CO,81139682001567,100.0,,,,100.0
NNTC_WIRELESS__LLC,CO,81139682001568,100.0,,,,100.0
NNTC_WIRELESS__LLC,CO,81139682001569,100.0,,,,100.0
NNTC_WIRELESS__LLC,CO,81139682001570,100.0,,,,100.0
NNTC_WIRELESS__LLC,CO,81139682001571,100.0,,,,100.0
NNTC_WIRELESS__LLC,CO,81139682001572,100.0,,,,100.0
NNTC_WIRELESS__LLC,CO,81139682001573,100.0,,,,100.0
NNTC_WIRELESS__LLC,CO,81139682001574,100.0,,,,100.0
NNTC_WIRELESS__LLC,CO,81139682001575,100.0,,,,100.0
NNTC_WIRELESS__LLC,CO,81139682001576,100.0,,,,100.0
NNTC_WIRELESS__LLC,CO,81139682001577,100.0,,,,100.0
NNTC_WIRELESS__LLC,CO,81139682001578,100.0,,,,100.0
NNTC_WIRELESS__LLC,CO,81139682001579,100.0,,,,100.0
NNTC_WIRELESS__LLC,CO,81139682001580,93.884,,,,93.884
NNTC_WIRELESS__LLC,CO,81139682001581,100.0,,,,100.0
NNTC_WIRELESS__LLC,CO,81139682001582,3.037,,,,3.037
NNTC_WIRELESS__LLC,CO,81139682001586,100.0,,,,100.0
NNTC_WIRELESS__LLC,CO,81139682001587,100.0,,,,100.0
NNTC_WIRELESS__LLC,CO,81139682001588,96.074,,,,96.074
NNTC_WIRELESS__LLC,CO,81139682001589,100.0,,,,100.0
NNTC_WIRELESS__LLC,CO,81139682001590,100.0,,,,100.0
NNTC_WIRELESS__LLC,CO,81139682001591,16.528,,,,16.528
NNTC_WIRELESS__LLC,CO,81139682001592,20.94,,,,20.94
NNTC_WIRELESS__LLC,CO,81139682001605,100.0,,,,100.0
NNTC_WIRELESS__LLC,CO,81139682001606,100.0,,,,100.0
NNTC_WIRELESS__LLC,CO,81139682001607,100.0,,,,100.0
NNTC_WIRELESS__LLC,CO,81139682001608,100.0,,,,100.0
NNTC_WIRELESS__LLC,CO,81139682001609,100.0,,,,100.0
NNTC_WIRELESS__LLC,CO,81139682001610,100.0,,,,100.0
NNTC_WIRELESS__LLC,CO,81139682001611,100.0,,,,100.0
NNTC_WIRELESS__LLC,CO,81139682001612,100.0,,,,100.0
NNTC_WIRELESS__LLC,CO,81139682001613,100.0,,,,100.0
NNTC_WIRELESS__LLC,CO,81139682001614,100.0,,,,100.0
NNTC_WIRELESS__LLC,CO,81139682001615,100.0,,,,100.0
NNTC_WIRELESS__LLC,CO,81139682001616,100.0,,,,100.0
NNTC_WIRELESS__LLC,CO,81139682001617,100.0,,,,100.0
NNTC_WIRELESS__LLC,CO,81139682001618,100.0,,,,100.0
NNTC_WIRELESS__LLC,CO,81139682001619,100.0,,,,100.0
NNTC_WIRELESS__LLC,CO,81139682001620,100.0,,,,100.0
NNTC_WIRELESS__LLC,CO,81139682001621,100.0,,,,100.0
NNTC_WIRELESS__LLC,CO,81139682001622,100.0,,,,100.0
NNTC_WIRELESS__LLC,CO,81139682001623,100.0,,,,100.0
NNTC_WIRELESS__LLC,CO,81139682001624,100.0,,,,100.0
NNTC_WIRELESS__LLC,CO,81139682001626,100.0,,,,100.0
NNTC_WIRELESS__LLC,CO,81139682001627,100.001,,,,100.001
NNTC_WIRELESS__LLC,CO,81139682001628,100.0,,,,100.0
NNTC_WIRELESS__LLC,CO,81139682001629,100.0,,,,100.0
NNTC_WIRELESS__LLC,CO,81139682001630,100.0,,,,100.0
NNTC_WIRELESS__LLC,CO,81139682001631,100.0,,,,100.0
NNTC_WIRELESS__LLC,CO,81139682001632,100.0,,,,100.0
NNTC_WIRELESS__LLC,CO,81139682001633,100.0,,,,100.0
NNTC_WIRELESS__LLC,CO,81139682001634,100.0,,,,100.0
NNTC_WIRELESS__LLC,CO,81139682001635,100.0,,,,100.0
NNTC_WIRELESS__LLC,CO,81139682001636,100.0,,,,100.0
NNTC_WIRELESS__LLC,CO,81139682001637,100.0,,,,100.0
NNTC_WIRELESS__LLC,CO,81139682001638,100.0,,,,100.0
NNTC_WIRELESS__LLC,CO,81139682001639,100.0,,,,100.0
NNTC_WIRELESS__LLC,CO,81139682001640,100.0,,,,100.0
NNTC_WIRELESS__LLC,CO,81139682001641,100.0,,,,100.0
NNTC_WIRELESS__LLC,CO,81139682001642,100.0,,,,100.0
NNTC_WIRELESS__LLC,CO,81139682001643,100.0,,,,100.0
NNTC_WIRELESS__LLC,CO,81139682001644,100.0,,,,100.0
NNTC_WIRELESS__LLC,CO,81139682001645,100.0,,,,100.0
NNTC_WIRELESS__LLC,CO,81139682001646,100.0,,,,100.0
NNTC_WIRELESS__LLC,CO,81139682001647,100.0,,,,100.0
NNTC_WIRELESS__LLC,CO,81139682001648,100.0,,,,100.0
NNTC_WIRELESS__LLC,CO,81139682001649,100.0,,,,100.0
NNTC_WIRELESS__LLC,CO,81139682001650,100.0,,,,100.0
NNTC_WIRELESS__LLC,CO,81139682001651,100.0,,,,100.0
NNTC_WIRELESS__LLC,CO,81139682001652,100.0,,,,100.0
NNTC_WIRELESS__LLC,CO,81139682001653,100.0,,,,100.0
NNTC_WIRELESS__LLC,CO,81139682001654,100.0,,,,100.0
NNTC_WIRELESS__LLC,CO,81139682001655,100.0,,,,100.0
NNTC_WIRELESS__LLC,CO,81139682001656,100.0,,,,100.0
NNTC_WIRELESS__LLC,CO,81139682001657,100.0,,,,100.0
NNTC_WIRELESS__LLC,CO,81139682001658,100.0,,,,100.0
NNTC_WIRELESS__LLC,CO,81139682001659,100.0,,,,100.0
NNTC_WIRELESS__LLC,CO,81139682001660,100.0,,,,100.0
NNTC_WIRELESS__LLC,CO,81139682001661,100.0,,,,100.0
NNTC_WIRELESS__LLC,CO,81139682001662,100.0,,,,100.0
NNTC_WIRELESS__LLC,CO,81139682001663,100.0,,,,100.0
NNTC_WIRELESS__LLC,CO,81139682001664,100.0,,,,100.0
NNTC_WIRELESS__LLC,CO,81139682001665,100.0,,,,100.0
NNTC_WIRELESS__LLC,CO,81139682001666,100.0,,,,100.0
NNTC_WIRELESS__LLC,CO,81139682001667,100.0,,,,100.0
NNTC_WIRELESS__LLC,CO,81139682001668,100.0,,,,100.0
NNTC_WIRELESS__LLC,CO,81139682001669,100.0,,,,100.0
NNTC_WIRELESS__LLC,CO,81139682001670,100.0,,,,100.0
NNTC_WIRELESS__LLC,CO,81139682001671,100.0,,,,100.0
NNTC_WIRELESS__LLC,CO,81139682001672,100.0,,,,100.0
NNTC_WIRELESS__LLC,CO,81139682001673,100.0,,,,100.0
NNTC_WIRELESS__LLC,CO,81139682001674,100.0,,,,100.0
