LogRecNo,dbaName,StateAbbr,TechCode,BlockCode
190627,Windy_City_Cellular_LLC,AK,86,020160001001044
190628,Windy_City_Cellular_LLC,AK,86,020160001001237
190629,Windy_City_Cellular_LLC,AK,86,020160001001243
190630,Windy_City_Cellular_LLC,AK,86,020160001001244
190631,Windy_City_Cellular_LLC,AK,86,020160001001251
190632,Windy_City_Cellular_LLC,AK,86,020160001001256
190633,Windy_City_Cellular_LLC,AK,86,020160001001257
190634,Windy_City_Cellular_LLC,AK,86,020160001001266
190635,Windy_City_Cellular_LLC,AK,86,020160001001267
190636,Windy_City_Cellular_LLC,AK,86,020160001001268
190637,Windy_City_Cellular_LLC,AK,86,020160001001269
190638,Windy_City_Cellular_LLC,AK,86,020160001001270
190639,Windy_City_Cellular_LLC,AK,86,020160001001271
190640,Windy_City_Cellular_LLC,AK,86,020160001001272
190641,Windy_City_Cellular_LLC,AK,86,020160001001273
190642,Windy_City_Cellular_LLC,AK,86,020160001001274
190643,Windy_City_Cellular_LLC,AK,86,020160001001275
190644,Windy_City_Cellular_LLC,AK,86,020160001001276
190645,Windy_City_Cellular_LLC,AK,86,020160001001280
190646,Windy_City_Cellular_LLC,AK,86,020160001001281
190647,Windy_City_Cellular_LLC,AK,86,020160001001283
190648,Windy_City_Cellular_LLC,AK,86,020160001001284
190649,Windy_City_Cellular_LLC,AK,86,020160001001285
190650,Windy_City_Cellular_LLC,AK,86,020160001001286
190651,Windy_City_Cellular_LLC,AK,86,020160001001287
190652,Windy_City_Cellular_LLC,AK,86,020160001001288
190653,Windy_City_Cellular_LLC,AK,86,020160001001289
190654,Windy_City_Cellular_LLC,AK,86,020160001001290
190655,Windy_City_Cellular_LLC,AK,86,020160001001291
190656,Windy_City_Cellular_LLC,AK,86,020160001001292
190657,Windy_City_Cellular_LLC,AK,86,020160001001293
190658,Windy_City_Cellular_LLC,AK,86,020160001001294
190659,Windy_City_Cellular_LLC,AK,86,020160001001295
190660,Windy_City_Cellular_LLC,AK,86,020160001001296
190661,Windy_City_Cellular_LLC,AK,86,020160001001297
190662,Windy_City_Cellular_LLC,AK,86,020160001001298
190663,Windy_City_Cellular_LLC,AK,86,020160001001299
190664,Windy_City_Cellular_LLC,AK,86,020160001001300
190665,Windy_City_Cellular_LLC,AK,86,020160001001301
190666,Windy_City_Cellular_LLC,AK,86,020160001001302
190667,Windy_City_Cellular_LLC,AK,86,020160001001303
190668,Windy_City_Cellular_LLC,AK,86,020160001001304
190669,Windy_City_Cellular_LLC,AK,86,020160001001305
190670,Windy_City_Cellular_LLC,AK,86,020160001001306
190671,Windy_City_Cellular_LLC,AK,86,020160001001307
190672,Windy_City_Cellular_LLC,AK,86,020160001001308
190673,Windy_City_Cellular_LLC,AK,86,020160001001330
190674,Windy_City_Cellular_LLC,AK,86,020160001001331
190675,Windy_City_Cellular_LLC,AK,86,020160001001332
190676,Windy_City_Cellular_LLC,AK,86,020160001001357
190677,Windy_City_Cellular_LLC,AK,86,020160001001381
190678,Windy_City_Cellular_LLC,AK,86,020160001001382
190679,Windy_City_Cellular_LLC,AK,86,020160001001383
190680,Windy_City_Cellular_LLC,AK,86,020160001001388
190681,Windy_City_Cellular_LLC,AK,86,020160001001407
190682,Windy_City_Cellular_LLC,AK,86,020160001001409
190683,Windy_City_Cellular_LLC,AK,86,020160001001411
190684,Windy_City_Cellular_LLC,AK,86,020160001001412
190685,Windy_City_Cellular_LLC,AK,86,020160001001413
190686,Windy_City_Cellular_LLC,AK,86,020160001001414
190687,Windy_City_Cellular_LLC,AK,86,020160001001415
190688,Windy_City_Cellular_LLC,AK,86,020160001001416
190689,Windy_City_Cellular_LLC,AK,86,020160001001417
190690,Windy_City_Cellular_LLC,AK,86,020160001001683
190691,Windy_City_Cellular_LLC,AK,86,020160001001684
190692,Windy_City_Cellular_LLC,AK,86,020160001001685
190693,Windy_City_Cellular_LLC,AK,86,020160001001686
190694,Windy_City_Cellular_LLC,AK,86,020160001001687
190695,Windy_City_Cellular_LLC,AK,86,020160001001688
190696,Windy_City_Cellular_LLC,AK,86,020160001001689
190697,Windy_City_Cellular_LLC,AK,86,020160001001690
190698,Windy_City_Cellular_LLC,AK,86,020160001001788
190699,Windy_City_Cellular_LLC,AK,86,020160001001817
190700,Windy_City_Cellular_LLC,AK,86,020160001001836
190701,Windy_City_Cellular_LLC,AK,86,020160001001838
190702,Windy_City_Cellular_LLC,AK,86,020160001001839
190703,Windy_City_Cellular_LLC,AK,86,020160001001840
