DBA,STATE_ABBR,FIPS,2G,3G,4G_LTE,4G_NON_LTE,ANY
Bristol_Bay_Cellular,AK,20600001001000,51.657,,,,51.657
Bristol_Bay_Cellular,AK,20600001001001,100.0,,,,100.0
Bristol_Bay_Cellular,AK,20600001001002,100.0,,,,100.0
Bristol_Bay_Cellular,AK,20600001001003,100.0,,,,100.0
Bristol_Bay_Cellular,AK,20600001001004,100.0,,,,100.0
Bristol_Bay_Cellular,AK,20600001001005,100.0,,,,100.0
Bristol_Bay_Cellular,AK,20600001001006,100.0,,,,100.0
Bristol_Bay_Cellular,AK,20600001001007,100.0,,,,100.0
Bristol_Bay_Cellular,AK,20600001001008,100.0,,,,100.0
Bristol_Bay_Cellular,AK,20600001001009,100.0,,,,100.0
Bristol_Bay_Cellular,AK,20600001001010,100.0,,,,100.0
Bristol_Bay_Cellular,AK,20600001001011,100.0,,,,100.0
Bristol_Bay_Cellular,AK,20600001001012,43.293,,,,43.293
Bristol_Bay_Cellular,AK,20600001001015,100.0,,,,100.0
Bristol_Bay_Cellular,AK,20600001001016,98.412,,,,98.412
Bristol_Bay_Cellular,AK,20600001001017,100.0,,,,100.0
Bristol_Bay_Cellular,AK,20600001001018,100.0,,,,100.0
Bristol_Bay_Cellular,AK,20600001001019,100.0,,,,100.0
Bristol_Bay_Cellular,AK,20600001001020,100.0,,,,100.0
Bristol_Bay_Cellular,AK,20600001001021,100.0,,,,100.0
Bristol_Bay_Cellular,AK,20600001001022,81.344,,,,81.344
Bristol_Bay_Cellular,AK,20600001001023,100.0,,,,100.0
Bristol_Bay_Cellular,AK,20600001001024,100.0,,,,100.0
Bristol_Bay_Cellular,AK,20600001001025,100.0,,,,100.0
Bristol_Bay_Cellular,AK,20600001001026,100.0,,,,100.0
Bristol_Bay_Cellular,AK,20600001001027,100.0,,,,100.0
Bristol_Bay_Cellular,AK,20600001001028,100.0,,,,100.0
Bristol_Bay_Cellular,AK,20600001001029,100.0,,,,100.0
Bristol_Bay_Cellular,AK,20600001001030,100.0,,,,100.0
Bristol_Bay_Cellular,AK,20600001001031,100.0,,,,100.0
Bristol_Bay_Cellular,AK,20600001001032,100.0,,,,100.0
Bristol_Bay_Cellular,AK,20600001001033,100.0,,,,100.0
Bristol_Bay_Cellular,AK,20600001001034,100.0,,,,100.0
Bristol_Bay_Cellular,AK,20600001001035,100.0,,,,100.0
Bristol_Bay_Cellular,AK,20600001001036,100.0,,,,100.0
Bristol_Bay_Cellular,AK,20600001001037,100.0,,,,100.0
Bristol_Bay_Cellular,AK,20600001001038,74.214,,,,74.214
Bristol_Bay_Cellular,AK,20600001001039,100.0,,,,100.0
Bristol_Bay_Cellular,AK,20600001001040,100.0,,,,100.0
Bristol_Bay_Cellular,AK,20600001001042,100.0,,,,100.0
Bristol_Bay_Cellular,AK,20600001001043,100.0,,,,100.0
Bristol_Bay_Cellular,AK,20600001001044,100.0,,,,100.0
Bristol_Bay_Cellular,AK,20600001001045,100.0,,,,100.0
Bristol_Bay_Cellular,AK,20600001001046,100.0,,,,100.0
Bristol_Bay_Cellular,AK,20600001001047,100.0,,,,100.0
Bristol_Bay_Cellular,AK,20600001001048,57.538,,,,57.538
Bristol_Bay_Cellular,AK,20600001001049,88.605,,,,88.605
Bristol_Bay_Cellular,AK,20600001001050,25.684,,,,25.684
Bristol_Bay_Cellular,AK,20600001001051,74.249,,,,74.249
Bristol_Bay_Cellular,AK,20600001001053,56.625,,,,56.625
Bristol_Bay_Cellular,AK,20600001001054,100.0,,,,100.0
Bristol_Bay_Cellular,AK,20600001001055,100.0,,,,100.0
Bristol_Bay_Cellular,AK,20600001001056,100.0,,,,100.0
Bristol_Bay_Cellular,AK,20600001001057,100.0,,,,100.0
Bristol_Bay_Cellular,AK,20600001001058,100.0,,,,100.0
Bristol_Bay_Cellular,AK,20600001001059,100.0,,,,100.0
Bristol_Bay_Cellular,AK,20600001001060,100.0,,,,100.0
Bristol_Bay_Cellular,AK,20600001001061,100.0,,,,100.0
Bristol_Bay_Cellular,AK,20600001001062,100.0,,,,100.0
Bristol_Bay_Cellular,AK,20600001001063,100.0,,,,100.0
Bristol_Bay_Cellular,AK,20600001001064,100.0,,,,100.0
Bristol_Bay_Cellular,AK,20600001001065,100.0,,,,100.0
Bristol_Bay_Cellular,AK,20600001001066,52.677,,,,52.677
Bristol_Bay_Cellular,AK,20600001001067,100.0,,,,100.0
Bristol_Bay_Cellular,AK,20600001001068,100.0,,,,100.0
Bristol_Bay_Cellular,AK,20600001001069,100.0,,,,100.0
Bristol_Bay_Cellular,AK,20600001001070,100.0,,,,100.0
Bristol_Bay_Cellular,AK,20600001001071,100.0,,,,100.0
Bristol_Bay_Cellular,AK,20600001001072,100.0,,,,100.0
Bristol_Bay_Cellular,AK,20600001001073,100.0,,,,100.0
Bristol_Bay_Cellular,AK,20600001001075,100.0,,,,100.0
Bristol_Bay_Cellular,AK,20600001001076,100.0,,,,100.0
Bristol_Bay_Cellular,AK,20600001001077,100.0,,,,100.0
Bristol_Bay_Cellular,AK,20600001001078,100.0,,,,100.0
Bristol_Bay_Cellular,AK,20600001001079,100.0,,,,100.0
Bristol_Bay_Cellular,AK,20600001001081,100.0,,,,100.0
Bristol_Bay_Cellular,AK,20600001001082,100.0,,,,100.0
Bristol_Bay_Cellular,AK,20600001001083,100.0,,,,100.0
Bristol_Bay_Cellular,AK,20600001001084,100.0,,,,100.0
Bristol_Bay_Cellular,AK,20600001001085,100.0,,,,100.0
Bristol_Bay_Cellular,AK,20600001001086,100.0,,,,100.0
Bristol_Bay_Cellular,AK,20600001001087,100.0,,,,100.0
Bristol_Bay_Cellular,AK,20600001001088,100.0,,,,100.0
Bristol_Bay_Cellular,AK,20600001001089,100.0,,,,100.0
Bristol_Bay_Cellular,AK,20600001001090,100.0,,,,100.0
Bristol_Bay_Cellular,AK,20600001001091,100.0,,,,100.0
Bristol_Bay_Cellular,AK,20600001001092,100.0,,,,100.0
Bristol_Bay_Cellular,AK,20600001001093,73.683,,,,73.683
Bristol_Bay_Cellular,AK,20600001001094,78.629,,,,78.629
Bristol_Bay_Cellular,AK,20600001001095,100.0,,,,100.0
Bristol_Bay_Cellular,AK,20600001001096,100.0,,,,100.0
Bristol_Bay_Cellular,AK,20600001001097,100.0,,,,100.0
Bristol_Bay_Cellular,AK,20600001001098,100.0,,,,100.0
Bristol_Bay_Cellular,AK,20600001001099,100.0,,,,100.0
Bristol_Bay_Cellular,AK,20600001001100,100.0,,,,100.0
Bristol_Bay_Cellular,AK,20600001001101,100.0,,,,100.0
Bristol_Bay_Cellular,AK,20600001001102,100.0,,,,100.0
Bristol_Bay_Cellular,AK,20600001001103,100.0,,,,100.0
Bristol_Bay_Cellular,AK,20600001001104,100.0,,,,100.0
Bristol_Bay_Cellular,AK,20600001001105,100.0,,,,100.0
Bristol_Bay_Cellular,AK,20600001001106,100.0,,,,100.0
Bristol_Bay_Cellular,AK,20600001001107,100.0,,,,100.0
Bristol_Bay_Cellular,AK,20600001001108,100.0,,,,100.0
Bristol_Bay_Cellular,AK,20600001001109,96.038,,,,96.038
Bristol_Bay_Cellular,AK,20600001001110,100.0,,,,100.0
Bristol_Bay_Cellular,AK,20600001001111,100.0,,,,100.0
Bristol_Bay_Cellular,AK,20600001001112,49.202,,,,49.202
Bristol_Bay_Cellular,AK,20600001001113,100.0,,,,100.0
Bristol_Bay_Cellular,AK,20600001001114,100.0,,,,100.0
Bristol_Bay_Cellular,AK,20600001001115,100.0,,,,100.0
Bristol_Bay_Cellular,AK,20600001001116,100.0,,,,100.0
Bristol_Bay_Cellular,AK,20600001001117,100.0,,,,100.0
Bristol_Bay_Cellular,AK,20600001001118,100.0,,,,100.0
Bristol_Bay_Cellular,AK,20600001001121,74.336,,,,74.336
Bristol_Bay_Cellular,AK,20600001001122,100.0,,,,100.0
Bristol_Bay_Cellular,AK,20600001001123,100.0,,,,100.0
Bristol_Bay_Cellular,AK,20600001001124,100.0,,,,100.0
Bristol_Bay_Cellular,AK,20600001001125,100.0,,,,100.0
Bristol_Bay_Cellular,AK,20600001001126,100.0,,,,100.0
Bristol_Bay_Cellular,AK,20600001001127,100.0,,,,100.0
Bristol_Bay_Cellular,AK,20600001001128,100.0,,,,100.0
Bristol_Bay_Cellular,AK,20600001001129,100.0,,,,100.0
Bristol_Bay_Cellular,AK,20600001001130,100.0,,,,100.0
Bristol_Bay_Cellular,AK,20600001001131,100.0,,,,100.0
Bristol_Bay_Cellular,AK,20600001001132,100.0,,,,100.0
Bristol_Bay_Cellular,AK,20600001001133,100.0,,,,100.0
Bristol_Bay_Cellular,AK,20600001001134,100.0,,,,100.0
Bristol_Bay_Cellular,AK,20600001001135,100.0,,,,100.0
Bristol_Bay_Cellular,AK,20600001001136,100.0,,,,100.0
Bristol_Bay_Cellular,AK,20600001001137,100.0,,,,100.0
Bristol_Bay_Cellular,AK,20600001001138,100.0,,,,100.0
Bristol_Bay_Cellular,AK,20600001001139,100.0,,,,100.0
Bristol_Bay_Cellular,AK,20600001001140,100.0,,,,100.0
Bristol_Bay_Cellular,AK,20600001001141,100.0,,,,100.0
Bristol_Bay_Cellular,AK,20600001001142,100.0,,,,100.0
Bristol_Bay_Cellular,AK,20600001001143,100.0,,,,100.0
Bristol_Bay_Cellular,AK,20600001001144,100.0,,,,100.0
Bristol_Bay_Cellular,AK,20600001001145,100.0,,,,100.0
Bristol_Bay_Cellular,AK,20600001001146,100.0,,,,100.0
Bristol_Bay_Cellular,AK,20600001001147,100.0,,,,100.0
Bristol_Bay_Cellular,AK,20600001001148,100.0,,,,100.0
Bristol_Bay_Cellular,AK,20600001001149,100.0,,,,100.0
Bristol_Bay_Cellular,AK,20600001001150,100.0,,,,100.0
Bristol_Bay_Cellular,AK,20600001001151,100.0,,,,100.0
Bristol_Bay_Cellular,AK,20600001001152,100.0,,,,100.0
Bristol_Bay_Cellular,AK,20600001001153,100.0,,,,100.0
Bristol_Bay_Cellular,AK,20600001001154,100.0,,,,100.0
Bristol_Bay_Cellular,AK,20600001001155,100.0,,,,100.0
Bristol_Bay_Cellular,AK,20600001001156,100.0,,,,100.0
Bristol_Bay_Cellular,AK,20600001001157,100.0,,,,100.0
Bristol_Bay_Cellular,AK,20600001001158,100.0,,,,100.0
Bristol_Bay_Cellular,AK,20600001001159,100.0,,,,100.0
Bristol_Bay_Cellular,AK,20600001001160,100.0,,,,100.0
Bristol_Bay_Cellular,AK,20600001001161,100.0,,,,100.0
Bristol_Bay_Cellular,AK,20600001001162,100.0,,,,100.0
Bristol_Bay_Cellular,AK,20600001001163,100.0,,,,100.0
Bristol_Bay_Cellular,AK,20600001001164,100.0,,,,100.0
Bristol_Bay_Cellular,AK,20600001002000,100.0,,,,100.0
Bristol_Bay_Cellular,AK,20600001002001,100.0,,,,100.0
Bristol_Bay_Cellular,AK,20600001002002,100.0,,,,100.0
Bristol_Bay_Cellular,AK,20600001002003,100.0,,,,100.0
Bristol_Bay_Cellular,AK,20600001002004,100.0,,,,100.0
Bristol_Bay_Cellular,AK,20600001002005,100.0,,,,100.0
Bristol_Bay_Cellular,AK,20600001002006,100.0,,,,100.0
Bristol_Bay_Cellular,AK,20600001002007,100.0,,,,100.0
Bristol_Bay_Cellular,AK,20600001002008,100.0,,,,100.0
Bristol_Bay_Cellular,AK,20600001002009,100.0,,,,100.0
Bristol_Bay_Cellular,AK,20600001002010,100.0,,,,100.0
Bristol_Bay_Cellular,AK,20600001002011,100.0,,,,100.0
Bristol_Bay_Cellular,AK,20700001001000,0.286,,,,0.286
Bristol_Bay_Cellular,AK,20700001001014,43.243,,,,43.243
Bristol_Bay_Cellular,AK,20700001001015,5.626,,,,5.626
Bristol_Bay_Cellular,AK,20700001001017,17.533,,,,17.533
Bristol_Bay_Cellular,AK,20700001001018,89.694,,,,89.694
Bristol_Bay_Cellular,AK,20700001001019,63.705,,,,63.705
Bristol_Bay_Cellular,AK,20700001001020,34.861,,,,34.861
Bristol_Bay_Cellular,AK,20700001001021,100.0,,,,100.0
Bristol_Bay_Cellular,AK,20700001001022,100.0,,,,100.0
Bristol_Bay_Cellular,AK,20700001001023,9.975,,,,9.975
Bristol_Bay_Cellular,AK,20700001001024,4.014,,,,4.014
Bristol_Bay_Cellular,AK,20700001001025,99.914,,,,99.914
Bristol_Bay_Cellular,AK,20700001001026,54.545,,,,54.545
Bristol_Bay_Cellular,AK,20700001001027,37.603,,,,37.603
Bristol_Bay_Cellular,AK,20700001001028,100.0,,,,100.0
Bristol_Bay_Cellular,AK,20700001001029,100.0,,,,100.0
Bristol_Bay_Cellular,AK,20700001001030,100.0,,,,100.0
Bristol_Bay_Cellular,AK,20700001001031,100.0,,,,100.0
Bristol_Bay_Cellular,AK,20700001001032,100.0,,,,100.0
Bristol_Bay_Cellular,AK,20700001001033,100.0,,,,100.0
Bristol_Bay_Cellular,AK,20700001001034,100.0,,,,100.0
Bristol_Bay_Cellular,AK,20700001001035,100.0,,,,100.0
Bristol_Bay_Cellular,AK,20700001001036,100.0,,,,100.0
Bristol_Bay_Cellular,AK,20700001001037,100.0,,,,100.0
Bristol_Bay_Cellular,AK,20700001001038,100.0,,,,100.0
Bristol_Bay_Cellular,AK,20700001001039,100.0,,,,100.0
Bristol_Bay_Cellular,AK,20700001001040,96.576,,,,96.576
Bristol_Bay_Cellular,AK,20700001001041,100.0,,,,100.0
Bristol_Bay_Cellular,AK,20700001001042,31.108,,,,31.108
Bristol_Bay_Cellular,AK,20700001001043,100.0,,,,100.0
Bristol_Bay_Cellular,AK,20700001001044,100.0,,,,100.0
Bristol_Bay_Cellular,AK,20700001001045,100.0,,,,100.0
Bristol_Bay_Cellular,AK,20700001001046,100.0,,,,100.0
Bristol_Bay_Cellular,AK,20700001001047,100.0,,,,100.0
Bristol_Bay_Cellular,AK,20700001001048,100.0,,,,100.0
Bristol_Bay_Cellular,AK,20700001001049,100.0,,,,100.0
Bristol_Bay_Cellular,AK,20700001001050,100.0,,,,100.0
Bristol_Bay_Cellular,AK,20700001001051,100.0,,,,100.0
Bristol_Bay_Cellular,AK,20700001001052,100.0,,,,100.0
Bristol_Bay_Cellular,AK,20700001001053,100.0,,,,100.0
Bristol_Bay_Cellular,AK,20700001001054,100.0,,,,100.0
Bristol_Bay_Cellular,AK,20700001001055,100.0,,,,100.0
Bristol_Bay_Cellular,AK,20700001001056,100.0,,,,100.0
Bristol_Bay_Cellular,AK,20700001001057,98.195,,,,98.195
Bristol_Bay_Cellular,AK,20700001001058,19.54,,,,19.54
Bristol_Bay_Cellular,AK,20700001001059,69.714,,,,69.714
Bristol_Bay_Cellular,AK,20700001001065,71.457,,,,71.457
Bristol_Bay_Cellular,AK,20700001001067,100.0,,,,100.0
Bristol_Bay_Cellular,AK,20700001001068,100.0,,,,100.0
Bristol_Bay_Cellular,AK,20700001001072,100.0,,,,100.0
Bristol_Bay_Cellular,AK,20700001001074,100.0,,,,100.0
Bristol_Bay_Cellular,AK,20700001001075,100.0,,,,100.0
Bristol_Bay_Cellular,AK,20700001001076,100.0,,,,100.0
Bristol_Bay_Cellular,AK,20700001001077,100.0,,,,100.0
Bristol_Bay_Cellular,AK,20700001001079,3.391,,,,3.391
Bristol_Bay_Cellular,AK,20700001001080,25.006,,,,25.006
Bristol_Bay_Cellular,AK,20700001001083,100.0,,,,100.0
Bristol_Bay_Cellular,AK,20700001001084,100.0,,,,100.0
Bristol_Bay_Cellular,AK,20700001001085,100.0,,,,100.0
Bristol_Bay_Cellular,AK,20700001001086,100.0,,,,100.0
Bristol_Bay_Cellular,AK,20700001001087,100.0,,,,100.0
Bristol_Bay_Cellular,AK,20700001001088,100.0,,,,100.0
Bristol_Bay_Cellular,AK,20700001001089,100.0,,,,100.0
Bristol_Bay_Cellular,AK,20700001001090,100.0,,,,100.0
Bristol_Bay_Cellular,AK,20700001001091,100.0,,,,100.0
Bristol_Bay_Cellular,AK,20700001001092,100.0,,,,100.0
Bristol_Bay_Cellular,AK,20700001001093,100.0,,,,100.0
Bristol_Bay_Cellular,AK,20700001001094,100.0,,,,100.0
Bristol_Bay_Cellular,AK,20700001001097,100.0,,,,100.0
Bristol_Bay_Cellular,AK,20700001002000,1.682,,,,1.682
Bristol_Bay_Cellular,AK,20700001002003,16.795,,,,16.795
Bristol_Bay_Cellular,AK,20700001002008,2.741,,,,2.741
Bristol_Bay_Cellular,AK,20700001002012,100.0,,,,100.0
Bristol_Bay_Cellular,AK,20700001002013,31.298,,,,31.298
Bristol_Bay_Cellular,AK,20700001002014,100.0,,,,100.0
Bristol_Bay_Cellular,AK,20700001002017,100.0,,,,100.0
Bristol_Bay_Cellular,AK,20700001002020,100.0,,,,100.0
Bristol_Bay_Cellular,AK,20700001002024,50.949,,,,50.949
Bristol_Bay_Cellular,AK,20700001002027,4.933,,,,4.933
Bristol_Bay_Cellular,AK,20700001002028,100.0,,,,100.0
Bristol_Bay_Cellular,AK,20700001002029,100.0,,,,100.0
Bristol_Bay_Cellular,AK,20700001002030,100.0,,,,100.0
Bristol_Bay_Cellular,AK,20700001002032,100.0,,,,100.0
Bristol_Bay_Cellular,AK,20700001002034,100.0,,,,100.0
Bristol_Bay_Cellular,AK,20700001002035,100.0,,,,100.0
Bristol_Bay_Cellular,AK,20700001002038,100.0,,,,100.0
Bristol_Bay_Cellular,AK,20700001002041,100.0,,,,100.0
Bristol_Bay_Cellular,AK,20700001002042,100.0,,,,100.0
Bristol_Bay_Cellular,AK,20700001002043,100.0,,,,100.0
Bristol_Bay_Cellular,AK,20700001002044,100.0,,,,100.0
Bristol_Bay_Cellular,AK,20700001002046,30.841,,,,30.841
Bristol_Bay_Cellular,AK,20700001002048,100.0,,,,100.0
Bristol_Bay_Cellular,AK,20700001002050,100.0,,,,100.0
Bristol_Bay_Cellular,AK,20700001002051,64.239,,,,64.239
Bristol_Bay_Cellular,AK,20700001002052,100.0,,,,100.0
Bristol_Bay_Cellular,AK,20700001002057,100.0,,,,100.0
Bristol_Bay_Cellular,AK,20700001002086,7.39,,,,7.39
Bristol_Bay_Cellular,AK,20700001002087,100.0,,,,100.0
Bristol_Bay_Cellular,AK,20700001002089,100.0,,,,100.0
Bristol_Bay_Cellular,AK,20700001002092,58.337,,,,58.337
Bristol_Bay_Cellular,AK,20700001002095,100.0,,,,100.0
Bristol_Bay_Cellular,AK,20700001002096,100.0,,,,100.0
Bristol_Bay_Cellular,AK,20700001002100,100.0,,,,100.0
Bristol_Bay_Cellular,AK,20700001002106,100.0,,,,100.0
Bristol_Bay_Cellular,AK,20700001002107,100.0,,,,100.0
Bristol_Bay_Cellular,AK,20700001002108,100.0,,,,100.0
Bristol_Bay_Cellular,AK,20700001002121,100.0,,,,100.0
Bristol_Bay_Cellular,AK,20700001002126,7.19,,,,7.19
Bristol_Bay_Cellular,AK,20700001002130,100.0,,,,100.0
Bristol_Bay_Cellular,AK,20700001002131,100.0,,,,100.0
Bristol_Bay_Cellular,AK,20700001002132,100.0,,,,100.0
Bristol_Bay_Cellular,AK,20700001002133,100.0,,,,100.0
Bristol_Bay_Cellular,AK,20700001002135,100.0,,,,100.0
Bristol_Bay_Cellular,AK,20700001002136,100.0,,,,100.0
Bristol_Bay_Cellular,AK,20700001002137,100.0,,,,100.0
Bristol_Bay_Cellular,AK,20700001002141,100.0,,,,100.0
Bristol_Bay_Cellular,AK,20700001002143,100.0,,,,100.0
Bristol_Bay_Cellular,AK,20700001002144,100.0,,,,100.0
Bristol_Bay_Cellular,AK,20700001002145,100.0,,,,100.0
Bristol_Bay_Cellular,AK,20700001002146,100.0,,,,100.0
Bristol_Bay_Cellular,AK,20700001002147,98.232,,,,98.232
Bristol_Bay_Cellular,AK,20700001002151,55.6,,,,55.6
Bristol_Bay_Cellular,AK,20700001002153,1.702,,,,1.702
Bristol_Bay_Cellular,AK,20700001002172,4.735,,,,4.735
Bristol_Bay_Cellular,AK,20700001002174,6.928,,,,6.928
Bristol_Bay_Cellular,AK,20700001002179,3.425,,,,3.425
Bristol_Bay_Cellular,AK,20700001002180,100.0,,,,100.0
Bristol_Bay_Cellular,AK,20700001002185,100.0,,,,100.0
Bristol_Bay_Cellular,AK,20700001002187,0.122,,,,0.122
Bristol_Bay_Cellular,AK,20700001002198,100.0,,,,100.0
Bristol_Bay_Cellular,AK,20700001002202,100.0,,,,100.0
Bristol_Bay_Cellular,AK,20700001002230,0.145,,,,0.145
Bristol_Bay_Cellular,AK,20700001002240,35.707,,,,35.707
Bristol_Bay_Cellular,AK,20700001002244,100.0,,,,100.0
Bristol_Bay_Cellular,AK,20700001002263,100.0,,,,100.0
Bristol_Bay_Cellular,AK,20700001002264,4.251,,,,4.251
Bristol_Bay_Cellular,AK,20700001002268,17.865,,,,17.865
Bristol_Bay_Cellular,AK,20700001002271,30.735,,,,30.735
Bristol_Bay_Cellular,AK,20700001002272,48.333,,,,48.333
Bristol_Bay_Cellular,AK,20700001002274,10.22,,,,10.22
Bristol_Bay_Cellular,AK,20700001002275,100.0,,,,100.0
Bristol_Bay_Cellular,AK,20700001002277,100.0,,,,100.0
Bristol_Bay_Cellular,AK,20700001002279,100.0,,,,100.0
Bristol_Bay_Cellular,AK,20700001002280,100.0,,,,100.0
Bristol_Bay_Cellular,AK,20700001002281,100.0,,,,100.0
Bristol_Bay_Cellular,AK,20700001002282,100.0,,,,100.0
Bristol_Bay_Cellular,AK,20700001002283,100.0,,,,100.0
Bristol_Bay_Cellular,AK,20700001002284,100.0,,,,100.0
Bristol_Bay_Cellular,AK,20700001002285,100.0,,,,100.0
Bristol_Bay_Cellular,AK,20700001002287,100.0,,,,100.0
Bristol_Bay_Cellular,AK,20700001002288,100.0,,,,100.0
Bristol_Bay_Cellular,AK,20700001002289,100.0,,,,100.0
Bristol_Bay_Cellular,AK,20700001002290,100.0,,,,100.0
Bristol_Bay_Cellular,AK,20700001002291,100.0,,,,100.0
Bristol_Bay_Cellular,AK,20700001002292,100.0,,,,100.0
Bristol_Bay_Cellular,AK,20700001002293,100.0,,,,100.0
Bristol_Bay_Cellular,AK,20700001002294,100.0,,,,100.0
Bristol_Bay_Cellular,AK,20700001002295,100.0,,,,100.0
Bristol_Bay_Cellular,AK,20700001002296,100.0,,,,100.0
Bristol_Bay_Cellular,AK,20700001002297,100.0,,,,100.0
Bristol_Bay_Cellular,AK,20700001002298,100.0,,,,100.0
Bristol_Bay_Cellular,AK,20700001002299,100.0,,,,100.0
Bristol_Bay_Cellular,AK,20700001002300,100.0,,,,100.0
Bristol_Bay_Cellular,AK,20700001002301,100.0,,,,100.0
Bristol_Bay_Cellular,AK,20700001002302,100.0,,,,100.0
Bristol_Bay_Cellular,AK,20700001002315,22.582,,,,22.582
Bristol_Bay_Cellular,AK,20700001002316,28.892,,,,28.892
Bristol_Bay_Cellular,AK,20700001002317,100.0,,,,100.0
Bristol_Bay_Cellular,AK,20700001002318,100.0,,,,100.0
Bristol_Bay_Cellular,AK,20700001002319,100.0,,,,100.0
Bristol_Bay_Cellular,AK,20700001002320,100.0,,,,100.0
Bristol_Bay_Cellular,AK,20700001002321,100.0,,,,100.0
Bristol_Bay_Cellular,AK,20700001002322,100.0,,,,100.0
Bristol_Bay_Cellular,AK,20700001002323,100.0,,,,100.0
Bristol_Bay_Cellular,AK,20700001002324,100.0,,,,100.0
Bristol_Bay_Cellular,AK,20700001002325,100.0,,,,100.0
Bristol_Bay_Cellular,AK,20700001002326,100.0,,,,100.0
Bristol_Bay_Cellular,AK,20700001002327,100.0,,,,100.0
Bristol_Bay_Cellular,AK,20700001002328,100.0,,,,100.0
Bristol_Bay_Cellular,AK,20700001002329,100.0,,,,100.0
Bristol_Bay_Cellular,AK,20700001002330,100.0,,,,100.0
Bristol_Bay_Cellular,AK,20700001002331,100.0,,,,100.0
Bristol_Bay_Cellular,AK,20700001002332,100.0,,,,100.0
Bristol_Bay_Cellular,AK,20700001002333,100.0,,,,100.0
Bristol_Bay_Cellular,AK,20700001002334,100.0,,,,100.0
Bristol_Bay_Cellular,AK,20700001002335,100.0,,,,100.0
Bristol_Bay_Cellular,AK,20700001002336,100.0,,,,100.0
Bristol_Bay_Cellular,AK,20700001002337,100.0,,,,100.0
Bristol_Bay_Cellular,AK,20700001002338,100.0,,,,100.0
Bristol_Bay_Cellular,AK,20700001002339,100.0,,,,100.0
Bristol_Bay_Cellular,AK,20700001002340,100.0,,,,100.0
Bristol_Bay_Cellular,AK,20700001002341,100.0,,,,100.0
Bristol_Bay_Cellular,AK,20700001002342,100.0,,,,100.0
Bristol_Bay_Cellular,AK,20700001002343,100.0,,,,100.0
Bristol_Bay_Cellular,AK,20700001002344,100.0,,,,100.0
Bristol_Bay_Cellular,AK,20700001002345,99.045,,,,99.045
Bristol_Bay_Cellular,AK,20700001002352,100.0,,,,100.0
Bristol_Bay_Cellular,AK,20700001002355,100.0,,,,100.0
Bristol_Bay_Cellular,AK,20700001002356,100.0,,,,100.0
Bristol_Bay_Cellular,AK,20700001002357,100.0,,,,100.0
Bristol_Bay_Cellular,AK,20700001002358,100.0,,,,100.0
Bristol_Bay_Cellular,AK,20700001002359,100.0,,,,100.0
Bristol_Bay_Cellular,AK,20700001002360,100.0,,,,100.0
Bristol_Bay_Cellular,AK,20700001002361,100.0,,,,100.0
Bristol_Bay_Cellular,AK,20700001002362,100.0,,,,100.0
Bristol_Bay_Cellular,AK,20700001002363,100.0,,,,100.0
Bristol_Bay_Cellular,AK,20700001002364,100.0,,,,100.0
Bristol_Bay_Cellular,AK,20700001002365,16.83,,,,16.83
Bristol_Bay_Cellular,AK,20700001002366,69.143,,,,69.143
Bristol_Bay_Cellular,AK,20700001002367,100.0,,,,100.0
Bristol_Bay_Cellular,AK,20700001002369,62.143,,,,62.143
Bristol_Bay_Cellular,AK,20700001002370,91.704,,,,91.704
Bristol_Bay_Cellular,AK,20700001002371,100.0,,,,100.0
Bristol_Bay_Cellular,AK,20700001002372,21.189,,,,21.189
Bristol_Bay_Cellular,AK,20700001002373,0.281,,,,0.281
Bristol_Bay_Cellular,AK,20700001002374,0.211,,,,0.211
Bristol_Bay_Cellular,AK,20700001002379,1.911,,,,1.911
Bristol_Bay_Cellular,AK,20700001002389,100.0,,,,100.0
Bristol_Bay_Cellular,AK,20700001002390,58.023,,,,58.023
Bristol_Bay_Cellular,AK,20700001002391,5.334,,,,5.334
Bristol_Bay_Cellular,AK,20700001002392,100.0,,,,100.0
Bristol_Bay_Cellular,AK,20700001002396,55.752,,,,55.752
Bristol_Bay_Cellular,AK,20700001002397,100.0,,,,100.0
Bristol_Bay_Cellular,AK,20700001002398,100.0,,,,100.0
Bristol_Bay_Cellular,AK,20700001002399,100.0,,,,100.0
Bristol_Bay_Cellular,AK,20700001002400,100.0,,,,100.0
Bristol_Bay_Cellular,AK,20700001002401,99.64,,,,99.64
Bristol_Bay_Cellular,AK,20700001002402,100.0,,,,100.0
Bristol_Bay_Cellular,AK,20700001002403,100.0,,,,100.0
Bristol_Bay_Cellular,AK,20700001002404,100.0,,,,100.0
Bristol_Bay_Cellular,AK,20700001002405,100.0,,,,100.0
Bristol_Bay_Cellular,AK,20700001002406,100.0,,,,100.0
Bristol_Bay_Cellular,AK,20700001002407,100.0,,,,100.0
Bristol_Bay_Cellular,AK,20700001002408,100.0,,,,100.0
Bristol_Bay_Cellular,AK,20700001002409,100.0,,,,100.0
Bristol_Bay_Cellular,AK,20700001002410,100.0,,,,100.0
Bristol_Bay_Cellular,AK,20700001002411,100.0,,,,100.0
Bristol_Bay_Cellular,AK,20700001002412,100.0,,,,100.0
Bristol_Bay_Cellular,AK,20700001002413,100.0,,,,100.0
Bristol_Bay_Cellular,AK,20700001002414,100.0,,,,100.0
Bristol_Bay_Cellular,AK,20700001002415,100.0,,,,100.0
Bristol_Bay_Cellular,AK,20700001002417,100.0,,,,100.0
Bristol_Bay_Cellular,AK,20700001002418,96.342,,,,96.342
Bristol_Bay_Cellular,AK,20700001002419,42.41,,,,42.41
Bristol_Bay_Cellular,AK,20700001002420,46.742,,,,46.742
Bristol_Bay_Cellular,AK,20700001002421,41.51,,,,41.51
Bristol_Bay_Cellular,AK,20700001002422,100.0,,,,100.0
Bristol_Bay_Cellular,AK,20700001002423,100.0,,,,100.0
Bristol_Bay_Cellular,AK,20700001002424,100.0,,,,100.0
Bristol_Bay_Cellular,AK,20700001002425,100.0,,,,100.0
Bristol_Bay_Cellular,AK,20700001002426,100.0,,,,100.0
Bristol_Bay_Cellular,AK,20700001002427,60.52,,,,60.52
Bristol_Bay_Cellular,AK,20700001002469,100.0,,,,100.0
Bristol_Bay_Cellular,AK,20700001002470,100.0,,,,100.0
Bristol_Bay_Cellular,AK,20700001002471,100.0,,,,100.0
Bristol_Bay_Cellular,AK,20700001002472,100.0,,,,100.0
Bristol_Bay_Cellular,AK,20700001002477,100.0,,,,100.0
Bristol_Bay_Cellular,AK,20700001002483,100.0,,,,100.0
Bristol_Bay_Cellular,AK,20700001002484,42.293,,,,42.293
Bristol_Bay_Cellular,AK,20700001002485,100.0,,,,100.0
Bristol_Bay_Cellular,AK,20700002001002,1.745,,,,1.745
Bristol_Bay_Cellular,AK,20700002001003,100.0,,,,100.0
Bristol_Bay_Cellular,AK,20700002001004,16.331,,,,16.331
Bristol_Bay_Cellular,AK,20700002001006,100.0,,,,100.0
Bristol_Bay_Cellular,AK,20700002001007,74.094,,,,74.094
Bristol_Bay_Cellular,AK,20700002001008,71.709,,,,71.709
Bristol_Bay_Cellular,AK,20700002001010,20.118,,,,20.118
Bristol_Bay_Cellular,AK,20700002001018,2.341,,,,2.341
Bristol_Bay_Cellular,AK,20700002001019,99.505,,,,99.505
Bristol_Bay_Cellular,AK,20700002001020,100.0,,,,100.0
Bristol_Bay_Cellular,AK,20700002001021,100.0,,,,100.0
Bristol_Bay_Cellular,AK,20700002001022,100.0,,,,100.0
Bristol_Bay_Cellular,AK,20700002001023,99.731,,,,99.731
Bristol_Bay_Cellular,AK,20700002001024,3.382,,,,3.382
Bristol_Bay_Cellular,AK,20700002001025,100.0,,,,100.0
Bristol_Bay_Cellular,AK,20700002001026,100.0,,,,100.0
Bristol_Bay_Cellular,AK,20700002002000,56.048,,,,56.048
Bristol_Bay_Cellular,AK,20700002002001,65.027,,,,65.027
Bristol_Bay_Cellular,AK,20700002002002,95.436,,,,95.436
Bristol_Bay_Cellular,AK,20700002002003,100.0,,,,100.0
Bristol_Bay_Cellular,AK,20700002002004,100.0,,,,100.0
Bristol_Bay_Cellular,AK,20700002002005,100.0,,,,100.0
Bristol_Bay_Cellular,AK,20700002002006,100.0,,,,100.0
Bristol_Bay_Cellular,AK,20700002002007,100.0,,,,100.0
Bristol_Bay_Cellular,AK,20700002002008,100.0,,,,100.0
Bristol_Bay_Cellular,AK,20700002002009,100.0,,,,100.0
Bristol_Bay_Cellular,AK,20700002002010,100.0,,,,100.0
Bristol_Bay_Cellular,AK,20700002002011,100.0,,,,100.0
Bristol_Bay_Cellular,AK,20700002002012,100.0,,,,100.0
Bristol_Bay_Cellular,AK,20700002002013,100.0,,,,100.0
Bristol_Bay_Cellular,AK,20700002002014,100.0,,,,100.0
Bristol_Bay_Cellular,AK,20700002002015,100.0,,,,100.0
Bristol_Bay_Cellular,AK,20700002002016,100.0,,,,100.0
Bristol_Bay_Cellular,AK,20700002002017,100.0,,,,100.0
Bristol_Bay_Cellular,AK,20700002002018,100.0,,,,100.0
Bristol_Bay_Cellular,AK,20700002002019,100.0,,,,100.0
Bristol_Bay_Cellular,AK,20700002002020,100.0,,,,100.0
Bristol_Bay_Cellular,AK,20700002002021,100.0,,,,100.0
Bristol_Bay_Cellular,AK,20700002002022,100.0,,,,100.0
Bristol_Bay_Cellular,AK,20700002002023,100.0,,,,100.0
Bristol_Bay_Cellular,AK,20700002002024,100.0,,,,100.0
Bristol_Bay_Cellular,AK,20700002002025,100.0,,,,100.0
Bristol_Bay_Cellular,AK,20700002003000,91.3,,,,91.3
Bristol_Bay_Cellular,AK,20700002003001,100.0,,,,100.0
Bristol_Bay_Cellular,AK,20700002003002,100.0,,,,100.0
Bristol_Bay_Cellular,AK,20700002003003,56.966,,,,56.966
Bristol_Bay_Cellular,AK,20700002003004,100.0,,,,100.0
Bristol_Bay_Cellular,AK,20700002003005,100.0,,,,100.0
Bristol_Bay_Cellular,AK,20700002003006,100.0,,,,100.0
Bristol_Bay_Cellular,AK,20700002003007,100.0,,,,100.0
Bristol_Bay_Cellular,AK,20700002003009,100.0,,,,100.0
Bristol_Bay_Cellular,AK,20700002003010,67.391,,,,67.391
Bristol_Bay_Cellular,AK,20700002003011,19.97,,,,19.97
Bristol_Bay_Cellular,AK,20700002003013,100.0,,,,100.0
Bristol_Bay_Cellular,AK,20700002003014,100.0,,,,100.0
Bristol_Bay_Cellular,AK,20700002003015,100.0,,,,100.0
Bristol_Bay_Cellular,AK,20700002003016,100.0,,,,100.0
Bristol_Bay_Cellular,AK,20700002003017,100.0,,,,100.0
Bristol_Bay_Cellular,AK,20700002003018,94.765,,,,94.765
Bristol_Bay_Cellular,AK,20700002003019,100.0,,,,100.0
Bristol_Bay_Cellular,AK,21640001001042,7.354,,,,7.354
Bristol_Bay_Cellular,AK,21640001001043,9.81,,,,9.81
Bristol_Bay_Cellular,AK,21640001001044,93.892,,,,93.892
Bristol_Bay_Cellular,AK,21640001001045,13.374,,,,13.374
Bristol_Bay_Cellular,AK,21640001001046,60.432,,,,60.432
Bristol_Bay_Cellular,AK,21640001001047,100.0,,,,100.0
Bristol_Bay_Cellular,AK,21640001001048,100.0,,,,100.0
Bristol_Bay_Cellular,AK,21640001001049,100.0,,,,100.0
Bristol_Bay_Cellular,AK,21640001001163,2.121,,,,2.121
Bristol_Bay_Cellular,AK,21640001001167,5.63,,,,5.63
Bristol_Bay_Cellular,AK,21640001001168,89.261,,,,89.261
Bristol_Bay_Cellular,AK,21640001001171,13.643,,,,13.643
Bristol_Bay_Cellular,AK,21640001001172,100.0,,,,100.0
Bristol_Bay_Cellular,AK,21640001001181,0.679,,,,0.679
Bristol_Bay_Cellular,AK,21640001001185,1.524,,,,1.524
Bristol_Bay_Cellular,AK,21640001001196,8.784,,,,8.784
Bristol_Bay_Cellular,AK,21640001001203,4.092,,,,4.092
Bristol_Bay_Cellular,AK,21640001001204,72.252,,,,72.252
Bristol_Bay_Cellular,AK,21640001001205,43.167,,,,43.167
Bristol_Bay_Cellular,AK,21640001001206,93.645,,,,93.645
Bristol_Bay_Cellular,AK,21640001001208,34.232,,,,34.232
Bristol_Bay_Cellular,AK,21640001001211,35.353,,,,35.353
Bristol_Bay_Cellular,AK,21640001001254,100.0,,,,100.0
Bristol_Bay_Cellular,AK,21640001001255,99.758,,,,99.758
Bristol_Bay_Cellular,AK,21640001001256,100.0,,,,100.0
Bristol_Bay_Cellular,AK,21640001001257,100.0,,,,100.0
Bristol_Bay_Cellular,AK,21640001001258,100.0,,,,100.0
Bristol_Bay_Cellular,AK,21640001001259,100.0,,,,100.0
Bristol_Bay_Cellular,AK,21640001001270,100.0,,,,100.0
Bristol_Bay_Cellular,AK,21640001001271,100.0,,,,100.0
Bristol_Bay_Cellular,AK,21640001001272,100.0,,,,100.0
Bristol_Bay_Cellular,AK,21640001001273,100.0,,,,100.0
Bristol_Bay_Cellular,AK,21640001001274,100.0,,,,100.0
Bristol_Bay_Cellular,AK,21640001001275,100.0,,,,100.0
Bristol_Bay_Cellular,AK,21640001001276,100.0,,,,100.0
Bristol_Bay_Cellular,AK,21640001001277,100.0,,,,100.0
Bristol_Bay_Cellular,AK,21640001001278,100.0,,,,100.0
Bristol_Bay_Cellular,AK,21640001001279,100.0,,,,100.0
Bristol_Bay_Cellular,AK,21640001001282,100.0,,,,100.0
Bristol_Bay_Cellular,AK,21640001001283,100.0,,,,100.0
Bristol_Bay_Cellular,AK,21640001001284,100.0,,,,100.0
Bristol_Bay_Cellular,AK,21640001001285,100.0,,,,100.0
Bristol_Bay_Cellular,AK,21640001001286,100.0,,,,100.0
Bristol_Bay_Cellular,AK,21640001001287,100.0,,,,100.0
Bristol_Bay_Cellular,AK,21640001001288,100.0,,,,100.0
Bristol_Bay_Cellular,AK,21640001001289,100.0,,,,100.0
Bristol_Bay_Cellular,AK,21640001001290,100.0,,,,100.0
Bristol_Bay_Cellular,AK,21640001001291,100.0,,,,100.0
Bristol_Bay_Cellular,AK,21640001001292,100.0,,,,100.0
Bristol_Bay_Cellular,AK,21640001001293,100.0,,,,100.0
Bristol_Bay_Cellular,AK,21640001001294,100.0,,,,100.0
Bristol_Bay_Cellular,AK,21640001001301,100.0,,,,100.0
Bristol_Bay_Cellular,AK,21640001001302,100.0,,,,100.0
Bristol_Bay_Cellular,AK,21640001001303,100.0,,,,100.0
Bristol_Bay_Cellular,AK,21640001002001,1.93,,,,1.93
Bristol_Bay_Cellular,AK,21640001002006,17.102,,,,17.102
Bristol_Bay_Cellular,AK,21640001002014,1.015,,,,1.015
Bristol_Bay_Cellular,AK,21640001002016,14.665,,,,14.665
Bristol_Bay_Cellular,AK,21640001002017,64.922,,,,64.922
Bristol_Bay_Cellular,AK,21640001002018,99.973,,,,99.973
Bristol_Bay_Cellular,AK,21640001002019,0.266,,,,0.266
Bristol_Bay_Cellular,AK,21640001002020,99.877,,,,99.877
Bristol_Bay_Cellular,AK,21640001002021,95.911,,,,95.911
Bristol_Bay_Cellular,AK,21640001002039,8.326,,,,8.326
Bristol_Bay_Cellular,AK,21640001002040,100.0,,,,100.0
Bristol_Bay_Cellular,AK,21640001002047,100.0,,,,100.0
Bristol_Bay_Cellular,AK,21640001002049,100.0,,,,100.0
Bristol_Bay_Cellular,AK,21640001002050,69.269,,,,69.269
Bristol_Bay_Cellular,AK,21640001002051,100.0,,,,100.0
Bristol_Bay_Cellular,AK,21640001002052,100.0,,,,100.0
Bristol_Bay_Cellular,AK,21640001002056,100.0,,,,100.0
Bristol_Bay_Cellular,AK,21640001002057,100.0,,,,100.0
Bristol_Bay_Cellular,AK,21640001002058,100.0,,,,100.0
Bristol_Bay_Cellular,AK,21640001002059,100.0,,,,100.0
Bristol_Bay_Cellular,AK,21640001002060,100.0,,,,100.0
Bristol_Bay_Cellular,AK,21640001002061,100.0,,,,100.0
Bristol_Bay_Cellular,AK,21640001002062,100.0,,,,100.0
Bristol_Bay_Cellular,AK,21640001002063,100.0,,,,100.0
Bristol_Bay_Cellular,AK,21640001002064,100.0,,,,100.0
Bristol_Bay_Cellular,AK,21640001002069,32.035,,,,32.035
Bristol_Bay_Cellular,AK,21640001002073,47.874,,,,47.874
Bristol_Bay_Cellular,AK,21640001002080,5.53,,,,5.53
Bristol_Bay_Cellular,AK,21640001002081,100.0,,,,100.0
Bristol_Bay_Cellular,AK,21640001002082,36.488,,,,36.488
Bristol_Bay_Cellular,AK,21640001002083,39.442,,,,39.442
Bristol_Bay_Cellular,AK,21640001002087,39.475,,,,39.475
Bristol_Bay_Cellular,AK,21640001002088,56.161,,,,56.161
Bristol_Bay_Cellular,AK,21640001002089,5.201,,,,5.201
Bristol_Bay_Cellular,AK,21640001002091,100.0,,,,100.0
Bristol_Bay_Cellular,AK,21640001002092,99.132,,,,99.132
Bristol_Bay_Cellular,AK,21640001002093,100.0,,,,100.0
Bristol_Bay_Cellular,AK,21640001002094,100.0,,,,100.0
Bristol_Bay_Cellular,AK,21640001002095,100.0,,,,100.0
Bristol_Bay_Cellular,AK,21640001002096,100.0,,,,100.0
Bristol_Bay_Cellular,AK,21640001002097,100.0,,,,100.0
Bristol_Bay_Cellular,AK,21640001002098,100.0,,,,100.0
Bristol_Bay_Cellular,AK,21640001002099,99.979,,,,99.979
Bristol_Bay_Cellular,AK,21640001002100,100.0,,,,100.0
Bristol_Bay_Cellular,AK,21640001002101,86.157,,,,86.157
Bristol_Bay_Cellular,AK,21640001002102,100.0,,,,100.0
Bristol_Bay_Cellular,AK,21640001002103,100.0,,,,100.0
Bristol_Bay_Cellular,AK,21640001002104,100.0,,,,100.0
Bristol_Bay_Cellular,AK,21640001002105,100.0,,,,100.0
Bristol_Bay_Cellular,AK,21640001002106,100.0,,,,100.0
Bristol_Bay_Cellular,AK,21640001002107,100.0,,,,100.0
Bristol_Bay_Cellular,AK,21640001002108,100.0,,,,100.0
Bristol_Bay_Cellular,AK,21640001002109,100.0,,,,100.0
Bristol_Bay_Cellular,AK,21640001002110,100.0,,,,100.0
Bristol_Bay_Cellular,AK,21640001002111,100.0,,,,100.0
Bristol_Bay_Cellular,AK,21640001002112,100.0,,,,100.0
Bristol_Bay_Cellular,AK,21640001002113,100.0,,,,100.0
Bristol_Bay_Cellular,AK,21640001002114,100.0,,,,100.0
Bristol_Bay_Cellular,AK,21640001002115,100.0,,,,100.0
Bristol_Bay_Cellular,AK,21640001002116,100.0,,,,100.0
Bristol_Bay_Cellular,AK,21640001002117,1.284,,,,1.284
Bristol_Bay_Cellular,AK,21640001002118,6.487,,,,6.487
Bristol_Bay_Cellular,AK,21640001002119,100.0,,,,100.0
Bristol_Bay_Cellular,AK,21640001002121,4.562,,,,4.562
Bristol_Bay_Cellular,AK,21640001002124,100.0,,,,100.0
Bristol_Bay_Cellular,AK,21640001002126,100.0,,,,100.0
Bristol_Bay_Cellular,AK,21640001002424,100.0,,,,100.0
Bristol_Bay_Cellular,AK,21640001002425,100.0,,,,100.0
Bristol_Bay_Cellular,AK,21640001002426,100.0,,,,100.0
Bristol_Bay_Cellular,AK,21640001002427,100.0,,,,100.0
Bristol_Bay_Cellular,AK,21640001002428,100.0,,,,100.0
Bristol_Bay_Cellular,AK,21640001002429,100.0,,,,100.0
Bristol_Bay_Cellular,AK,21640001002430,100.0,,,,100.0
Bristol_Bay_Cellular,AK,21640001002431,100.0,,,,100.0
Bristol_Bay_Cellular,AK,21640001002432,100.0,,,,100.0
Bristol_Bay_Cellular,AK,21640001002433,100.0,,,,100.0
Bristol_Bay_Cellular,AK,21640001002434,100.0,,,,100.0
Bristol_Bay_Cellular,AK,21640001002435,100.0,,,,100.0
Bristol_Bay_Cellular,AK,21640001002436,100.0,,,,100.0
Bristol_Bay_Cellular,AK,21640001002437,100.0,,,,100.0
Bristol_Bay_Cellular,AK,21640001002438,17.875,,,,17.875
Bristol_Bay_Cellular,AK,21640001002439,4.558,,,,4.558
Bristol_Bay_Cellular,AK,21640001002440,3.251,,,,3.251
Bristol_Bay_Cellular,AK,21640001002441,98.226,,,,98.226
Bristol_Bay_Cellular,AK,21640001002442,31.93,,,,31.93
Bristol_Bay_Cellular,AK,21640001002443,100.0,,,,100.0
Bristol_Bay_Cellular,AK,21640001002444,0.034,,,,0.034
Bristol_Bay_Cellular,AK,21640001002445,31.345,,,,31.345
Bristol_Bay_Cellular,AK,21640001002447,81.266,,,,81.266
Bristol_Bay_Cellular,AK,21640001002448,65.515,,,,65.515
Bristol_Bay_Cellular,AK,21640001002449,13.096,,,,13.096
Bristol_Bay_Cellular,AK,21640001002450,100.0,,,,100.0
Bristol_Bay_Cellular,AK,21640001002451,100.0,,,,100.0
Bristol_Bay_Cellular,AK,21640001002452,31.96,,,,31.96
Bristol_Bay_Cellular,AK,21640001002455,100.0,,,,100.0
Bristol_Bay_Cellular,AK,21640001002461,100.0,,,,100.0
Bristol_Bay_Cellular,AK,21640001002517,100.0,,,,100.0
