LogRecNo,dbaName,StateAbbr,TechCode,BlockCode
112195821,Choice_Wireless__LC,TX,86,480090201001006
112195822,Choice_Wireless__LC,TX,86,480090201001007
112195823,Choice_Wireless__LC,TX,86,480090201001008
112195824,Choice_Wireless__LC,TX,86,480090201001009
112195825,Choice_Wireless__LC,TX,86,480090201001010
112195826,Choice_Wireless__LC,TX,86,480090201001011
112195827,Choice_Wireless__LC,TX,86,480090201001012
112195828,Choice_Wireless__LC,TX,86,480090201001013
112195829,Choice_Wireless__LC,TX,86,480090201001014
112195830,Choice_Wireless__LC,TX,86,480090201001015
112195831,Choice_Wireless__LC,TX,86,480090201001016
112195832,Choice_Wireless__LC,TX,86,480090201001017
112195833,Choice_Wireless__LC,TX,86,480090201001019
112195834,Choice_Wireless__LC,TX,86,480090201001020
112195835,Choice_Wireless__LC,TX,86,480090201001021
112195836,Choice_Wireless__LC,TX,86,480090201001022
112195837,Choice_Wireless__LC,TX,86,480090201001023
112195838,Choice_Wireless__LC,TX,86,480090201001024
112195839,Choice_Wireless__LC,TX,86,480090201001025
112195840,Choice_Wireless__LC,TX,86,480090201001026
112195841,Choice_Wireless__LC,TX,86,480090201001034
112195842,Choice_Wireless__LC,TX,86,480090201001035
112195843,Choice_Wireless__LC,TX,86,480090201001036
112195844,Choice_Wireless__LC,TX,86,480090201001042
112195845,Choice_Wireless__LC,TX,86,480090201001043
112195846,Choice_Wireless__LC,TX,86,480090201001044
112195847,Choice_Wireless__LC,TX,86,480090201001045
112195848,Choice_Wireless__LC,TX,86,480090201001046
112195849,Choice_Wireless__LC,TX,86,480090201001047
112195850,Choice_Wireless__LC,TX,86,480090201001048
112195851,Choice_Wireless__LC,TX,86,480090201002018
112195852,Choice_Wireless__LC,TX,86,480090201002033
112195853,Choice_Wireless__LC,TX,86,480090201002046
112195854,Choice_Wireless__LC,TX,86,480090201002055
112195855,Choice_Wireless__LC,TX,86,480090201002057
112195856,Choice_Wireless__LC,TX,86,480090201002058
112195857,Choice_Wireless__LC,TX,86,480090201002059
112195858,Choice_Wireless__LC,TX,86,480090201002060
112195859,Choice_Wireless__LC,TX,86,480090201002061
112195860,Choice_Wireless__LC,TX,86,480090201002062
112195861,Choice_Wireless__LC,TX,86,480090201002063
112195862,Choice_Wireless__LC,TX,86,480090201002066
112195863,Choice_Wireless__LC,TX,86,480090201002067
112195864,Choice_Wireless__LC,TX,86,480090201002068
112195865,Choice_Wireless__LC,TX,86,480090201002069
112195866,Choice_Wireless__LC,TX,86,480090201002070
112195867,Choice_Wireless__LC,TX,86,480090201002071
112195868,Choice_Wireless__LC,TX,86,480090201002072
112195869,Choice_Wireless__LC,TX,86,480090201002073
112195870,Choice_Wireless__LC,TX,86,480090201002079
112195871,Choice_Wireless__LC,TX,86,480090202001011
112195872,Choice_Wireless__LC,TX,86,480090202001562
112195873,Choice_Wireless__LC,TX,86,480090202001570
112195874,Choice_Wireless__LC,TX,86,480090202001573
112195875,Choice_Wireless__LC,TX,86,480090202001574
112195876,Choice_Wireless__LC,TX,86,480090202001576
112195877,Choice_Wireless__LC,TX,86,480090202001577
112195878,Choice_Wireless__LC,TX,86,480090202001578
112195879,Choice_Wireless__LC,TX,86,480090202001579
112195880,Choice_Wireless__LC,TX,86,480090202001580
112195881,Choice_Wireless__LC,TX,86,480090202001582
112195882,Choice_Wireless__LC,TX,86,480090202001583
112195883,Choice_Wireless__LC,TX,86,480090202001584
112195884,Choice_Wireless__LC,TX,86,480090202001585
112195885,Choice_Wireless__LC,TX,86,480090202001640
112195886,Choice_Wireless__LC,TX,86,480090202001644
112195887,Choice_Wireless__LC,TX,86,480090202001645
112195888,Choice_Wireless__LC,TX,86,480090202001686
112195889,Choice_Wireless__LC,TX,86,480090202001687
112195890,Choice_Wireless__LC,TX,86,480090202001688
112195891,Choice_Wireless__LC,TX,86,480090202001689
112195892,Choice_Wireless__LC,TX,86,480090202001690
112195893,Choice_Wireless__LC,TX,86,480090202001691
112195894,Choice_Wireless__LC,TX,86,480090202001692
112195895,Choice_Wireless__LC,TX,86,480090202001693
112195896,Choice_Wireless__LC,TX,86,480090202001694
112195897,Choice_Wireless__LC,TX,86,480090202001695
112195898,Choice_Wireless__LC,TX,86,480090202001696
112195899,Choice_Wireless__LC,TX,86,480090202001697
112195900,Choice_Wireless__LC,TX,86,480090202001698
112195901,Choice_Wireless__LC,TX,86,480090202001699
112195902,Choice_Wireless__LC,TX,86,480090202001700
112195903,Choice_Wireless__LC,TX,86,480090202001701
112195904,Choice_Wireless__LC,TX,86,480090202001702
112195905,Choice_Wireless__LC,TX,86,480090202001703
112195906,Choice_Wireless__LC,TX,86,480090202001704
112195907,Choice_Wireless__LC,TX,86,480090202001705
112195908,Choice_Wireless__LC,TX,86,480090202001706
112195909,Choice_Wireless__LC,TX,86,480090202001707
112195910,Choice_Wireless__LC,TX,86,480090202001708
112195911,Choice_Wireless__LC,TX,86,480090202001709
112195912,Choice_Wireless__LC,TX,86,480090202001710
112195913,Choice_Wireless__LC,TX,86,480090202001711
112195914,Choice_Wireless__LC,TX,86,480090202001712
112195915,Choice_Wireless__LC,TX,86,480090202001713
112195916,Choice_Wireless__LC,TX,86,480090202001714
112195917,Choice_Wireless__LC,TX,86,480090202001715
112195918,Choice_Wireless__LC,TX,86,480090202001716
112195919,Choice_Wireless__LC,TX,86,480090202001717
112195920,Choice_Wireless__LC,TX,86,480090202001718
112195921,Choice_Wireless__LC,TX,86,480090202001719
112195922,Choice_Wireless__LC,TX,86,480090202001720
112195923,Choice_Wireless__LC,TX,86,480090202001721
112195924,Choice_Wireless__LC,TX,86,480090202001722
112195925,Choice_Wireless__LC,TX,86,480090202001723
112195926,Choice_Wireless__LC,TX,86,480090202001724
112195927,Choice_Wireless__LC,TX,86,480090202001725
112195928,Choice_Wireless__LC,TX,86,480090202001726
112195929,Choice_Wireless__LC,TX,86,480090202001727
112195930,Choice_Wireless__LC,TX,86,480090202001728
112195931,Choice_Wireless__LC,TX,86,480090202001729
112195932,Choice_Wireless__LC,TX,86,480090202001731
112195933,Choice_Wireless__LC,TX,86,480090202001732
112195934,Choice_Wireless__LC,TX,86,480090202001733
112195935,Choice_Wireless__LC,TX,86,480090202001734
112195936,Choice_Wireless__LC,TX,86,480090202002011
112195937,Choice_Wireless__LC,TX,86,480090202002012
112195938,Choice_Wireless__LC,TX,86,480090202002013
112195939,Choice_Wireless__LC,TX,86,480090202002014
112195940,Choice_Wireless__LC,TX,86,480090202002086
112195941,Choice_Wireless__LC,TX,86,480090202002087
112195942,Choice_Wireless__LC,TX,86,480090202003000
112195943,Choice_Wireless__LC,TX,86,480090202003001
112195944,Choice_Wireless__LC,TX,86,480090202003002
112195945,Choice_Wireless__LC,TX,86,480090202003003
112195946,Choice_Wireless__LC,TX,86,480090202003004
112195947,Choice_Wireless__LC,TX,86,480090202003047
112195948,Choice_Wireless__LC,TX,86,480090202003048
112195949,Choice_Wireless__LC,TX,86,480090202003050
112195950,Choice_Wireless__LC,TX,86,480090202003051
112195951,Choice_Wireless__LC,TX,86,480090202003052
112195952,Choice_Wireless__LC,TX,86,480090202003053
112195953,Choice_Wireless__LC,TX,86,480090202003059
112195954,Choice_Wireless__LC,TX,86,480090202003060
112195955,Choice_Wireless__LC,TX,86,480090202003061
112195956,Choice_Wireless__LC,TX,86,480090203001028
112195957,Choice_Wireless__LC,TX,86,480090203001032
112195958,Choice_Wireless__LC,TX,86,480090203001033
112195959,Choice_Wireless__LC,TX,86,480090203001034
112195960,Choice_Wireless__LC,TX,86,480090203001035
112195961,Choice_Wireless__LC,TX,86,480090203001036
112195962,Choice_Wireless__LC,TX,86,480090203001037
112195963,Choice_Wireless__LC,TX,86,480090203001038
112195964,Choice_Wireless__LC,TX,86,480090203001039
112195965,Choice_Wireless__LC,TX,86,480090203001040
112195966,Choice_Wireless__LC,TX,86,480090203001041
112195967,Choice_Wireless__LC,TX,86,480090203001042
112195968,Choice_Wireless__LC,TX,86,480090203001043
112195969,Choice_Wireless__LC,TX,86,480090203001044
112195970,Choice_Wireless__LC,TX,86,480090203001045
112195971,Choice_Wireless__LC,TX,86,480090203001046
112195972,Choice_Wireless__LC,TX,86,480090203001047
112195973,Choice_Wireless__LC,TX,86,480090203001062
112195974,Choice_Wireless__LC,TX,86,480090203001063
112195975,Choice_Wireless__LC,TX,86,480090203001064
112195976,Choice_Wireless__LC,TX,86,480090203001065
112195977,Choice_Wireless__LC,TX,86,480090203001066
112195978,Choice_Wireless__LC,TX,86,480090203001067
112195979,Choice_Wireless__LC,TX,86,480090203001068
112195980,Choice_Wireless__LC,TX,86,480090203001099
112195981,Choice_Wireless__LC,TX,86,480090203001100
112195982,Choice_Wireless__LC,TX,86,480090203001101
112195983,Choice_Wireless__LC,TX,86,480090203001102
112195984,Choice_Wireless__LC,TX,86,480090203001108
112195985,Choice_Wireless__LC,TX,86,480090203001110
112195986,Choice_Wireless__LC,TX,86,480090203001148
112195987,Choice_Wireless__LC,TX,86,480090203001149
112195988,Choice_Wireless__LC,TX,86,480090203001150
112195989,Choice_Wireless__LC,TX,86,480090203001151
112195990,Choice_Wireless__LC,TX,86,480090203001152
112195991,Choice_Wireless__LC,TX,86,480090203001157
112195992,Choice_Wireless__LC,TX,86,480090203001161
112195993,Choice_Wireless__LC,TX,86,480090203001162
112195994,Choice_Wireless__LC,TX,86,480090203001163
112195995,Choice_Wireless__LC,TX,86,480090203001164
112195996,Choice_Wireless__LC,TX,86,480090203001165
112195997,Choice_Wireless__LC,TX,86,480090203001166
112195998,Choice_Wireless__LC,TX,86,480090203001167
112195999,Choice_Wireless__LC,TX,86,480090203001168
112196000,Choice_Wireless__LC,TX,86,480090203001169
112196001,Choice_Wireless__LC,TX,86,480090203001170
112196002,Choice_Wireless__LC,TX,86,480090203001171
112196003,Choice_Wireless__LC,TX,86,480090203001172
112196004,Choice_Wireless__LC,TX,86,480090203001175
112196005,Choice_Wireless__LC,TX,86,480090203001176
112196006,Choice_Wireless__LC,TX,86,480090203001177
112196007,Choice_Wireless__LC,TX,86,480090203001180
112196008,Choice_Wireless__LC,TX,86,480090203001181
112196009,Choice_Wireless__LC,TX,86,480090203002015
112196010,Choice_Wireless__LC,TX,86,480090203002041
112196011,Choice_Wireless__LC,TX,86,480090203002042
112196012,Choice_Wireless__LC,TX,86,480090203002043
112196013,Choice_Wireless__LC,TX,86,480090203002044
112196014,Choice_Wireless__LC,TX,86,480090203002045
112196015,Choice_Wireless__LC,TX,86,480090203002046
112196016,Choice_Wireless__LC,TX,86,480090203002049
112196017,Choice_Wireless__LC,TX,86,480090203002050
112196018,Choice_Wireless__LC,TX,86,480090203002051
112196019,Choice_Wireless__LC,TX,86,480090203002052
112196020,Choice_Wireless__LC,TX,86,480090203002053
112196021,Choice_Wireless__LC,TX,86,480090203002054
112196022,Choice_Wireless__LC,TX,86,480090203002055
112196023,Choice_Wireless__LC,TX,86,480090203002056
112196024,Choice_Wireless__LC,TX,86,480090203002057
112196025,Choice_Wireless__LC,TX,86,480090203002058
112196026,Choice_Wireless__LC,TX,86,480090203002059
112196027,Choice_Wireless__LC,TX,86,480090203002060
112196028,Choice_Wireless__LC,TX,86,480090203002061
112196029,Choice_Wireless__LC,TX,86,480090203002062
112196030,Choice_Wireless__LC,TX,86,480090203002063
112196031,Choice_Wireless__LC,TX,86,480090203002064
112196032,Choice_Wireless__LC,TX,86,480090203002065
112196033,Choice_Wireless__LC,TX,86,480090203002066
112196034,Choice_Wireless__LC,TX,86,480090203002067
112196035,Choice_Wireless__LC,TX,86,480090203002068
112196036,Choice_Wireless__LC,TX,86,480090203002069
112196037,Choice_Wireless__LC,TX,86,480090203002070
112196038,Choice_Wireless__LC,TX,86,480090203002071
112196039,Choice_Wireless__LC,TX,86,480090203002072
112196040,Choice_Wireless__LC,TX,86,480090203002073
112196041,Choice_Wireless__LC,TX,86,480090203002074
112196042,Choice_Wireless__LC,TX,86,480090203002075
112196043,Choice_Wireless__LC,TX,86,480090203002076
112196044,Choice_Wireless__LC,TX,86,480090203002077
112196045,Choice_Wireless__LC,TX,86,480090203002078
112196046,Choice_Wireless__LC,TX,86,480090203002079
112196047,Choice_Wireless__LC,TX,86,480090203002080
112196048,Choice_Wireless__LC,TX,86,480090203002081
112196049,Choice_Wireless__LC,TX,86,480090203002082
112196050,Choice_Wireless__LC,TX,86,480090203002084
112196051,Choice_Wireless__LC,TX,86,480090203002085
112196052,Choice_Wireless__LC,TX,86,480090203002086
112196053,Choice_Wireless__LC,TX,86,480090203002087
112196054,Choice_Wireless__LC,TX,86,480090203002088
112196055,Choice_Wireless__LC,TX,86,480090203002140
112196056,Choice_Wireless__LC,TX,86,480090203002358
112196057,Choice_Wireless__LC,TX,86,480090203003000
112196058,Choice_Wireless__LC,TX,86,480090203003001
112196059,Choice_Wireless__LC,TX,86,480090203003002
112196060,Choice_Wireless__LC,TX,86,480090203003003
112196061,Choice_Wireless__LC,TX,86,480090203003004
112196062,Choice_Wireless__LC,TX,86,480090203003005
112196063,Choice_Wireless__LC,TX,86,480090203003006
112196064,Choice_Wireless__LC,TX,86,480090203003007
112196065,Choice_Wireless__LC,TX,86,480090203003008
112196066,Choice_Wireless__LC,TX,86,480090203003009
112196067,Choice_Wireless__LC,TX,86,480090203003010
112196068,Choice_Wireless__LC,TX,86,480090203003013
112196069,Choice_Wireless__LC,TX,86,480090203003017
112196070,Choice_Wireless__LC,TX,86,480090203003023
112196071,Choice_Wireless__LC,TX,86,480090203003024
112196072,Choice_Wireless__LC,TX,86,480090203003025
112196073,Choice_Wireless__LC,TX,86,480090203003026
112196074,Choice_Wireless__LC,TX,86,480090203003027
112196075,Choice_Wireless__LC,TX,86,480090203003044
112196076,Choice_Wireless__LC,TX,86,480090203003049
112196077,Choice_Wireless__LC,TX,86,480090203003056
112196078,Choice_Wireless__LC,TX,86,480090203003057
112196079,Choice_Wireless__LC,TX,86,480090203003058
112196080,Choice_Wireless__LC,TX,86,480090203003059
112196081,Choice_Wireless__LC,TX,86,480090203003060
112196082,Choice_Wireless__LC,TX,86,480090203003061
112196083,Choice_Wireless__LC,TX,86,480090203003062
112196084,Choice_Wireless__LC,TX,86,480090203003063
112196085,Choice_Wireless__LC,TX,86,480090203003090
112196086,Choice_Wireless__LC,TX,86,480090203003092
112196087,Choice_Wireless__LC,TX,86,480090203003095
112196088,Choice_Wireless__LC,TX,86,480090203003097
112196089,Choice_Wireless__LC,TX,86,480090203003098
112196090,Choice_Wireless__LC,TX,86,480090203003099
112196091,Choice_Wireless__LC,TX,86,480090203003115
112196092,Choice_Wireless__LC,TX,86,480090203003118
112196093,Choice_Wireless__LC,TX,86,480090203003119
112196094,Choice_Wireless__LC,TX,86,480090203003121
112196095,Choice_Wireless__LC,TX,86,480090203003122
112196096,Choice_Wireless__LC,TX,86,480090203004000
112196097,Choice_Wireless__LC,TX,86,480090203004001
112196098,Choice_Wireless__LC,TX,86,480090203004002
112196099,Choice_Wireless__LC,TX,86,480090203004003
112196100,Choice_Wireless__LC,TX,86,480090203004004
112196101,Choice_Wireless__LC,TX,86,480090203004005
112196102,Choice_Wireless__LC,TX,86,480090203004006
112196103,Choice_Wireless__LC,TX,86,480090203004007
112196104,Choice_Wireless__LC,TX,86,480090203004008
112196105,Choice_Wireless__LC,TX,86,480090203004009
112196106,Choice_Wireless__LC,TX,86,480090203004010
112196107,Choice_Wireless__LC,TX,86,480090203004011
112196108,Choice_Wireless__LC,TX,86,480090203004012
112196109,Choice_Wireless__LC,TX,86,480090203004013
112196110,Choice_Wireless__LC,TX,86,480090203004014
112196111,Choice_Wireless__LC,TX,86,480090203004015
112196112,Choice_Wireless__LC,TX,86,480090203004016
112196113,Choice_Wireless__LC,TX,86,480090203004017
112196114,Choice_Wireless__LC,TX,86,480090203004018
112196115,Choice_Wireless__LC,TX,86,480090203004019
112196116,Choice_Wireless__LC,TX,86,480090203004020
112196117,Choice_Wireless__LC,TX,86,480090203004021
112196118,Choice_Wireless__LC,TX,86,480090203004022
112196119,Choice_Wireless__LC,TX,86,480090203004023
112196120,Choice_Wireless__LC,TX,86,480090203004024
112196121,Choice_Wireless__LC,TX,86,480090203004025
112196122,Choice_Wireless__LC,TX,86,480090203004026
112196123,Choice_Wireless__LC,TX,86,480090203004027
112196124,Choice_Wireless__LC,TX,86,480090203004028
112196125,Choice_Wireless__LC,TX,86,480090203004029
112196126,Choice_Wireless__LC,TX,86,480090203004030
112196127,Choice_Wireless__LC,TX,86,480090203004031
112196128,Choice_Wireless__LC,TX,86,480090203004032
112196129,Choice_Wireless__LC,TX,86,480090203004033
112196130,Choice_Wireless__LC,TX,86,480090203004034
112196131,Choice_Wireless__LC,TX,86,480090203004035
112196132,Choice_Wireless__LC,TX,86,484850122003018
112196133,Choice_Wireless__LC,TX,86,484850122003019
112196134,Choice_Wireless__LC,TX,86,484850122003020
112196135,Choice_Wireless__LC,TX,86,484850128004029
112196136,Choice_Wireless__LC,TX,86,485039502001240
112196137,Choice_Wireless__LC,TX,86,485039502001249
112196138,Choice_Wireless__LC,TX,86,485039502001259
112196139,Choice_Wireless__LC,TX,86,485039502001260
112196140,Choice_Wireless__LC,TX,86,485039502001261
112196141,Choice_Wireless__LC,TX,86,485039502001262
112196142,Choice_Wireless__LC,TX,86,485039502001291
112196143,Choice_Wireless__LC,TX,86,485039502001292
112196144,Choice_Wireless__LC,TX,86,485039502001293
112196145,Choice_Wireless__LC,TX,86,485039502001294
112196146,Choice_Wireless__LC,TX,86,485039502001295
112196147,Choice_Wireless__LC,TX,86,485039502001296
112196148,Choice_Wireless__LC,TX,86,485039502002004
112196149,Choice_Wireless__LC,TX,86,485039502002009
112196150,Choice_Wireless__LC,TX,86,485039502002010
112196151,Choice_Wireless__LC,TX,86,485039502002011
112196152,Choice_Wireless__LC,TX,86,485039502002015
112196153,Choice_Wireless__LC,TX,86,485039502002016
112196154,Choice_Wireless__LC,TX,86,485039502002020
112196155,Choice_Wireless__LC,TX,86,485039502002021
112196156,Choice_Wireless__LC,TX,86,485039502002026
112196157,Choice_Wireless__LC,TX,86,485039502002027
112196158,Choice_Wireless__LC,TX,86,485039502002028
112196159,Choice_Wireless__LC,TX,86,485039502002029
112196160,Choice_Wireless__LC,TX,86,485039502002030
112196161,Choice_Wireless__LC,TX,86,485039502002031
112196162,Choice_Wireless__LC,TX,86,485039502002035
112196163,Choice_Wireless__LC,TX,86,485039502002036
112196164,Choice_Wireless__LC,TX,86,485039502002037
112196165,Choice_Wireless__LC,TX,86,485039502002038
112196166,Choice_Wireless__LC,TX,86,485039502002039
112196167,Choice_Wireless__LC,TX,86,485039502002040
112196168,Choice_Wireless__LC,TX,86,485039502002041
112196169,Choice_Wireless__LC,TX,86,485039502002042
112196170,Choice_Wireless__LC,TX,86,485039502002043
112196171,Choice_Wireless__LC,TX,86,485039502002044
112196172,Choice_Wireless__LC,TX,86,485039502002045
112196173,Choice_Wireless__LC,TX,86,485039502002046
112196174,Choice_Wireless__LC,TX,86,485039502002047
112196175,Choice_Wireless__LC,TX,86,485039502002048
112196176,Choice_Wireless__LC,TX,86,485039502002054
112196177,Choice_Wireless__LC,TX,86,485039502002055
112196178,Choice_Wireless__LC,TX,86,485039502002056
112196179,Choice_Wireless__LC,TX,86,485039502002059
112196180,Choice_Wireless__LC,TX,86,485039502002060
112196181,Choice_Wireless__LC,TX,86,485039502002061
112196182,Choice_Wireless__LC,TX,86,485039502002062
112196183,Choice_Wireless__LC,TX,86,485039502002063
112196184,Choice_Wireless__LC,TX,86,485039502002064
112196185,Choice_Wireless__LC,TX,86,485039502002065
112196186,Choice_Wireless__LC,TX,86,485039502002066
112196187,Choice_Wireless__LC,TX,86,485039502002067
112196188,Choice_Wireless__LC,TX,86,485039502002068
112196189,Choice_Wireless__LC,TX,86,485039502002069
112196190,Choice_Wireless__LC,TX,86,485039502002073
112196191,Choice_Wireless__LC,TX,86,485039502002074
112196192,Choice_Wireless__LC,TX,86,485039502002075
112196193,Choice_Wireless__LC,TX,86,485039502002076
112196194,Choice_Wireless__LC,TX,86,485039502002077
112196195,Choice_Wireless__LC,TX,86,485039502002078
112196196,Choice_Wireless__LC,TX,86,485039502002081
112196197,Choice_Wireless__LC,TX,86,485039502002082
112196198,Choice_Wireless__LC,TX,86,485039502002083
112196199,Choice_Wireless__LC,TX,86,485039502002084
112196200,Choice_Wireless__LC,TX,86,485039502002085
112196201,Choice_Wireless__LC,TX,86,485039502002086
112196202,Choice_Wireless__LC,TX,86,485039502002087
112196203,Choice_Wireless__LC,TX,86,485039502002088
112196204,Choice_Wireless__LC,TX,86,485039502002089
112196205,Choice_Wireless__LC,TX,86,485039502002090
112196206,Choice_Wireless__LC,TX,86,485039502002093
112196207,Choice_Wireless__LC,TX,86,485039502002094
112196208,Choice_Wireless__LC,TX,86,485039502002095
112196209,Choice_Wireless__LC,TX,86,485039502002096
112196210,Choice_Wireless__LC,TX,86,485039502002097
112196211,Choice_Wireless__LC,TX,86,485039502002098
112196212,Choice_Wireless__LC,TX,86,485039502002099
112196213,Choice_Wireless__LC,TX,86,485039502002100
112196214,Choice_Wireless__LC,TX,86,485039502002103
112196215,Choice_Wireless__LC,TX,86,485039502002104
112196216,Choice_Wireless__LC,TX,86,485039502002105
112196217,Choice_Wireless__LC,TX,86,485039502002106
112196218,Choice_Wireless__LC,TX,86,485039502002107
112196219,Choice_Wireless__LC,TX,86,485039502002108
112196220,Choice_Wireless__LC,TX,86,485039502003000
112196221,Choice_Wireless__LC,TX,86,485039502003001
112196222,Choice_Wireless__LC,TX,86,485039502003002
112196223,Choice_Wireless__LC,TX,86,485039502003003
112196224,Choice_Wireless__LC,TX,86,485039502003004
112196225,Choice_Wireless__LC,TX,86,485039502003005
112196226,Choice_Wireless__LC,TX,86,485039502003006
112196227,Choice_Wireless__LC,TX,86,485039502003007
112196228,Choice_Wireless__LC,TX,86,485039502003008
112196229,Choice_Wireless__LC,TX,86,485039502003009
112196230,Choice_Wireless__LC,TX,86,485039502003010
112196231,Choice_Wireless__LC,TX,86,485039502003011
112196232,Choice_Wireless__LC,TX,86,485039502003012
112196233,Choice_Wireless__LC,TX,86,485039502003013
112196234,Choice_Wireless__LC,TX,86,485039502003014
112196235,Choice_Wireless__LC,TX,86,485039502003015
112196236,Choice_Wireless__LC,TX,86,485039502003016
112196237,Choice_Wireless__LC,TX,86,485039502003017
112196238,Choice_Wireless__LC,TX,86,485039502003018
112196239,Choice_Wireless__LC,TX,86,485039502003019
112196240,Choice_Wireless__LC,TX,86,485039502003020
112196241,Choice_Wireless__LC,TX,86,485039502003021
112196242,Choice_Wireless__LC,TX,86,485039502003022
112196243,Choice_Wireless__LC,TX,86,485039502003023
112196244,Choice_Wireless__LC,TX,86,485039502003024
112196245,Choice_Wireless__LC,TX,86,485039502003025
112196246,Choice_Wireless__LC,TX,86,485039502003026
112196247,Choice_Wireless__LC,TX,86,485039502003027
112196248,Choice_Wireless__LC,TX,86,485039502003028
112196249,Choice_Wireless__LC,TX,86,485039502003029
112196250,Choice_Wireless__LC,TX,86,485039502003030
112196251,Choice_Wireless__LC,TX,86,485039502003031
112196252,Choice_Wireless__LC,TX,86,485039502003032
112196253,Choice_Wireless__LC,TX,86,485039502003033
112196254,Choice_Wireless__LC,TX,86,485039502003034
112196255,Choice_Wireless__LC,TX,86,485039502003035
112196256,Choice_Wireless__LC,TX,86,485039502003036
112196257,Choice_Wireless__LC,TX,86,485039502003037
112196258,Choice_Wireless__LC,TX,86,485039502003038
112196259,Choice_Wireless__LC,TX,86,485039502003039
112196260,Choice_Wireless__LC,TX,86,485039502003040
112196261,Choice_Wireless__LC,TX,86,485039502003041
112196262,Choice_Wireless__LC,TX,86,485039502003042
112196263,Choice_Wireless__LC,TX,86,485039502003043
112196264,Choice_Wireless__LC,TX,86,485039502004002
112196265,Choice_Wireless__LC,TX,86,485039502004003
112196266,Choice_Wireless__LC,TX,86,485039502004004
112196267,Choice_Wireless__LC,TX,86,485039502004005
112196268,Choice_Wireless__LC,TX,86,485039502004006
112196269,Choice_Wireless__LC,TX,86,485039502004007
112196270,Choice_Wireless__LC,TX,86,485039502004008
112196271,Choice_Wireless__LC,TX,86,485039502004009
112196272,Choice_Wireless__LC,TX,86,485039502004010
112196273,Choice_Wireless__LC,TX,86,485039502004011
112196274,Choice_Wireless__LC,TX,86,485039502004012
112196275,Choice_Wireless__LC,TX,86,485039502004013
112196276,Choice_Wireless__LC,TX,86,485039502004014
112196277,Choice_Wireless__LC,TX,86,485039502004015
112196278,Choice_Wireless__LC,TX,86,485039502004016
112196279,Choice_Wireless__LC,TX,86,485039502004023
112196280,Choice_Wireless__LC,TX,86,485039502004034
112196281,Choice_Wireless__LC,TX,86,485039502004035
112196282,Choice_Wireless__LC,TX,86,485039502004036
112196283,Choice_Wireless__LC,TX,86,485039502004037
112196284,Choice_Wireless__LC,TX,86,485039502004046
112196285,Choice_Wireless__LC,TX,86,485039502004047
112196286,Choice_Wireless__LC,TX,86,485039502004048
112196287,Choice_Wireless__LC,TX,86,485039502004056
112196288,Choice_Wireless__LC,TX,86,485039502004070
112196289,Choice_Wireless__LC,TX,86,485039502004071
