LogRecNo,dbaName,StateAbbr,TechCode,BlockCode
75446,Bristol_Bay_Cellular,AK,86,020600001001000
75447,Bristol_Bay_Cellular,AK,86,020600001001001
75448,Bristol_Bay_Cellular,AK,86,020600001001002
75449,Bristol_Bay_Cellular,AK,86,020600001001003
75450,Bristol_Bay_Cellular,AK,86,020600001001004
75451,Bristol_Bay_Cellular,AK,86,020600001001005
75452,Bristol_Bay_Cellular,AK,86,020600001001006
75453,Bristol_Bay_Cellular,AK,86,020600001001007
75454,Bristol_Bay_Cellular,AK,86,020600001001008
75455,Bristol_Bay_Cellular,AK,86,020600001001009
75456,Bristol_Bay_Cellular,AK,86,020600001001010
75457,Bristol_Bay_Cellular,AK,86,020600001001011
75458,Bristol_Bay_Cellular,AK,86,020600001001015
75459,Bristol_Bay_Cellular,AK,86,020600001001016
75460,Bristol_Bay_Cellular,AK,86,020600001001017
75461,Bristol_Bay_Cellular,AK,86,020600001001018
75462,Bristol_Bay_Cellular,AK,86,020600001001019
75463,Bristol_Bay_Cellular,AK,86,020600001001020
75464,Bristol_Bay_Cellular,AK,86,020600001001021
75465,Bristol_Bay_Cellular,AK,86,020600001001022
75466,Bristol_Bay_Cellular,AK,86,020600001001023
75467,Bristol_Bay_Cellular,AK,86,020600001001024
75468,Bristol_Bay_Cellular,AK,86,020600001001025
75469,Bristol_Bay_Cellular,AK,86,020600001001026
75470,Bristol_Bay_Cellular,AK,86,020600001001027
75471,Bristol_Bay_Cellular,AK,86,020600001001028
75472,Bristol_Bay_Cellular,AK,86,020600001001029
75473,Bristol_Bay_Cellular,AK,86,020600001001030
75474,Bristol_Bay_Cellular,AK,86,020600001001031
75475,Bristol_Bay_Cellular,AK,86,020600001001032
75476,Bristol_Bay_Cellular,AK,86,020600001001033
75477,Bristol_Bay_Cellular,AK,86,020600001001034
75478,Bristol_Bay_Cellular,AK,86,020600001001035
75479,Bristol_Bay_Cellular,AK,86,020600001001036
75480,Bristol_Bay_Cellular,AK,86,020600001001037
75481,Bristol_Bay_Cellular,AK,86,020600001001038
75482,Bristol_Bay_Cellular,AK,86,020600001001039
75483,Bristol_Bay_Cellular,AK,86,020600001001040
75484,Bristol_Bay_Cellular,AK,86,020600001001042
75485,Bristol_Bay_Cellular,AK,86,020600001001043
75486,Bristol_Bay_Cellular,AK,86,020600001001044
75487,Bristol_Bay_Cellular,AK,86,020600001001045
75488,Bristol_Bay_Cellular,AK,86,020600001001046
75489,Bristol_Bay_Cellular,AK,86,020600001001047
75490,Bristol_Bay_Cellular,AK,86,020600001001048
75491,Bristol_Bay_Cellular,AK,86,020600001001049
75492,Bristol_Bay_Cellular,AK,86,020600001001051
75493,Bristol_Bay_Cellular,AK,86,020600001001053
75494,Bristol_Bay_Cellular,AK,86,020600001001054
75495,Bristol_Bay_Cellular,AK,86,020600001001055
75496,Bristol_Bay_Cellular,AK,86,020600001001056
75497,Bristol_Bay_Cellular,AK,86,020600001001057
75498,Bristol_Bay_Cellular,AK,86,020600001001058
75499,Bristol_Bay_Cellular,AK,86,020600001001059
75500,Bristol_Bay_Cellular,AK,86,020600001001060
75501,Bristol_Bay_Cellular,AK,86,020600001001061
75502,Bristol_Bay_Cellular,AK,86,020600001001062
75503,Bristol_Bay_Cellular,AK,86,020600001001063
75504,Bristol_Bay_Cellular,AK,86,020600001001064
75505,Bristol_Bay_Cellular,AK,86,020600001001065
75506,Bristol_Bay_Cellular,AK,86,020600001001067
75507,Bristol_Bay_Cellular,AK,86,020600001001068
75508,Bristol_Bay_Cellular,AK,86,020600001001069
75509,Bristol_Bay_Cellular,AK,86,020600001001070
75510,Bristol_Bay_Cellular,AK,86,020600001001071
75511,Bristol_Bay_Cellular,AK,86,020600001001072
75512,Bristol_Bay_Cellular,AK,86,020600001001073
75513,Bristol_Bay_Cellular,AK,86,020600001001075
75514,Bristol_Bay_Cellular,AK,86,020600001001076
75515,Bristol_Bay_Cellular,AK,86,020600001001077
75516,Bristol_Bay_Cellular,AK,86,020600001001078
75517,Bristol_Bay_Cellular,AK,86,020600001001079
75518,Bristol_Bay_Cellular,AK,86,020600001001081
75519,Bristol_Bay_Cellular,AK,86,020600001001082
75520,Bristol_Bay_Cellular,AK,86,020600001001083
75521,Bristol_Bay_Cellular,AK,86,020600001001084
75522,Bristol_Bay_Cellular,AK,86,020600001001085
75523,Bristol_Bay_Cellular,AK,86,020600001001086
75524,Bristol_Bay_Cellular,AK,86,020600001001087
75525,Bristol_Bay_Cellular,AK,86,020600001001088
75526,Bristol_Bay_Cellular,AK,86,020600001001089
75527,Bristol_Bay_Cellular,AK,86,020600001001090
75528,Bristol_Bay_Cellular,AK,86,020600001001091
75529,Bristol_Bay_Cellular,AK,86,020600001001092
75530,Bristol_Bay_Cellular,AK,86,020600001001093
75531,Bristol_Bay_Cellular,AK,86,020600001001094
75532,Bristol_Bay_Cellular,AK,86,020600001001095
75533,Bristol_Bay_Cellular,AK,86,020600001001096
75534,Bristol_Bay_Cellular,AK,86,020600001001097
75535,Bristol_Bay_Cellular,AK,86,020600001001098
75536,Bristol_Bay_Cellular,AK,86,020600001001099
75537,Bristol_Bay_Cellular,AK,86,020600001001100
75538,Bristol_Bay_Cellular,AK,86,020600001001101
75539,Bristol_Bay_Cellular,AK,86,020600001001102
75540,Bristol_Bay_Cellular,AK,86,020600001001103
75541,Bristol_Bay_Cellular,AK,86,020600001001104
75542,Bristol_Bay_Cellular,AK,86,020600001001105
75543,Bristol_Bay_Cellular,AK,86,020600001001106
75544,Bristol_Bay_Cellular,AK,86,020600001001107
75545,Bristol_Bay_Cellular,AK,86,020600001001108
75546,Bristol_Bay_Cellular,AK,86,020600001001109
75547,Bristol_Bay_Cellular,AK,86,020600001001110
75548,Bristol_Bay_Cellular,AK,86,020600001001111
75549,Bristol_Bay_Cellular,AK,86,020600001001113
75550,Bristol_Bay_Cellular,AK,86,020600001001114
75551,Bristol_Bay_Cellular,AK,86,020600001001115
75552,Bristol_Bay_Cellular,AK,86,020600001001116
75553,Bristol_Bay_Cellular,AK,86,020600001001117
75554,Bristol_Bay_Cellular,AK,86,020600001001118
75555,Bristol_Bay_Cellular,AK,86,020600001001121
75556,Bristol_Bay_Cellular,AK,86,020600001001122
75557,Bristol_Bay_Cellular,AK,86,020600001001123
75558,Bristol_Bay_Cellular,AK,86,020600001001124
75559,Bristol_Bay_Cellular,AK,86,020600001001125
75560,Bristol_Bay_Cellular,AK,86,020600001001126
75561,Bristol_Bay_Cellular,AK,86,020600001001127
75562,Bristol_Bay_Cellular,AK,86,020600001001128
75563,Bristol_Bay_Cellular,AK,86,020600001001129
75564,Bristol_Bay_Cellular,AK,86,020600001001130
75565,Bristol_Bay_Cellular,AK,86,020600001001131
75566,Bristol_Bay_Cellular,AK,86,020600001001132
75567,Bristol_Bay_Cellular,AK,86,020600001001133
75568,Bristol_Bay_Cellular,AK,86,020600001001134
75569,Bristol_Bay_Cellular,AK,86,020600001001135
75570,Bristol_Bay_Cellular,AK,86,020600001001136
75571,Bristol_Bay_Cellular,AK,86,020600001001137
75572,Bristol_Bay_Cellular,AK,86,020600001001138
75573,Bristol_Bay_Cellular,AK,86,020600001001139
75574,Bristol_Bay_Cellular,AK,86,020600001001140
75575,Bristol_Bay_Cellular,AK,86,020600001001141
75576,Bristol_Bay_Cellular,AK,86,020600001001142
75577,Bristol_Bay_Cellular,AK,86,020600001001143
75578,Bristol_Bay_Cellular,AK,86,020600001001144
75579,Bristol_Bay_Cellular,AK,86,020600001001145
75580,Bristol_Bay_Cellular,AK,86,020600001001146
75581,Bristol_Bay_Cellular,AK,86,020600001001147
75582,Bristol_Bay_Cellular,AK,86,020600001001148
75583,Bristol_Bay_Cellular,AK,86,020600001001149
75584,Bristol_Bay_Cellular,AK,86,020600001001150
75585,Bristol_Bay_Cellular,AK,86,020600001001151
75586,Bristol_Bay_Cellular,AK,86,020600001001152
75587,Bristol_Bay_Cellular,AK,86,020600001001153
75588,Bristol_Bay_Cellular,AK,86,020600001001154
75589,Bristol_Bay_Cellular,AK,86,020600001001155
75590,Bristol_Bay_Cellular,AK,86,020600001001156
75591,Bristol_Bay_Cellular,AK,86,020600001001157
75592,Bristol_Bay_Cellular,AK,86,020600001001158
75593,Bristol_Bay_Cellular,AK,86,020600001001159
75594,Bristol_Bay_Cellular,AK,86,020600001001160
75595,Bristol_Bay_Cellular,AK,86,020600001001161
75596,Bristol_Bay_Cellular,AK,86,020600001001162
75597,Bristol_Bay_Cellular,AK,86,020600001001163
75598,Bristol_Bay_Cellular,AK,86,020600001001164
75599,Bristol_Bay_Cellular,AK,86,020600001002000
75600,Bristol_Bay_Cellular,AK,86,020600001002001
75601,Bristol_Bay_Cellular,AK,86,020600001002002
75602,Bristol_Bay_Cellular,AK,86,020600001002003
75603,Bristol_Bay_Cellular,AK,86,020600001002004
75604,Bristol_Bay_Cellular,AK,86,020600001002005
75605,Bristol_Bay_Cellular,AK,86,020600001002006
75606,Bristol_Bay_Cellular,AK,86,020600001002007
75607,Bristol_Bay_Cellular,AK,86,020600001002008
75608,Bristol_Bay_Cellular,AK,86,020600001002009
75609,Bristol_Bay_Cellular,AK,86,020600001002010
75610,Bristol_Bay_Cellular,AK,86,020600001002011
75611,Bristol_Bay_Cellular,AK,86,020700001001014
75612,Bristol_Bay_Cellular,AK,86,020700001001018
75613,Bristol_Bay_Cellular,AK,86,020700001001019
75614,Bristol_Bay_Cellular,AK,86,020700001001021
75615,Bristol_Bay_Cellular,AK,86,020700001001022
75616,Bristol_Bay_Cellular,AK,86,020700001001025
75617,Bristol_Bay_Cellular,AK,86,020700001001027
75618,Bristol_Bay_Cellular,AK,86,020700001001028
75619,Bristol_Bay_Cellular,AK,86,020700001001029
75620,Bristol_Bay_Cellular,AK,86,020700001001030
75621,Bristol_Bay_Cellular,AK,86,020700001001031
75622,Bristol_Bay_Cellular,AK,86,020700001001032
75623,Bristol_Bay_Cellular,AK,86,020700001001033
75624,Bristol_Bay_Cellular,AK,86,020700001001034
75625,Bristol_Bay_Cellular,AK,86,020700001001035
75626,Bristol_Bay_Cellular,AK,86,020700001001036
75627,Bristol_Bay_Cellular,AK,86,020700001001037
75628,Bristol_Bay_Cellular,AK,86,020700001001038
75629,Bristol_Bay_Cellular,AK,86,020700001001039
75630,Bristol_Bay_Cellular,AK,86,020700001001040
75631,Bristol_Bay_Cellular,AK,86,020700001001041
75632,Bristol_Bay_Cellular,AK,86,020700001001043
75633,Bristol_Bay_Cellular,AK,86,020700001001044
75634,Bristol_Bay_Cellular,AK,86,020700001001045
75635,Bristol_Bay_Cellular,AK,86,020700001001046
75636,Bristol_Bay_Cellular,AK,86,020700001001047
75637,Bristol_Bay_Cellular,AK,86,020700001001048
75638,Bristol_Bay_Cellular,AK,86,020700001001049
75639,Bristol_Bay_Cellular,AK,86,020700001001050
75640,Bristol_Bay_Cellular,AK,86,020700001001051
75641,Bristol_Bay_Cellular,AK,86,020700001001052
75642,Bristol_Bay_Cellular,AK,86,020700001001053
75643,Bristol_Bay_Cellular,AK,86,020700001001054
75644,Bristol_Bay_Cellular,AK,86,020700001001055
75645,Bristol_Bay_Cellular,AK,86,020700001001056
75646,Bristol_Bay_Cellular,AK,86,020700001001057
75647,Bristol_Bay_Cellular,AK,86,020700001001059
75648,Bristol_Bay_Cellular,AK,86,020700001001065
75649,Bristol_Bay_Cellular,AK,86,020700001001067
75650,Bristol_Bay_Cellular,AK,86,020700001001068
75651,Bristol_Bay_Cellular,AK,86,020700001001072
75652,Bristol_Bay_Cellular,AK,86,020700001001074
75653,Bristol_Bay_Cellular,AK,86,020700001001075
75654,Bristol_Bay_Cellular,AK,86,020700001001076
75655,Bristol_Bay_Cellular,AK,86,020700001001077
75656,Bristol_Bay_Cellular,AK,86,020700001001083
75657,Bristol_Bay_Cellular,AK,86,020700001001084
75658,Bristol_Bay_Cellular,AK,86,020700001001085
75659,Bristol_Bay_Cellular,AK,86,020700001001086
75660,Bristol_Bay_Cellular,AK,86,020700001001087
75661,Bristol_Bay_Cellular,AK,86,020700001001088
75662,Bristol_Bay_Cellular,AK,86,020700001001089
75663,Bristol_Bay_Cellular,AK,86,020700001001090
75664,Bristol_Bay_Cellular,AK,86,020700001001091
75665,Bristol_Bay_Cellular,AK,86,020700001001092
75666,Bristol_Bay_Cellular,AK,86,020700001001093
75667,Bristol_Bay_Cellular,AK,86,020700001001094
75668,Bristol_Bay_Cellular,AK,86,020700001001097
75669,Bristol_Bay_Cellular,AK,86,020700001002012
75670,Bristol_Bay_Cellular,AK,86,020700001002014
75671,Bristol_Bay_Cellular,AK,86,020700001002017
75672,Bristol_Bay_Cellular,AK,86,020700001002020
75673,Bristol_Bay_Cellular,AK,86,020700001002028
75674,Bristol_Bay_Cellular,AK,86,020700001002029
75675,Bristol_Bay_Cellular,AK,86,020700001002030
75676,Bristol_Bay_Cellular,AK,86,020700001002032
75677,Bristol_Bay_Cellular,AK,86,020700001002034
75678,Bristol_Bay_Cellular,AK,86,020700001002035
75679,Bristol_Bay_Cellular,AK,86,020700001002038
75680,Bristol_Bay_Cellular,AK,86,020700001002041
75681,Bristol_Bay_Cellular,AK,86,020700001002042
75682,Bristol_Bay_Cellular,AK,86,020700001002043
75683,Bristol_Bay_Cellular,AK,86,020700001002044
75684,Bristol_Bay_Cellular,AK,86,020700001002048
75685,Bristol_Bay_Cellular,AK,86,020700001002050
75686,Bristol_Bay_Cellular,AK,86,020700001002051
75687,Bristol_Bay_Cellular,AK,86,020700001002052
75688,Bristol_Bay_Cellular,AK,86,020700001002057
75689,Bristol_Bay_Cellular,AK,86,020700001002087
75690,Bristol_Bay_Cellular,AK,86,020700001002089
75691,Bristol_Bay_Cellular,AK,86,020700001002092
75692,Bristol_Bay_Cellular,AK,86,020700001002095
75693,Bristol_Bay_Cellular,AK,86,020700001002096
75694,Bristol_Bay_Cellular,AK,86,020700001002100
75695,Bristol_Bay_Cellular,AK,86,020700001002106
75696,Bristol_Bay_Cellular,AK,86,020700001002107
75697,Bristol_Bay_Cellular,AK,86,020700001002108
75698,Bristol_Bay_Cellular,AK,86,020700001002121
75699,Bristol_Bay_Cellular,AK,86,020700001002130
75700,Bristol_Bay_Cellular,AK,86,020700001002131
75701,Bristol_Bay_Cellular,AK,86,020700001002132
75702,Bristol_Bay_Cellular,AK,86,020700001002133
75703,Bristol_Bay_Cellular,AK,86,020700001002135
75704,Bristol_Bay_Cellular,AK,86,020700001002136
75705,Bristol_Bay_Cellular,AK,86,020700001002137
75706,Bristol_Bay_Cellular,AK,86,020700001002141
75707,Bristol_Bay_Cellular,AK,86,020700001002143
75708,Bristol_Bay_Cellular,AK,86,020700001002144
75709,Bristol_Bay_Cellular,AK,86,020700001002145
75710,Bristol_Bay_Cellular,AK,86,020700001002146
75711,Bristol_Bay_Cellular,AK,86,020700001002147
75712,Bristol_Bay_Cellular,AK,86,020700001002180
75713,Bristol_Bay_Cellular,AK,86,020700001002185
75714,Bristol_Bay_Cellular,AK,86,020700001002198
75715,Bristol_Bay_Cellular,AK,86,020700001002202
75716,Bristol_Bay_Cellular,AK,86,020700001002244
75717,Bristol_Bay_Cellular,AK,86,020700001002263
75718,Bristol_Bay_Cellular,AK,86,020700001002271
75719,Bristol_Bay_Cellular,AK,86,020700001002272
75720,Bristol_Bay_Cellular,AK,86,020700001002275
75721,Bristol_Bay_Cellular,AK,86,020700001002277
75722,Bristol_Bay_Cellular,AK,86,020700001002279
75723,Bristol_Bay_Cellular,AK,86,020700001002280
75724,Bristol_Bay_Cellular,AK,86,020700001002281
75725,Bristol_Bay_Cellular,AK,86,020700001002282
75726,Bristol_Bay_Cellular,AK,86,020700001002283
75727,Bristol_Bay_Cellular,AK,86,020700001002284
75728,Bristol_Bay_Cellular,AK,86,020700001002285
75729,Bristol_Bay_Cellular,AK,86,020700001002287
75730,Bristol_Bay_Cellular,AK,86,020700001002288
75731,Bristol_Bay_Cellular,AK,86,020700001002289
75732,Bristol_Bay_Cellular,AK,86,020700001002290
75733,Bristol_Bay_Cellular,AK,86,020700001002291
75734,Bristol_Bay_Cellular,AK,86,020700001002292
75735,Bristol_Bay_Cellular,AK,86,020700001002293
75736,Bristol_Bay_Cellular,AK,86,020700001002294
75737,Bristol_Bay_Cellular,AK,86,020700001002295
75738,Bristol_Bay_Cellular,AK,86,020700001002296
75739,Bristol_Bay_Cellular,AK,86,020700001002297
75740,Bristol_Bay_Cellular,AK,86,020700001002298
75741,Bristol_Bay_Cellular,AK,86,020700001002299
75742,Bristol_Bay_Cellular,AK,86,020700001002300
75743,Bristol_Bay_Cellular,AK,86,020700001002301
75744,Bristol_Bay_Cellular,AK,86,020700001002302
75745,Bristol_Bay_Cellular,AK,86,020700001002317
75746,Bristol_Bay_Cellular,AK,86,020700001002318
75747,Bristol_Bay_Cellular,AK,86,020700001002319
75748,Bristol_Bay_Cellular,AK,86,020700001002320
75749,Bristol_Bay_Cellular,AK,86,020700001002321
75750,Bristol_Bay_Cellular,AK,86,020700001002322
75751,Bristol_Bay_Cellular,AK,86,020700001002323
75752,Bristol_Bay_Cellular,AK,86,020700001002324
75753,Bristol_Bay_Cellular,AK,86,020700001002325
75754,Bristol_Bay_Cellular,AK,86,020700001002326
75755,Bristol_Bay_Cellular,AK,86,020700001002327
75756,Bristol_Bay_Cellular,AK,86,020700001002328
75757,Bristol_Bay_Cellular,AK,86,020700001002329
75758,Bristol_Bay_Cellular,AK,86,020700001002330
75759,Bristol_Bay_Cellular,AK,86,020700001002331
75760,Bristol_Bay_Cellular,AK,86,020700001002332
75761,Bristol_Bay_Cellular,AK,86,020700001002333
75762,Bristol_Bay_Cellular,AK,86,020700001002334
75763,Bristol_Bay_Cellular,AK,86,020700001002335
75764,Bristol_Bay_Cellular,AK,86,020700001002336
75765,Bristol_Bay_Cellular,AK,86,020700001002337
75766,Bristol_Bay_Cellular,AK,86,020700001002338
75767,Bristol_Bay_Cellular,AK,86,020700001002339
75768,Bristol_Bay_Cellular,AK,86,020700001002340
75769,Bristol_Bay_Cellular,AK,86,020700001002341
75770,Bristol_Bay_Cellular,AK,86,020700001002342
75771,Bristol_Bay_Cellular,AK,86,020700001002343
75772,Bristol_Bay_Cellular,AK,86,020700001002344
75773,Bristol_Bay_Cellular,AK,86,020700001002345
75774,Bristol_Bay_Cellular,AK,86,020700001002352
75775,Bristol_Bay_Cellular,AK,86,020700001002355
75776,Bristol_Bay_Cellular,AK,86,020700001002356
75777,Bristol_Bay_Cellular,AK,86,020700001002357
75778,Bristol_Bay_Cellular,AK,86,020700001002358
75779,Bristol_Bay_Cellular,AK,86,020700001002359
75780,Bristol_Bay_Cellular,AK,86,020700001002360
75781,Bristol_Bay_Cellular,AK,86,020700001002361
75782,Bristol_Bay_Cellular,AK,86,020700001002362
75783,Bristol_Bay_Cellular,AK,86,020700001002363
75784,Bristol_Bay_Cellular,AK,86,020700001002364
75785,Bristol_Bay_Cellular,AK,86,020700001002366
75786,Bristol_Bay_Cellular,AK,86,020700001002367
75787,Bristol_Bay_Cellular,AK,86,020700001002369
75788,Bristol_Bay_Cellular,AK,86,020700001002370
75789,Bristol_Bay_Cellular,AK,86,020700001002371
75790,Bristol_Bay_Cellular,AK,86,020700001002389
75791,Bristol_Bay_Cellular,AK,86,020700001002390
75792,Bristol_Bay_Cellular,AK,86,020700001002392
75793,Bristol_Bay_Cellular,AK,86,020700001002396
75794,Bristol_Bay_Cellular,AK,86,020700001002397
75795,Bristol_Bay_Cellular,AK,86,020700001002398
75796,Bristol_Bay_Cellular,AK,86,020700001002399
75797,Bristol_Bay_Cellular,AK,86,020700001002400
75798,Bristol_Bay_Cellular,AK,86,020700001002401
75799,Bristol_Bay_Cellular,AK,86,020700001002402
75800,Bristol_Bay_Cellular,AK,86,020700001002403
75801,Bristol_Bay_Cellular,AK,86,020700001002404
75802,Bristol_Bay_Cellular,AK,86,020700001002405
75803,Bristol_Bay_Cellular,AK,86,020700001002406
75804,Bristol_Bay_Cellular,AK,86,020700001002407
75805,Bristol_Bay_Cellular,AK,86,020700001002408
75806,Bristol_Bay_Cellular,AK,86,020700001002409
75807,Bristol_Bay_Cellular,AK,86,020700001002410
75808,Bristol_Bay_Cellular,AK,86,020700001002411
75809,Bristol_Bay_Cellular,AK,86,020700001002412
75810,Bristol_Bay_Cellular,AK,86,020700001002413
75811,Bristol_Bay_Cellular,AK,86,020700001002414
75812,Bristol_Bay_Cellular,AK,86,020700001002415
75813,Bristol_Bay_Cellular,AK,86,020700001002417
75814,Bristol_Bay_Cellular,AK,86,020700001002418
75815,Bristol_Bay_Cellular,AK,86,020700001002419
75816,Bristol_Bay_Cellular,AK,86,020700001002422
75817,Bristol_Bay_Cellular,AK,86,020700001002423
75818,Bristol_Bay_Cellular,AK,86,020700001002424
75819,Bristol_Bay_Cellular,AK,86,020700001002425
75820,Bristol_Bay_Cellular,AK,86,020700001002426
75821,Bristol_Bay_Cellular,AK,86,020700001002427
75822,Bristol_Bay_Cellular,AK,86,020700001002469
75823,Bristol_Bay_Cellular,AK,86,020700001002470
75824,Bristol_Bay_Cellular,AK,86,020700001002471
75825,Bristol_Bay_Cellular,AK,86,020700001002472
75826,Bristol_Bay_Cellular,AK,86,020700001002477
75827,Bristol_Bay_Cellular,AK,86,020700001002483
75828,Bristol_Bay_Cellular,AK,86,020700001002485
75829,Bristol_Bay_Cellular,AK,86,020700002001003
75830,Bristol_Bay_Cellular,AK,86,020700002001006
75831,Bristol_Bay_Cellular,AK,86,020700002001007
75832,Bristol_Bay_Cellular,AK,86,020700002001008
75833,Bristol_Bay_Cellular,AK,86,020700002001010
75834,Bristol_Bay_Cellular,AK,86,020700002001019
75835,Bristol_Bay_Cellular,AK,86,020700002001020
75836,Bristol_Bay_Cellular,AK,86,020700002001021
75837,Bristol_Bay_Cellular,AK,86,020700002001022
75838,Bristol_Bay_Cellular,AK,86,020700002001023
75839,Bristol_Bay_Cellular,AK,86,020700002001025
75840,Bristol_Bay_Cellular,AK,86,020700002001026
75841,Bristol_Bay_Cellular,AK,86,020700002002000
75842,Bristol_Bay_Cellular,AK,86,020700002002001
75843,Bristol_Bay_Cellular,AK,86,020700002002002
75844,Bristol_Bay_Cellular,AK,86,020700002002003
75845,Bristol_Bay_Cellular,AK,86,020700002002004
75846,Bristol_Bay_Cellular,AK,86,020700002002005
75847,Bristol_Bay_Cellular,AK,86,020700002002006
75848,Bristol_Bay_Cellular,AK,86,020700002002007
75849,Bristol_Bay_Cellular,AK,86,020700002002008
75850,Bristol_Bay_Cellular,AK,86,020700002002009
75851,Bristol_Bay_Cellular,AK,86,020700002002010
75852,Bristol_Bay_Cellular,AK,86,020700002002011
75853,Bristol_Bay_Cellular,AK,86,020700002002012
75854,Bristol_Bay_Cellular,AK,86,020700002002013
75855,Bristol_Bay_Cellular,AK,86,020700002002014
75856,Bristol_Bay_Cellular,AK,86,020700002002015
75857,Bristol_Bay_Cellular,AK,86,020700002002016
75858,Bristol_Bay_Cellular,AK,86,020700002002017
75859,Bristol_Bay_Cellular,AK,86,020700002002018
75860,Bristol_Bay_Cellular,AK,86,020700002002019
75861,Bristol_Bay_Cellular,AK,86,020700002002020
75862,Bristol_Bay_Cellular,AK,86,020700002002021
75863,Bristol_Bay_Cellular,AK,86,020700002002022
75864,Bristol_Bay_Cellular,AK,86,020700002002023
75865,Bristol_Bay_Cellular,AK,86,020700002002024
75866,Bristol_Bay_Cellular,AK,86,020700002002025
75867,Bristol_Bay_Cellular,AK,86,020700002003000
75868,Bristol_Bay_Cellular,AK,86,020700002003001
75869,Bristol_Bay_Cellular,AK,86,020700002003002
75870,Bristol_Bay_Cellular,AK,86,020700002003003
75871,Bristol_Bay_Cellular,AK,86,020700002003004
75872,Bristol_Bay_Cellular,AK,86,020700002003005
75873,Bristol_Bay_Cellular,AK,86,020700002003006
75874,Bristol_Bay_Cellular,AK,86,020700002003007
75875,Bristol_Bay_Cellular,AK,86,020700002003009
75876,Bristol_Bay_Cellular,AK,86,020700002003010
75877,Bristol_Bay_Cellular,AK,86,020700002003013
75878,Bristol_Bay_Cellular,AK,86,020700002003014
75879,Bristol_Bay_Cellular,AK,86,020700002003015
75880,Bristol_Bay_Cellular,AK,86,020700002003016
75881,Bristol_Bay_Cellular,AK,86,020700002003017
75882,Bristol_Bay_Cellular,AK,86,020700002003018
75883,Bristol_Bay_Cellular,AK,86,020700002003019
75884,Bristol_Bay_Cellular,AK,86,021640001001044
75885,Bristol_Bay_Cellular,AK,86,021640001001046
75886,Bristol_Bay_Cellular,AK,86,021640001001047
75887,Bristol_Bay_Cellular,AK,86,021640001001048
75888,Bristol_Bay_Cellular,AK,86,021640001001049
75889,Bristol_Bay_Cellular,AK,86,021640001001168
75890,Bristol_Bay_Cellular,AK,86,021640001001172
75891,Bristol_Bay_Cellular,AK,86,021640001001204
75892,Bristol_Bay_Cellular,AK,86,021640001001205
75893,Bristol_Bay_Cellular,AK,86,021640001001206
75894,Bristol_Bay_Cellular,AK,86,021640001001254
75895,Bristol_Bay_Cellular,AK,86,021640001001255
75896,Bristol_Bay_Cellular,AK,86,021640001001256
75897,Bristol_Bay_Cellular,AK,86,021640001001257
75898,Bristol_Bay_Cellular,AK,86,021640001001258
75899,Bristol_Bay_Cellular,AK,86,021640001001259
75900,Bristol_Bay_Cellular,AK,86,021640001001270
75901,Bristol_Bay_Cellular,AK,86,021640001001271
75902,Bristol_Bay_Cellular,AK,86,021640001001272
75903,Bristol_Bay_Cellular,AK,86,021640001001273
75904,Bristol_Bay_Cellular,AK,86,021640001001274
75905,Bristol_Bay_Cellular,AK,86,021640001001275
75906,Bristol_Bay_Cellular,AK,86,021640001001276
75907,Bristol_Bay_Cellular,AK,86,021640001001277
75908,Bristol_Bay_Cellular,AK,86,021640001001278
75909,Bristol_Bay_Cellular,AK,86,021640001001279
75910,Bristol_Bay_Cellular,AK,86,021640001001282
75911,Bristol_Bay_Cellular,AK,86,021640001001283
75912,Bristol_Bay_Cellular,AK,86,021640001001284
75913,Bristol_Bay_Cellular,AK,86,021640001001285
75914,Bristol_Bay_Cellular,AK,86,021640001001286
75915,Bristol_Bay_Cellular,AK,86,021640001001287
75916,Bristol_Bay_Cellular,AK,86,021640001001288
75917,Bristol_Bay_Cellular,AK,86,021640001001289
75918,Bristol_Bay_Cellular,AK,86,021640001001290
75919,Bristol_Bay_Cellular,AK,86,021640001001291
75920,Bristol_Bay_Cellular,AK,86,021640001001292
75921,Bristol_Bay_Cellular,AK,86,021640001001293
75922,Bristol_Bay_Cellular,AK,86,021640001001294
75923,Bristol_Bay_Cellular,AK,86,021640001001301
75924,Bristol_Bay_Cellular,AK,86,021640001001302
75925,Bristol_Bay_Cellular,AK,86,021640001001303
75926,Bristol_Bay_Cellular,AK,86,021640001002017
75927,Bristol_Bay_Cellular,AK,86,021640001002018
75928,Bristol_Bay_Cellular,AK,86,021640001002020
75929,Bristol_Bay_Cellular,AK,86,021640001002021
75930,Bristol_Bay_Cellular,AK,86,021640001002040
75931,Bristol_Bay_Cellular,AK,86,021640001002047
75932,Bristol_Bay_Cellular,AK,86,021640001002049
75933,Bristol_Bay_Cellular,AK,86,021640001002050
75934,Bristol_Bay_Cellular,AK,86,021640001002051
75935,Bristol_Bay_Cellular,AK,86,021640001002052
75936,Bristol_Bay_Cellular,AK,86,021640001002056
75937,Bristol_Bay_Cellular,AK,86,021640001002057
75938,Bristol_Bay_Cellular,AK,86,021640001002058
75939,Bristol_Bay_Cellular,AK,86,021640001002059
75940,Bristol_Bay_Cellular,AK,86,021640001002060
75941,Bristol_Bay_Cellular,AK,86,021640001002061
75942,Bristol_Bay_Cellular,AK,86,021640001002062
75943,Bristol_Bay_Cellular,AK,86,021640001002063
75944,Bristol_Bay_Cellular,AK,86,021640001002064
75945,Bristol_Bay_Cellular,AK,86,021640001002069
75946,Bristol_Bay_Cellular,AK,86,021640001002081
75947,Bristol_Bay_Cellular,AK,86,021640001002087
75948,Bristol_Bay_Cellular,AK,86,021640001002088
75949,Bristol_Bay_Cellular,AK,86,021640001002091
75950,Bristol_Bay_Cellular,AK,86,021640001002092
75951,Bristol_Bay_Cellular,AK,86,021640001002093
75952,Bristol_Bay_Cellular,AK,86,021640001002094
75953,Bristol_Bay_Cellular,AK,86,021640001002095
75954,Bristol_Bay_Cellular,AK,86,021640001002096
75955,Bristol_Bay_Cellular,AK,86,021640001002097
75956,Bristol_Bay_Cellular,AK,86,021640001002098
75957,Bristol_Bay_Cellular,AK,86,021640001002099
75958,Bristol_Bay_Cellular,AK,86,021640001002100
75959,Bristol_Bay_Cellular,AK,86,021640001002101
75960,Bristol_Bay_Cellular,AK,86,021640001002102
75961,Bristol_Bay_Cellular,AK,86,021640001002103
75962,Bristol_Bay_Cellular,AK,86,021640001002104
75963,Bristol_Bay_Cellular,AK,86,021640001002105
75964,Bristol_Bay_Cellular,AK,86,021640001002106
75965,Bristol_Bay_Cellular,AK,86,021640001002107
75966,Bristol_Bay_Cellular,AK,86,021640001002108
75967,Bristol_Bay_Cellular,AK,86,021640001002109
75968,Bristol_Bay_Cellular,AK,86,021640001002110
75969,Bristol_Bay_Cellular,AK,86,021640001002111
75970,Bristol_Bay_Cellular,AK,86,021640001002112
75971,Bristol_Bay_Cellular,AK,86,021640001002113
75972,Bristol_Bay_Cellular,AK,86,021640001002114
75973,Bristol_Bay_Cellular,AK,86,021640001002115
75974,Bristol_Bay_Cellular,AK,86,021640001002116
75975,Bristol_Bay_Cellular,AK,86,021640001002119
75976,Bristol_Bay_Cellular,AK,86,021640001002124
75977,Bristol_Bay_Cellular,AK,86,021640001002126
75978,Bristol_Bay_Cellular,AK,86,021640001002424
75979,Bristol_Bay_Cellular,AK,86,021640001002425
75980,Bristol_Bay_Cellular,AK,86,021640001002426
75981,Bristol_Bay_Cellular,AK,86,021640001002427
75982,Bristol_Bay_Cellular,AK,86,021640001002428
75983,Bristol_Bay_Cellular,AK,86,021640001002429
75984,Bristol_Bay_Cellular,AK,86,021640001002430
75985,Bristol_Bay_Cellular,AK,86,021640001002431
75986,Bristol_Bay_Cellular,AK,86,021640001002432
75987,Bristol_Bay_Cellular,AK,86,021640001002433
75988,Bristol_Bay_Cellular,AK,86,021640001002434
75989,Bristol_Bay_Cellular,AK,86,021640001002435
75990,Bristol_Bay_Cellular,AK,86,021640001002436
75991,Bristol_Bay_Cellular,AK,86,021640001002437
75992,Bristol_Bay_Cellular,AK,86,021640001002438
75993,Bristol_Bay_Cellular,AK,86,021640001002439
75994,Bristol_Bay_Cellular,AK,86,021640001002441
75995,Bristol_Bay_Cellular,AK,86,021640001002443
75996,Bristol_Bay_Cellular,AK,86,021640001002447
75997,Bristol_Bay_Cellular,AK,86,021640001002448
75998,Bristol_Bay_Cellular,AK,86,021640001002450
75999,Bristol_Bay_Cellular,AK,86,021640001002451
76000,Bristol_Bay_Cellular,AK,86,021640001002455
76001,Bristol_Bay_Cellular,AK,86,021640001002461
76002,Bristol_Bay_Cellular,AK,86,021640001002517
